item_id,order_id,product_name,category,price,quantity
I-000001,O-00001,Mechanical Keyboard,Accessories,130,3
I-000002,O-00001,Webcam 1080p,Accessories,80,2
I-000003,O-00001,Noise Cancelling Headphones,Electronics,300,2
I-000004,O-00001,Webcam 1080p,Accessories,80,1
I-000005,O-00001,Laptop Pro,Electronics,1200,3
I-000006,O-00002,Webcam 1080p,Accessories,80,1
I-000007,O-00002,Office Chair,Furniture,250,2
I-000008,O-00002,Laptop Pro,Electronics,1200,2
I-000009,O-00002,Noise Cancelling Headphones,Electronics,300,3
I-000010,O-00002,Monitor Stand,Accessories,75,3
I-000011,O-00003,Laptop Pro,Electronics,1200,3
I-000012,O-00003,Mechanical Keyboard,Accessories,130,3
I-000013,O-00003,Standing Desk,Furniture,600,2
I-000014,O-00004,Laptop Pro,Electronics,1200,1
I-000015,O-00004,Webcam 1080p,Accessories,80,1
I-000016,O-00004,Wireless Mouse,Accessories,50,3
I-000017,O-00004,Mechanical Keyboard,Accessories,130,3
I-000018,O-00005,4K Monitor,Electronics,400,1
I-000019,O-00006,Noise Cancelling Headphones,Electronics,300,1
I-000020,O-00006,Monitor Stand,Accessories,75,1
I-000021,O-00007,Noise Cancelling Headphones,Electronics,300,1
I-000022,O-00007,Noise Cancelling Headphones,Electronics,300,3
I-000023,O-00007,Standing Desk,Furniture,600,3
I-000024,O-00007,Monitor Stand,Accessories,75,1
I-000025,O-00007,Noise Cancelling Headphones,Electronics,300,1
I-000026,O-00008,Standing Desk,Furniture,600,2
I-000027,O-00008,Laptop Pro,Electronics,1200,3
I-000028,O-00008,Laptop Pro,Electronics,1200,1
I-000029,O-00008,Wireless Mouse,Accessories,50,3
I-000030,O-00009,Webcam 1080p,Accessories,80,2
I-000031,O-00009,Monitor Stand,Accessories,75,3
I-000032,O-00010,Monitor Stand,Accessories,75,3
I-000033,O-00010,Laptop Pro,Electronics,1200,3
I-000034,O-00010,Standing Desk,Furniture,600,3
I-000035,O-00010,Mechanical Keyboard,Accessories,130,1
I-000036,O-00011,Laptop Pro,Electronics,1200,3
I-000037,O-00011,Noise Cancelling Headphones,Electronics,300,2
I-000038,O-00011,Monitor Stand,Accessories,75,3
I-000039,O-00011,Mechanical Keyboard,Accessories,130,1
I-000040,O-00011,Office Chair,Furniture,250,2
I-000041,O-00012,Monitor Stand,Accessories,75,1
I-000042,O-00012,Noise Cancelling Headphones,Electronics,300,1
I-000043,O-00012,Laptop Pro,Electronics,1200,3
I-000044,O-00012,Wireless Mouse,Accessories,50,2
I-000045,O-00013,Office Chair,Furniture,250,3
I-000046,O-00013,4K Monitor,Electronics,400,3
I-000047,O-00013,Office Chair,Furniture,250,2
I-000048,O-00013,Noise Cancelling Headphones,Electronics,300,1
I-000049,O-00013,Webcam 1080p,Accessories,80,3
I-000050,O-00014,Wireless Mouse,Accessories,50,1
I-000051,O-00014,Laptop Pro,Electronics,1200,2
I-000052,O-00014,4K Monitor,Electronics,400,1
I-000053,O-00014,Monitor Stand,Accessories,75,3
I-000054,O-00014,Mechanical Keyboard,Accessories,130,3
I-000055,O-00015,Wireless Mouse,Accessories,50,1
I-000056,O-00015,Webcam 1080p,Accessories,80,1
I-000057,O-00015,Noise Cancelling Headphones,Electronics,300,1
I-000058,O-00016,4K Monitor,Electronics,400,1
I-000059,O-00016,Office Chair,Furniture,250,1
I-000060,O-00017,Noise Cancelling Headphones,Electronics,300,3
I-000061,O-00017,Noise Cancelling Headphones,Electronics,300,1
I-000062,O-00017,Webcam 1080p,Accessories,80,2
I-000063,O-00017,Webcam 1080p,Accessories,80,3
I-000064,O-00017,Mechanical Keyboard,Accessories,130,1
I-000065,O-00018,Laptop Pro,Electronics,1200,2
I-000066,O-00018,Standing Desk,Furniture,600,2
I-000067,O-00018,Mechanical Keyboard,Accessories,130,1
I-000068,O-00019,Laptop Pro,Electronics,1200,1
I-000069,O-00019,4K Monitor,Electronics,400,2
I-000070,O-00020,Mechanical Keyboard,Accessories,130,3
I-000071,O-00020,4K Monitor,Electronics,400,3
I-000072,O-00020,Office Chair,Furniture,250,2
I-000073,O-00020,4K Monitor,Electronics,400,2
I-000074,O-00021,Wireless Mouse,Accessories,50,3
I-000075,O-00021,Office Chair,Furniture,250,2
I-000076,O-00021,Noise Cancelling Headphones,Electronics,300,2
I-000077,O-00021,Standing Desk,Furniture,600,2
I-000078,O-00022,Standing Desk,Furniture,600,2
I-000079,O-00022,Office Chair,Furniture,250,2
I-000080,O-00023,Monitor Stand,Accessories,75,3
I-000081,O-00023,Office Chair,Furniture,250,1
I-000082,O-00023,Mechanical Keyboard,Accessories,130,2
I-000083,O-00023,Wireless Mouse,Accessories,50,1
I-000084,O-00024,Wireless Mouse,Accessories,50,3
I-000085,O-00024,Standing Desk,Furniture,600,3
I-000086,O-00024,4K Monitor,Electronics,400,1
I-000087,O-00024,Standing Desk,Furniture,600,3
I-000088,O-00024,Webcam 1080p,Accessories,80,3
I-000089,O-00025,Standing Desk,Furniture,600,3
I-000090,O-00025,Wireless Mouse,Accessories,50,2
I-000091,O-00025,Laptop Pro,Electronics,1200,3
I-000092,O-00025,Office Chair,Furniture,250,1
I-000093,O-00026,Monitor Stand,Accessories,75,2
I-000094,O-00026,Webcam 1080p,Accessories,80,1
I-000095,O-00026,4K Monitor,Electronics,400,2
I-000096,O-00027,Mechanical Keyboard,Accessories,130,3
I-000097,O-00027,Monitor Stand,Accessories,75,3
I-000098,O-00027,Mechanical Keyboard,Accessories,130,1
I-000099,O-00027,4K Monitor,Electronics,400,3
I-000100,O-00027,Noise Cancelling Headphones,Electronics,300,1
I-000101,O-00028,Wireless Mouse,Accessories,50,1
I-000102,O-00028,4K Monitor,Electronics,400,3
I-000103,O-00028,4K Monitor,Electronics,400,3
I-000104,O-00028,Noise Cancelling Headphones,Electronics,300,2
I-000105,O-00029,Laptop Pro,Electronics,1200,2
I-000106,O-00029,Standing Desk,Furniture,600,2
I-000107,O-00029,Office Chair,Furniture,250,1
I-000108,O-00030,Standing Desk,Furniture,600,3
I-000109,O-00031,Monitor Stand,Accessories,75,1
I-000110,O-00031,Webcam 1080p,Accessories,80,3
I-000111,O-00031,Noise Cancelling Headphones,Electronics,300,2
I-000112,O-00032,Standing Desk,Furniture,600,3
I-000113,O-00033,Noise Cancelling Headphones,Electronics,300,1
I-000114,O-00033,Office Chair,Furniture,250,2
I-000115,O-00033,Mechanical Keyboard,Accessories,130,3
I-000116,O-00034,Monitor Stand,Accessories,75,2
I-000117,O-00034,4K Monitor,Electronics,400,1
I-000118,O-00034,Noise Cancelling Headphones,Electronics,300,3
I-000119,O-00034,Mechanical Keyboard,Accessories,130,2
I-000120,O-00035,Noise Cancelling Headphones,Electronics,300,3
I-000121,O-00035,Monitor Stand,Accessories,75,1
I-000122,O-00035,Noise Cancelling Headphones,Electronics,300,3
I-000123,O-00036,Monitor Stand,Accessories,75,3
I-000124,O-00036,Office Chair,Furniture,250,3
I-000125,O-00037,Wireless Mouse,Accessories,50,3
I-000126,O-00037,Wireless Mouse,Accessories,50,1
I-000127,O-00037,Monitor Stand,Accessories,75,3
I-000128,O-00038,Monitor Stand,Accessories,75,1
I-000129,O-00038,Office Chair,Furniture,250,2
I-000130,O-00039,Mechanical Keyboard,Accessories,130,1
I-000131,O-00039,4K Monitor,Electronics,400,1
I-000132,O-00039,4K Monitor,Electronics,400,1
I-000133,O-00039,Monitor Stand,Accessories,75,3
I-000134,O-00040,Wireless Mouse,Accessories,50,2
I-000135,O-00040,4K Monitor,Electronics,400,1
I-000136,O-00040,Laptop Pro,Electronics,1200,3
I-000137,O-00040,4K Monitor,Electronics,400,2
I-000138,O-00040,Laptop Pro,Electronics,1200,3
I-000139,O-00041,4K Monitor,Electronics,400,1
I-000140,O-00041,Noise Cancelling Headphones,Electronics,300,2
I-000141,O-00041,Standing Desk,Furniture,600,3
I-000142,O-00041,Noise Cancelling Headphones,Electronics,300,2
I-000143,O-00041,Webcam 1080p,Accessories,80,2
I-000144,O-00042,Wireless Mouse,Accessories,50,1
I-000145,O-00042,Monitor Stand,Accessories,75,3
I-000146,O-00043,4K Monitor,Electronics,400,1
I-000147,O-00043,Mechanical Keyboard,Accessories,130,3
I-000148,O-00044,Webcam 1080p,Accessories,80,2
I-000149,O-00044,4K Monitor,Electronics,400,2
I-000150,O-00044,Laptop Pro,Electronics,1200,1
I-000151,O-00045,Laptop Pro,Electronics,1200,3
I-000152,O-00046,Standing Desk,Furniture,600,3
I-000153,O-00046,Noise Cancelling Headphones,Electronics,300,1
I-000154,O-00046,4K Monitor,Electronics,400,3
I-000155,O-00046,Wireless Mouse,Accessories,50,3
I-000156,O-00046,Webcam 1080p,Accessories,80,1
I-000157,O-00047,Mechanical Keyboard,Accessories,130,1
I-000158,O-00048,Mechanical Keyboard,Accessories,130,2
I-000159,O-00048,Laptop Pro,Electronics,1200,2
I-000160,O-00048,Webcam 1080p,Accessories,80,1
I-000161,O-00048,Standing Desk,Furniture,600,3
I-000162,O-00048,Monitor Stand,Accessories,75,3
I-000163,O-00049,Office Chair,Furniture,250,3
I-000164,O-00049,Noise Cancelling Headphones,Electronics,300,3
I-000165,O-00049,Noise Cancelling Headphones,Electronics,300,3
I-000166,O-00049,Monitor Stand,Accessories,75,3
I-000167,O-00050,Monitor Stand,Accessories,75,2
I-000168,O-00051,Standing Desk,Furniture,600,3
I-000169,O-00051,Webcam 1080p,Accessories,80,2
I-000170,O-00051,Laptop Pro,Electronics,1200,2
I-000171,O-00051,4K Monitor,Electronics,400,1
I-000172,O-00052,Standing Desk,Furniture,600,1
I-000173,O-00053,Mechanical Keyboard,Accessories,130,2
I-000174,O-00053,Mechanical Keyboard,Accessories,130,2
I-000175,O-00053,Monitor Stand,Accessories,75,1
I-000176,O-00053,Wireless Mouse,Accessories,50,1
I-000177,O-00053,Noise Cancelling Headphones,Electronics,300,2
I-000178,O-00054,Office Chair,Furniture,250,3
I-000179,O-00054,Noise Cancelling Headphones,Electronics,300,2
I-000180,O-00054,Monitor Stand,Accessories,75,1
I-000181,O-00054,Monitor Stand,Accessories,75,2
I-000182,O-00054,Office Chair,Furniture,250,3
I-000183,O-00055,Mechanical Keyboard,Accessories,130,2
I-000184,O-00055,Monitor Stand,Accessories,75,3
I-000185,O-00055,Mechanical Keyboard,Accessories,130,2
I-000186,O-00055,Office Chair,Furniture,250,3
I-000187,O-00055,Office Chair,Furniture,250,1
I-000188,O-00056,Standing Desk,Furniture,600,2
I-000189,O-00057,Laptop Pro,Electronics,1200,2
I-000190,O-00057,Mechanical Keyboard,Accessories,130,3
I-000191,O-00058,Standing Desk,Furniture,600,1
I-000192,O-00058,Standing Desk,Furniture,600,1
I-000193,O-00058,Wireless Mouse,Accessories,50,2
I-000194,O-00058,Webcam 1080p,Accessories,80,3
I-000195,O-00058,Laptop Pro,Electronics,1200,2
I-000196,O-00059,Laptop Pro,Electronics,1200,1
I-000197,O-00060,Laptop Pro,Electronics,1200,2
I-000198,O-00060,Laptop Pro,Electronics,1200,3
I-000199,O-00060,Monitor Stand,Accessories,75,3
I-000200,O-00061,Office Chair,Furniture,250,2
I-000201,O-00061,Webcam 1080p,Accessories,80,2
I-000202,O-00061,Laptop Pro,Electronics,1200,1
I-000203,O-00061,Standing Desk,Furniture,600,1
I-000204,O-00061,Wireless Mouse,Accessories,50,3
I-000205,O-00062,Office Chair,Furniture,250,1
I-000206,O-00062,Laptop Pro,Electronics,1200,3
I-000207,O-00062,4K Monitor,Electronics,400,1
I-000208,O-00062,Mechanical Keyboard,Accessories,130,2
I-000209,O-00062,Office Chair,Furniture,250,1
I-000210,O-00063,Webcam 1080p,Accessories,80,1
I-000211,O-00064,Noise Cancelling Headphones,Electronics,300,3
I-000212,O-00064,Monitor Stand,Accessories,75,1
I-000213,O-00064,Monitor Stand,Accessories,75,3
I-000214,O-00065,Standing Desk,Furniture,600,1
I-000215,O-00066,Mechanical Keyboard,Accessories,130,3
I-000216,O-00067,Webcam 1080p,Accessories,80,1
I-000217,O-00067,Monitor Stand,Accessories,75,2
I-000218,O-00067,Webcam 1080p,Accessories,80,2
I-000219,O-00067,Office Chair,Furniture,250,3
I-000220,O-00067,4K Monitor,Electronics,400,1
I-000221,O-00068,Wireless Mouse,Accessories,50,3
I-000222,O-00068,Mechanical Keyboard,Accessories,130,2
I-000223,O-00068,4K Monitor,Electronics,400,2
I-000224,O-00069,Noise Cancelling Headphones,Electronics,300,2
I-000225,O-00070,Noise Cancelling Headphones,Electronics,300,1
I-000226,O-00070,4K Monitor,Electronics,400,2
I-000227,O-00070,Standing Desk,Furniture,600,2
I-000228,O-00070,Webcam 1080p,Accessories,80,3
I-000229,O-00070,4K Monitor,Electronics,400,2
I-000230,O-00071,Noise Cancelling Headphones,Electronics,300,1
I-000231,O-00071,Mechanical Keyboard,Accessories,130,3
I-000232,O-00071,Office Chair,Furniture,250,3
I-000233,O-00071,Monitor Stand,Accessories,75,1
I-000234,O-00071,Noise Cancelling Headphones,Electronics,300,2
I-000235,O-00072,Webcam 1080p,Accessories,80,1
I-000236,O-00072,Mechanical Keyboard,Accessories,130,2
I-000237,O-00072,Laptop Pro,Electronics,1200,1
I-000238,O-00072,Noise Cancelling Headphones,Electronics,300,2
I-000239,O-00073,Laptop Pro,Electronics,1200,2
I-000240,O-00073,Webcam 1080p,Accessories,80,1
I-000241,O-00073,Mechanical Keyboard,Accessories,130,3
I-000242,O-00074,Wireless Mouse,Accessories,50,1
I-000243,O-00074,Standing Desk,Furniture,600,2
I-000244,O-00074,Webcam 1080p,Accessories,80,3
I-000245,O-00075,Office Chair,Furniture,250,2
I-000246,O-00075,Office Chair,Furniture,250,1
I-000247,O-00076,Wireless Mouse,Accessories,50,3
I-000248,O-00076,Office Chair,Furniture,250,2
I-000249,O-00077,Noise Cancelling Headphones,Electronics,300,1
I-000250,O-00077,Wireless Mouse,Accessories,50,3
I-000251,O-00078,4K Monitor,Electronics,400,2
I-000252,O-00078,Standing Desk,Furniture,600,2
I-000253,O-00078,Mechanical Keyboard,Accessories,130,3
I-000254,O-00078,Laptop Pro,Electronics,1200,2
I-000255,O-00079,Webcam 1080p,Accessories,80,1
I-000256,O-00079,Noise Cancelling Headphones,Electronics,300,3
I-000257,O-00079,4K Monitor,Electronics,400,2
I-000258,O-00079,Office Chair,Furniture,250,2
I-000259,O-00080,Standing Desk,Furniture,600,3
I-000260,O-00080,Wireless Mouse,Accessories,50,2
I-000261,O-00081,Webcam 1080p,Accessories,80,1
I-000262,O-00081,Laptop Pro,Electronics,1200,2
I-000263,O-00081,Monitor Stand,Accessories,75,1
I-000264,O-00081,Noise Cancelling Headphones,Electronics,300,3
I-000265,O-00082,Mechanical Keyboard,Accessories,130,2
I-000266,O-00082,Standing Desk,Furniture,600,2
I-000267,O-00082,Laptop Pro,Electronics,1200,3
I-000268,O-00082,Wireless Mouse,Accessories,50,2
I-000269,O-00082,4K Monitor,Electronics,400,1
I-000270,O-00083,Office Chair,Furniture,250,2
I-000271,O-00083,Office Chair,Furniture,250,1
I-000272,O-00083,Webcam 1080p,Accessories,80,2
I-000273,O-00083,Monitor Stand,Accessories,75,3
I-000274,O-00083,Wireless Mouse,Accessories,50,2
I-000275,O-00084,Noise Cancelling Headphones,Electronics,300,1
I-000276,O-00084,Office Chair,Furniture,250,3
I-000277,O-00084,Wireless Mouse,Accessories,50,3
I-000278,O-00085,Noise Cancelling Headphones,Electronics,300,1
I-000279,O-00085,Standing Desk,Furniture,600,3
I-000280,O-00086,Noise Cancelling Headphones,Electronics,300,2
I-000281,O-00086,Wireless Mouse,Accessories,50,1
I-000282,O-00086,Noise Cancelling Headphones,Electronics,300,1
I-000283,O-00086,Standing Desk,Furniture,600,2
I-000284,O-00087,Wireless Mouse,Accessories,50,2
I-000285,O-00087,Webcam 1080p,Accessories,80,2
I-000286,O-00087,4K Monitor,Electronics,400,2
I-000287,O-00087,Mechanical Keyboard,Accessories,130,2
I-000288,O-00088,Noise Cancelling Headphones,Electronics,300,2
I-000289,O-00088,Laptop Pro,Electronics,1200,2
I-000290,O-00088,Laptop Pro,Electronics,1200,3
I-000291,O-00088,Wireless Mouse,Accessories,50,1
I-000292,O-00088,Wireless Mouse,Accessories,50,2
I-000293,O-00089,Office Chair,Furniture,250,2
I-000294,O-00089,Monitor Stand,Accessories,75,2
I-000295,O-00089,4K Monitor,Electronics,400,1
I-000296,O-00090,Wireless Mouse,Accessories,50,3
I-000297,O-00090,Noise Cancelling Headphones,Electronics,300,3
I-000298,O-00090,Webcam 1080p,Accessories,80,3
I-000299,O-00090,Wireless Mouse,Accessories,50,3
I-000300,O-00091,Webcam 1080p,Accessories,80,2
I-000301,O-00091,Office Chair,Furniture,250,3
I-000302,O-00092,Mechanical Keyboard,Accessories,130,3
I-000303,O-00092,Standing Desk,Furniture,600,1
I-000304,O-00092,Webcam 1080p,Accessories,80,1
I-000305,O-00092,Monitor Stand,Accessories,75,3
I-000306,O-00092,Office Chair,Furniture,250,2
I-000307,O-00093,4K Monitor,Electronics,400,1
I-000308,O-00093,4K Monitor,Electronics,400,2
I-000309,O-00093,Noise Cancelling Headphones,Electronics,300,1
I-000310,O-00093,Laptop Pro,Electronics,1200,2
I-000311,O-00094,4K Monitor,Electronics,400,2
I-000312,O-00094,Standing Desk,Furniture,600,2
I-000313,O-00094,4K Monitor,Electronics,400,2
I-000314,O-00095,Standing Desk,Furniture,600,1
I-000315,O-00095,Mechanical Keyboard,Accessories,130,1
I-000316,O-00095,Mechanical Keyboard,Accessories,130,1
I-000317,O-00096,Standing Desk,Furniture,600,3
I-000318,O-00096,4K Monitor,Electronics,400,3
I-000319,O-00097,Wireless Mouse,Accessories,50,2
I-000320,O-00098,Laptop Pro,Electronics,1200,2
I-000321,O-00099,Laptop Pro,Electronics,1200,3
I-000322,O-00099,Standing Desk,Furniture,600,1
I-000323,O-00099,Mechanical Keyboard,Accessories,130,1
I-000324,O-00099,Webcam 1080p,Accessories,80,3
I-000325,O-00099,Laptop Pro,Electronics,1200,2
I-000326,O-00100,Office Chair,Furniture,250,1
I-000327,O-00100,Standing Desk,Furniture,600,1
I-000328,O-00100,Monitor Stand,Accessories,75,3
I-000329,O-00101,Laptop Pro,Electronics,1200,2
I-000330,O-00101,4K Monitor,Electronics,400,2
I-000331,O-00102,Webcam 1080p,Accessories,80,3
I-000332,O-00102,Mechanical Keyboard,Accessories,130,3
I-000333,O-00102,Office Chair,Furniture,250,1
I-000334,O-00102,Mechanical Keyboard,Accessories,130,3
I-000335,O-00103,Mechanical Keyboard,Accessories,130,3
I-000336,O-00103,Standing Desk,Furniture,600,2
I-000337,O-00103,Noise Cancelling Headphones,Electronics,300,2
I-000338,O-00103,Monitor Stand,Accessories,75,2
I-000339,O-00103,4K Monitor,Electronics,400,3
I-000340,O-00104,Noise Cancelling Headphones,Electronics,300,2
I-000341,O-00104,Monitor Stand,Accessories,75,2
I-000342,O-00105,Wireless Mouse,Accessories,50,1
I-000343,O-00105,Laptop Pro,Electronics,1200,2
I-000344,O-00105,Mechanical Keyboard,Accessories,130,2
I-000345,O-00106,Mechanical Keyboard,Accessories,130,2
I-000346,O-00106,Standing Desk,Furniture,600,1
I-000347,O-00106,Mechanical Keyboard,Accessories,130,2
I-000348,O-00106,Standing Desk,Furniture,600,2
I-000349,O-00107,Office Chair,Furniture,250,2
I-000350,O-00107,Laptop Pro,Electronics,1200,1
I-000351,O-00107,Monitor Stand,Accessories,75,1
I-000352,O-00107,Monitor Stand,Accessories,75,3
I-000353,O-00107,4K Monitor,Electronics,400,3
I-000354,O-00108,Noise Cancelling Headphones,Electronics,300,3
I-000355,O-00108,Wireless Mouse,Accessories,50,3
I-000356,O-00108,Laptop Pro,Electronics,1200,3
I-000357,O-00108,4K Monitor,Electronics,400,3
I-000358,O-00109,Office Chair,Furniture,250,2
I-000359,O-00109,Standing Desk,Furniture,600,1
I-000360,O-00109,Noise Cancelling Headphones,Electronics,300,1
I-000361,O-00110,Wireless Mouse,Accessories,50,2
I-000362,O-00110,Laptop Pro,Electronics,1200,3
I-000363,O-00111,Office Chair,Furniture,250,1
I-000364,O-00111,4K Monitor,Electronics,400,3
I-000365,O-00111,Wireless Mouse,Accessories,50,1
I-000366,O-00111,Laptop Pro,Electronics,1200,1
I-000367,O-00112,Office Chair,Furniture,250,1
I-000368,O-00113,Standing Desk,Furniture,600,2
I-000369,O-00113,Office Chair,Furniture,250,2
I-000370,O-00113,Wireless Mouse,Accessories,50,2
I-000371,O-00113,Mechanical Keyboard,Accessories,130,2
I-000372,O-00114,Mechanical Keyboard,Accessories,130,1
I-000373,O-00114,Noise Cancelling Headphones,Electronics,300,1
I-000374,O-00114,Office Chair,Furniture,250,2
I-000375,O-00115,Laptop Pro,Electronics,1200,2
I-000376,O-00115,Mechanical Keyboard,Accessories,130,1
I-000377,O-00115,Wireless Mouse,Accessories,50,1
I-000378,O-00115,Noise Cancelling Headphones,Electronics,300,3
I-000379,O-00116,Monitor Stand,Accessories,75,1
I-000380,O-00116,Webcam 1080p,Accessories,80,3
I-000381,O-00117,Wireless Mouse,Accessories,50,3
I-000382,O-00118,Mechanical Keyboard,Accessories,130,1
I-000383,O-00119,Monitor Stand,Accessories,75,3
I-000384,O-00119,Webcam 1080p,Accessories,80,1
I-000385,O-00119,Webcam 1080p,Accessories,80,3
I-000386,O-00119,Wireless Mouse,Accessories,50,3
I-000387,O-00120,Wireless Mouse,Accessories,50,3
I-000388,O-00120,Mechanical Keyboard,Accessories,130,1
I-000389,O-00120,Office Chair,Furniture,250,1
I-000390,O-00120,Monitor Stand,Accessories,75,1
I-000391,O-00120,Laptop Pro,Electronics,1200,3
I-000392,O-00121,Office Chair,Furniture,250,1
I-000393,O-00121,Wireless Mouse,Accessories,50,1
I-000394,O-00121,Office Chair,Furniture,250,1
I-000395,O-00121,Wireless Mouse,Accessories,50,3
I-000396,O-00122,Standing Desk,Furniture,600,2
I-000397,O-00122,Wireless Mouse,Accessories,50,1
I-000398,O-00122,Standing Desk,Furniture,600,3
I-000399,O-00122,Office Chair,Furniture,250,3
I-000400,O-00123,Webcam 1080p,Accessories,80,1
I-000401,O-00123,Webcam 1080p,Accessories,80,2
I-000402,O-00123,4K Monitor,Electronics,400,3
I-000403,O-00124,Standing Desk,Furniture,600,1
I-000404,O-00124,Noise Cancelling Headphones,Electronics,300,2
I-000405,O-00125,Office Chair,Furniture,250,3
I-000406,O-00125,4K Monitor,Electronics,400,2
I-000407,O-00126,Standing Desk,Furniture,600,2
I-000408,O-00126,Laptop Pro,Electronics,1200,1
I-000409,O-00126,Monitor Stand,Accessories,75,2
I-000410,O-00126,Standing Desk,Furniture,600,3
I-000411,O-00127,4K Monitor,Electronics,400,3
I-000412,O-00127,Mechanical Keyboard,Accessories,130,2
I-000413,O-00127,Mechanical Keyboard,Accessories,130,2
I-000414,O-00127,4K Monitor,Electronics,400,3
I-000415,O-00128,Office Chair,Furniture,250,1
I-000416,O-00128,Noise Cancelling Headphones,Electronics,300,3
I-000417,O-00128,Webcam 1080p,Accessories,80,1
I-000418,O-00128,Mechanical Keyboard,Accessories,130,2
I-000419,O-00129,Noise Cancelling Headphones,Electronics,300,3
I-000420,O-00129,Mechanical Keyboard,Accessories,130,3
I-000421,O-00129,Mechanical Keyboard,Accessories,130,2
I-000422,O-00130,Noise Cancelling Headphones,Electronics,300,2
I-000423,O-00130,4K Monitor,Electronics,400,3
I-000424,O-00131,Office Chair,Furniture,250,3
I-000425,O-00131,Laptop Pro,Electronics,1200,2
I-000426,O-00132,Mechanical Keyboard,Accessories,130,3
I-000427,O-00132,Mechanical Keyboard,Accessories,130,1
I-000428,O-00133,Office Chair,Furniture,250,1
I-000429,O-00133,Monitor Stand,Accessories,75,1
I-000430,O-00133,Office Chair,Furniture,250,1
I-000431,O-00133,Laptop Pro,Electronics,1200,1
I-000432,O-00133,4K Monitor,Electronics,400,1
I-000433,O-00134,Mechanical Keyboard,Accessories,130,1
I-000434,O-00135,4K Monitor,Electronics,400,2
I-000435,O-00136,Mechanical Keyboard,Accessories,130,3
I-000436,O-00136,Standing Desk,Furniture,600,3
I-000437,O-00136,Office Chair,Furniture,250,1
I-000438,O-00136,Monitor Stand,Accessories,75,1
I-000439,O-00137,4K Monitor,Electronics,400,1
I-000440,O-00137,Webcam 1080p,Accessories,80,2
I-000441,O-00138,Monitor Stand,Accessories,75,3
I-000442,O-00139,Noise Cancelling Headphones,Electronics,300,3
I-000443,O-00139,Noise Cancelling Headphones,Electronics,300,1
I-000444,O-00139,Laptop Pro,Electronics,1200,3
I-000445,O-00139,4K Monitor,Electronics,400,1
I-000446,O-00140,Laptop Pro,Electronics,1200,1
I-000447,O-00140,Wireless Mouse,Accessories,50,3
I-000448,O-00140,Mechanical Keyboard,Accessories,130,1
I-000449,O-00141,Monitor Stand,Accessories,75,3
I-000450,O-00141,Wireless Mouse,Accessories,50,3
I-000451,O-00141,4K Monitor,Electronics,400,3
I-000452,O-00141,4K Monitor,Electronics,400,2
I-000453,O-00141,Webcam 1080p,Accessories,80,3
I-000454,O-00142,Standing Desk,Furniture,600,3
I-000455,O-00143,Standing Desk,Furniture,600,1
I-000456,O-00143,Standing Desk,Furniture,600,1
I-000457,O-00143,Monitor Stand,Accessories,75,1
I-000458,O-00144,Monitor Stand,Accessories,75,2
I-000459,O-00144,Monitor Stand,Accessories,75,2
I-000460,O-00144,Wireless Mouse,Accessories,50,3
I-000461,O-00144,Webcam 1080p,Accessories,80,2
I-000462,O-00144,Monitor Stand,Accessories,75,2
I-000463,O-00145,Standing Desk,Furniture,600,3
I-000464,O-00145,Monitor Stand,Accessories,75,3
I-000465,O-00145,Standing Desk,Furniture,600,1
I-000466,O-00145,4K Monitor,Electronics,400,2
I-000467,O-00146,Webcam 1080p,Accessories,80,3
I-000468,O-00146,Office Chair,Furniture,250,1
I-000469,O-00146,Webcam 1080p,Accessories,80,2
I-000470,O-00146,Mechanical Keyboard,Accessories,130,3
I-000471,O-00146,Monitor Stand,Accessories,75,1
I-000472,O-00147,Wireless Mouse,Accessories,50,2
I-000473,O-00147,Webcam 1080p,Accessories,80,1
I-000474,O-00147,Laptop Pro,Electronics,1200,3
I-000475,O-00147,Webcam 1080p,Accessories,80,2
I-000476,O-00147,Wireless Mouse,Accessories,50,3
I-000477,O-00148,4K Monitor,Electronics,400,1
I-000478,O-00148,Webcam 1080p,Accessories,80,2
I-000479,O-00148,Wireless Mouse,Accessories,50,2
I-000480,O-00148,Laptop Pro,Electronics,1200,3
I-000481,O-00148,Monitor Stand,Accessories,75,1
I-000482,O-00149,Office Chair,Furniture,250,3
I-000483,O-00149,Office Chair,Furniture,250,2
I-000484,O-00150,Webcam 1080p,Accessories,80,3
I-000485,O-00150,Standing Desk,Furniture,600,3
I-000486,O-00150,Standing Desk,Furniture,600,3
I-000487,O-00150,Noise Cancelling Headphones,Electronics,300,1
I-000488,O-00150,Wireless Mouse,Accessories,50,3
I-000489,O-00151,Laptop Pro,Electronics,1200,1
I-000490,O-00151,Noise Cancelling Headphones,Electronics,300,2
I-000491,O-00151,Monitor Stand,Accessories,75,2
I-000492,O-00152,Monitor Stand,Accessories,75,3
I-000493,O-00152,Noise Cancelling Headphones,Electronics,300,3
I-000494,O-00152,Noise Cancelling Headphones,Electronics,300,1
I-000495,O-00152,Office Chair,Furniture,250,3
I-000496,O-00153,Laptop Pro,Electronics,1200,2
I-000497,O-00153,Mechanical Keyboard,Accessories,130,3
I-000498,O-00153,Office Chair,Furniture,250,3
I-000499,O-00153,4K Monitor,Electronics,400,1
I-000500,O-00154,Laptop Pro,Electronics,1200,2
I-000501,O-00154,Standing Desk,Furniture,600,2
I-000502,O-00155,4K Monitor,Electronics,400,2
I-000503,O-00155,Laptop Pro,Electronics,1200,1
I-000504,O-00155,Monitor Stand,Accessories,75,2
I-000505,O-00155,Noise Cancelling Headphones,Electronics,300,3
I-000506,O-00155,Wireless Mouse,Accessories,50,3
I-000507,O-00156,Mechanical Keyboard,Accessories,130,2
I-000508,O-00157,Monitor Stand,Accessories,75,2
I-000509,O-00158,Standing Desk,Furniture,600,1
I-000510,O-00158,Mechanical Keyboard,Accessories,130,2
I-000511,O-00159,4K Monitor,Electronics,400,1
I-000512,O-00159,Wireless Mouse,Accessories,50,1
I-000513,O-00159,4K Monitor,Electronics,400,1
I-000514,O-00159,Standing Desk,Furniture,600,2
I-000515,O-00160,Office Chair,Furniture,250,2
I-000516,O-00160,Webcam 1080p,Accessories,80,2
I-000517,O-00160,Laptop Pro,Electronics,1200,2
I-000518,O-00160,Standing Desk,Furniture,600,1
I-000519,O-00161,Monitor Stand,Accessories,75,1
I-000520,O-00161,4K Monitor,Electronics,400,2
I-000521,O-00161,Standing Desk,Furniture,600,3
I-000522,O-00162,4K Monitor,Electronics,400,3
I-000523,O-00162,Monitor Stand,Accessories,75,2
I-000524,O-00162,Webcam 1080p,Accessories,80,1
I-000525,O-00162,Office Chair,Furniture,250,3
I-000526,O-00163,Wireless Mouse,Accessories,50,1
I-000527,O-00164,Webcam 1080p,Accessories,80,2
I-000528,O-00164,Webcam 1080p,Accessories,80,1
I-000529,O-00165,Standing Desk,Furniture,600,1
I-000530,O-00165,Wireless Mouse,Accessories,50,2
I-000531,O-00165,Mechanical Keyboard,Accessories,130,1
I-000532,O-00166,Wireless Mouse,Accessories,50,1
I-000533,O-00166,Mechanical Keyboard,Accessories,130,3
I-000534,O-00166,Standing Desk,Furniture,600,3
I-000535,O-00166,Mechanical Keyboard,Accessories,130,3
I-000536,O-00166,4K Monitor,Electronics,400,1
I-000537,O-00167,4K Monitor,Electronics,400,2
I-000538,O-00167,4K Monitor,Electronics,400,1
I-000539,O-00167,Laptop Pro,Electronics,1200,3
I-000540,O-00167,Wireless Mouse,Accessories,50,3
I-000541,O-00168,Laptop Pro,Electronics,1200,2
I-000542,O-00168,4K Monitor,Electronics,400,3
I-000543,O-00168,Laptop Pro,Electronics,1200,2
I-000544,O-00169,Noise Cancelling Headphones,Electronics,300,3
I-000545,O-00169,Laptop Pro,Electronics,1200,2
I-000546,O-00169,Noise Cancelling Headphones,Electronics,300,1
I-000547,O-00170,Mechanical Keyboard,Accessories,130,3
I-000548,O-00170,Standing Desk,Furniture,600,3
I-000549,O-00170,Webcam 1080p,Accessories,80,1
I-000550,O-00170,Mechanical Keyboard,Accessories,130,1
I-000551,O-00171,Mechanical Keyboard,Accessories,130,3
I-000552,O-00171,Mechanical Keyboard,Accessories,130,1
I-000553,O-00172,Office Chair,Furniture,250,3
I-000554,O-00173,Monitor Stand,Accessories,75,2
I-000555,O-00173,Monitor Stand,Accessories,75,3
I-000556,O-00173,Wireless Mouse,Accessories,50,2
I-000557,O-00174,4K Monitor,Electronics,400,3
I-000558,O-00174,Office Chair,Furniture,250,2
I-000559,O-00174,Webcam 1080p,Accessories,80,1
I-000560,O-00175,Noise Cancelling Headphones,Electronics,300,1
I-000561,O-00175,Webcam 1080p,Accessories,80,3
I-000562,O-00175,Noise Cancelling Headphones,Electronics,300,2
I-000563,O-00176,Wireless Mouse,Accessories,50,3
I-000564,O-00176,Webcam 1080p,Accessories,80,1
I-000565,O-00177,Standing Desk,Furniture,600,3
I-000566,O-00178,Noise Cancelling Headphones,Electronics,300,2
I-000567,O-00178,Standing Desk,Furniture,600,3
I-000568,O-00178,Monitor Stand,Accessories,75,2
I-000569,O-00178,4K Monitor,Electronics,400,2
I-000570,O-00178,Monitor Stand,Accessories,75,3
I-000571,O-00179,Wireless Mouse,Accessories,50,3
I-000572,O-00179,Wireless Mouse,Accessories,50,3
I-000573,O-00180,Noise Cancelling Headphones,Electronics,300,3
I-000574,O-00180,Office Chair,Furniture,250,3
I-000575,O-00181,Monitor Stand,Accessories,75,1
I-000576,O-00181,Webcam 1080p,Accessories,80,3
I-000577,O-00182,Webcam 1080p,Accessories,80,2
I-000578,O-00182,Office Chair,Furniture,250,1
I-000579,O-00182,4K Monitor,Electronics,400,3
I-000580,O-00182,Webcam 1080p,Accessories,80,1
I-000581,O-00182,Wireless Mouse,Accessories,50,2
I-000582,O-00183,Webcam 1080p,Accessories,80,3
I-000583,O-00183,Office Chair,Furniture,250,3
I-000584,O-00183,Standing Desk,Furniture,600,2
I-000585,O-00183,Noise Cancelling Headphones,Electronics,300,1
I-000586,O-00184,Laptop Pro,Electronics,1200,3
I-000587,O-00184,Wireless Mouse,Accessories,50,3
I-000588,O-00185,4K Monitor,Electronics,400,1
I-000589,O-00185,4K Monitor,Electronics,400,3
I-000590,O-00185,4K Monitor,Electronics,400,1
I-000591,O-00186,Laptop Pro,Electronics,1200,3
I-000592,O-00186,Noise Cancelling Headphones,Electronics,300,2
I-000593,O-00186,Wireless Mouse,Accessories,50,3
I-000594,O-00187,Wireless Mouse,Accessories,50,1
I-000595,O-00187,Monitor Stand,Accessories,75,1
I-000596,O-00187,Mechanical Keyboard,Accessories,130,1
I-000597,O-00188,Monitor Stand,Accessories,75,1
I-000598,O-00189,Webcam 1080p,Accessories,80,1
I-000599,O-00189,Office Chair,Furniture,250,1
I-000600,O-00189,Standing Desk,Furniture,600,1
I-000601,O-00190,Webcam 1080p,Accessories,80,3
I-000602,O-00190,Webcam 1080p,Accessories,80,2
I-000603,O-00191,Noise Cancelling Headphones,Electronics,300,1
I-000604,O-00191,Noise Cancelling Headphones,Electronics,300,3
I-000605,O-00191,Monitor Stand,Accessories,75,3
I-000606,O-00192,Standing Desk,Furniture,600,3
I-000607,O-00192,Monitor Stand,Accessories,75,3
I-000608,O-00192,Webcam 1080p,Accessories,80,3
I-000609,O-00192,4K Monitor,Electronics,400,3
I-000610,O-00193,Mechanical Keyboard,Accessories,130,2
I-000611,O-00194,Noise Cancelling Headphones,Electronics,300,2
I-000612,O-00194,Laptop Pro,Electronics,1200,3
I-000613,O-00194,Webcam 1080p,Accessories,80,1
I-000614,O-00194,Mechanical Keyboard,Accessories,130,3
I-000615,O-00195,Mechanical Keyboard,Accessories,130,2
I-000616,O-00195,4K Monitor,Electronics,400,2
I-000617,O-00195,Laptop Pro,Electronics,1200,2
I-000618,O-00195,Office Chair,Furniture,250,2
I-000619,O-00196,Monitor Stand,Accessories,75,1
I-000620,O-00196,4K Monitor,Electronics,400,3
I-000621,O-00197,Webcam 1080p,Accessories,80,1
I-000622,O-00197,Mechanical Keyboard,Accessories,130,3
I-000623,O-00197,4K Monitor,Electronics,400,3
I-000624,O-00197,Laptop Pro,Electronics,1200,3
I-000625,O-00197,Mechanical Keyboard,Accessories,130,1
I-000626,O-00198,Monitor Stand,Accessories,75,3
I-000627,O-00198,Mechanical Keyboard,Accessories,130,1
I-000628,O-00198,Wireless Mouse,Accessories,50,2
I-000629,O-00198,4K Monitor,Electronics,400,1
I-000630,O-00199,Office Chair,Furniture,250,1
I-000631,O-00199,4K Monitor,Electronics,400,3
I-000632,O-00199,Standing Desk,Furniture,600,3
I-000633,O-00200,Laptop Pro,Electronics,1200,3
I-000634,O-00201,4K Monitor,Electronics,400,3
I-000635,O-00201,Laptop Pro,Electronics,1200,3
I-000636,O-00201,Standing Desk,Furniture,600,1
I-000637,O-00201,Standing Desk,Furniture,600,2
I-000638,O-00202,Monitor Stand,Accessories,75,1
I-000639,O-00202,Standing Desk,Furniture,600,1
I-000640,O-00202,Webcam 1080p,Accessories,80,1
I-000641,O-00202,4K Monitor,Electronics,400,1
I-000642,O-00202,4K Monitor,Electronics,400,3
I-000643,O-00203,Monitor Stand,Accessories,75,2
I-000644,O-00204,Office Chair,Furniture,250,1
I-000645,O-00204,Wireless Mouse,Accessories,50,3
I-000646,O-00204,Webcam 1080p,Accessories,80,2
I-000647,O-00204,Webcam 1080p,Accessories,80,1
I-000648,O-00205,Mechanical Keyboard,Accessories,130,2
I-000649,O-00205,Mechanical Keyboard,Accessories,130,1
I-000650,O-00205,Noise Cancelling Headphones,Electronics,300,1
I-000651,O-00205,4K Monitor,Electronics,400,3
I-000652,O-00206,Mechanical Keyboard,Accessories,130,3
I-000653,O-00206,Monitor Stand,Accessories,75,2
I-000654,O-00206,4K Monitor,Electronics,400,3
I-000655,O-00206,Laptop Pro,Electronics,1200,3
I-000656,O-00207,Noise Cancelling Headphones,Electronics,300,1
I-000657,O-00207,Wireless Mouse,Accessories,50,1
I-000658,O-00207,Wireless Mouse,Accessories,50,3
I-000659,O-00207,Laptop Pro,Electronics,1200,3
I-000660,O-00207,Monitor Stand,Accessories,75,3
I-000661,O-00208,Office Chair,Furniture,250,1
I-000662,O-00208,Laptop Pro,Electronics,1200,1
I-000663,O-00208,Laptop Pro,Electronics,1200,3
I-000664,O-00209,4K Monitor,Electronics,400,3
I-000665,O-00209,Standing Desk,Furniture,600,1
I-000666,O-00209,4K Monitor,Electronics,400,2
I-000667,O-00210,Monitor Stand,Accessories,75,1
I-000668,O-00210,Laptop Pro,Electronics,1200,2
I-000669,O-00210,Standing Desk,Furniture,600,3
I-000670,O-00210,Office Chair,Furniture,250,1
I-000671,O-00210,Webcam 1080p,Accessories,80,2
I-000672,O-00211,Wireless Mouse,Accessories,50,3
I-000673,O-00211,Standing Desk,Furniture,600,1
I-000674,O-00211,Office Chair,Furniture,250,3
I-000675,O-00211,Mechanical Keyboard,Accessories,130,1
I-000676,O-00212,Laptop Pro,Electronics,1200,3
I-000677,O-00212,4K Monitor,Electronics,400,3
I-000678,O-00212,Webcam 1080p,Accessories,80,3
I-000679,O-00212,Mechanical Keyboard,Accessories,130,3
I-000680,O-00212,Laptop Pro,Electronics,1200,2
I-000681,O-00213,4K Monitor,Electronics,400,2
I-000682,O-00213,Office Chair,Furniture,250,1
I-000683,O-00213,Mechanical Keyboard,Accessories,130,3
I-000684,O-00213,Webcam 1080p,Accessories,80,3
I-000685,O-00214,Mechanical Keyboard,Accessories,130,3
I-000686,O-00214,4K Monitor,Electronics,400,1
I-000687,O-00214,Mechanical Keyboard,Accessories,130,3
I-000688,O-00214,Wireless Mouse,Accessories,50,2
I-000689,O-00215,Laptop Pro,Electronics,1200,3
I-000690,O-00215,Laptop Pro,Electronics,1200,1
I-000691,O-00216,Noise Cancelling Headphones,Electronics,300,2
I-000692,O-00216,Webcam 1080p,Accessories,80,1
I-000693,O-00217,Monitor Stand,Accessories,75,3
I-000694,O-00217,Noise Cancelling Headphones,Electronics,300,1
I-000695,O-00217,Wireless Mouse,Accessories,50,3
I-000696,O-00218,Office Chair,Furniture,250,3
I-000697,O-00218,Laptop Pro,Electronics,1200,2
I-000698,O-00218,Office Chair,Furniture,250,1
I-000699,O-00219,Standing Desk,Furniture,600,2
I-000700,O-00220,Standing Desk,Furniture,600,2
I-000701,O-00220,4K Monitor,Electronics,400,2
I-000702,O-00220,Laptop Pro,Electronics,1200,3
I-000703,O-00220,Wireless Mouse,Accessories,50,2
I-000704,O-00221,Noise Cancelling Headphones,Electronics,300,3
I-000705,O-00221,4K Monitor,Electronics,400,2
I-000706,O-00221,Mechanical Keyboard,Accessories,130,2
I-000707,O-00221,4K Monitor,Electronics,400,2
I-000708,O-00222,Noise Cancelling Headphones,Electronics,300,2
I-000709,O-00223,Standing Desk,Furniture,600,2
I-000710,O-00223,Office Chair,Furniture,250,1
I-000711,O-00223,Mechanical Keyboard,Accessories,130,1
I-000712,O-00223,Wireless Mouse,Accessories,50,2
I-000713,O-00223,Standing Desk,Furniture,600,1
I-000714,O-00224,Webcam 1080p,Accessories,80,3
I-000715,O-00224,4K Monitor,Electronics,400,3
I-000716,O-00224,Noise Cancelling Headphones,Electronics,300,2
I-000717,O-00225,4K Monitor,Electronics,400,2
I-000718,O-00225,Noise Cancelling Headphones,Electronics,300,3
I-000719,O-00226,Standing Desk,Furniture,600,1
I-000720,O-00226,Office Chair,Furniture,250,2
I-000721,O-00226,Laptop Pro,Electronics,1200,2
I-000722,O-00227,Wireless Mouse,Accessories,50,1
I-000723,O-00227,Office Chair,Furniture,250,1
I-000724,O-00227,Wireless Mouse,Accessories,50,1
I-000725,O-00228,Mechanical Keyboard,Accessories,130,2
I-000726,O-00228,Noise Cancelling Headphones,Electronics,300,2
I-000727,O-00228,Webcam 1080p,Accessories,80,3
I-000728,O-00228,Wireless Mouse,Accessories,50,3
I-000729,O-00229,Standing Desk,Furniture,600,3
I-000730,O-00229,Wireless Mouse,Accessories,50,3
I-000731,O-00229,Noise Cancelling Headphones,Electronics,300,1
I-000732,O-00230,Standing Desk,Furniture,600,3
I-000733,O-00230,Mechanical Keyboard,Accessories,130,3
I-000734,O-00231,Laptop Pro,Electronics,1200,1
I-000735,O-00232,Noise Cancelling Headphones,Electronics,300,3
I-000736,O-00232,Office Chair,Furniture,250,2
I-000737,O-00232,Webcam 1080p,Accessories,80,1
I-000738,O-00232,Laptop Pro,Electronics,1200,3
I-000739,O-00232,Standing Desk,Furniture,600,2
I-000740,O-00233,Office Chair,Furniture,250,2
I-000741,O-00233,Wireless Mouse,Accessories,50,3
I-000742,O-00234,Standing Desk,Furniture,600,1
I-000743,O-00234,Standing Desk,Furniture,600,2
I-000744,O-00234,Office Chair,Furniture,250,1
I-000745,O-00235,Webcam 1080p,Accessories,80,3
I-000746,O-00236,Laptop Pro,Electronics,1200,2
I-000747,O-00236,Mechanical Keyboard,Accessories,130,3
I-000748,O-00236,Mechanical Keyboard,Accessories,130,1
I-000749,O-00236,Office Chair,Furniture,250,1
I-000750,O-00236,Webcam 1080p,Accessories,80,1
I-000751,O-00237,4K Monitor,Electronics,400,1
I-000752,O-00237,Monitor Stand,Accessories,75,1
I-000753,O-00237,Monitor Stand,Accessories,75,2
I-000754,O-00238,Laptop Pro,Electronics,1200,1
I-000755,O-00239,Monitor Stand,Accessories,75,1
I-000756,O-00240,Webcam 1080p,Accessories,80,2
I-000757,O-00240,4K Monitor,Electronics,400,1
I-000758,O-00240,Standing Desk,Furniture,600,3
I-000759,O-00240,Mechanical Keyboard,Accessories,130,3
I-000760,O-00240,Monitor Stand,Accessories,75,3
I-000761,O-00241,Webcam 1080p,Accessories,80,2
I-000762,O-00242,Wireless Mouse,Accessories,50,3
I-000763,O-00242,Noise Cancelling Headphones,Electronics,300,3
I-000764,O-00242,Webcam 1080p,Accessories,80,3
I-000765,O-00242,Mechanical Keyboard,Accessories,130,2
I-000766,O-00242,Mechanical Keyboard,Accessories,130,2
I-000767,O-00243,Webcam 1080p,Accessories,80,3
I-000768,O-00243,Wireless Mouse,Accessories,50,2
I-000769,O-00244,Monitor Stand,Accessories,75,2
I-000770,O-00244,Standing Desk,Furniture,600,2
I-000771,O-00244,4K Monitor,Electronics,400,2
I-000772,O-00245,Laptop Pro,Electronics,1200,1
I-000773,O-00246,Mechanical Keyboard,Accessories,130,2
I-000774,O-00246,Noise Cancelling Headphones,Electronics,300,3
I-000775,O-00246,Office Chair,Furniture,250,3
I-000776,O-00247,Mechanical Keyboard,Accessories,130,3
I-000777,O-00247,Monitor Stand,Accessories,75,1
I-000778,O-00248,4K Monitor,Electronics,400,2
I-000779,O-00248,Laptop Pro,Electronics,1200,2
I-000780,O-00248,Office Chair,Furniture,250,3
I-000781,O-00249,Office Chair,Furniture,250,1
I-000782,O-00249,Office Chair,Furniture,250,2
I-000783,O-00249,Wireless Mouse,Accessories,50,1
I-000784,O-00249,Mechanical Keyboard,Accessories,130,3
I-000785,O-00250,Monitor Stand,Accessories,75,1
I-000786,O-00250,Webcam 1080p,Accessories,80,3
I-000787,O-00250,4K Monitor,Electronics,400,3
I-000788,O-00250,Monitor Stand,Accessories,75,1
I-000789,O-00250,Standing Desk,Furniture,600,3
I-000790,O-00251,Noise Cancelling Headphones,Electronics,300,2
I-000791,O-00251,Wireless Mouse,Accessories,50,1
I-000792,O-00251,4K Monitor,Electronics,400,2
I-000793,O-00251,Office Chair,Furniture,250,2
I-000794,O-00251,Laptop Pro,Electronics,1200,1
I-000795,O-00252,Laptop Pro,Electronics,1200,3
I-000796,O-00252,Noise Cancelling Headphones,Electronics,300,1
I-000797,O-00252,Standing Desk,Furniture,600,1
I-000798,O-00252,Monitor Stand,Accessories,75,1
I-000799,O-00252,Mechanical Keyboard,Accessories,130,1
I-000800,O-00253,Webcam 1080p,Accessories,80,3
I-000801,O-00253,4K Monitor,Electronics,400,2
I-000802,O-00253,Laptop Pro,Electronics,1200,2
I-000803,O-00253,Wireless Mouse,Accessories,50,3
I-000804,O-00253,Wireless Mouse,Accessories,50,3
I-000805,O-00254,Wireless Mouse,Accessories,50,3
I-000806,O-00254,Standing Desk,Furniture,600,2
I-000807,O-00254,Office Chair,Furniture,250,2
I-000808,O-00254,4K Monitor,Electronics,400,3
I-000809,O-00255,Webcam 1080p,Accessories,80,3
I-000810,O-00255,4K Monitor,Electronics,400,2
I-000811,O-00255,4K Monitor,Electronics,400,1
I-000812,O-00256,Laptop Pro,Electronics,1200,1
I-000813,O-00256,Webcam 1080p,Accessories,80,3
I-000814,O-00256,Webcam 1080p,Accessories,80,3
I-000815,O-00257,Laptop Pro,Electronics,1200,2
I-000816,O-00257,Office Chair,Furniture,250,3
I-000817,O-00257,Laptop Pro,Electronics,1200,3
I-000818,O-00258,4K Monitor,Electronics,400,1
I-000819,O-00258,Standing Desk,Furniture,600,3
I-000820,O-00258,Monitor Stand,Accessories,75,1
I-000821,O-00258,Monitor Stand,Accessories,75,2
I-000822,O-00259,Wireless Mouse,Accessories,50,2
I-000823,O-00259,Monitor Stand,Accessories,75,2
I-000824,O-00260,Office Chair,Furniture,250,1
I-000825,O-00260,Noise Cancelling Headphones,Electronics,300,1
I-000826,O-00261,Laptop Pro,Electronics,1200,1
I-000827,O-00262,Standing Desk,Furniture,600,2
I-000828,O-00262,Mechanical Keyboard,Accessories,130,1
I-000829,O-00263,Wireless Mouse,Accessories,50,2
I-000830,O-00264,Webcam 1080p,Accessories,80,2
I-000831,O-00264,Standing Desk,Furniture,600,3
I-000832,O-00264,Webcam 1080p,Accessories,80,2
I-000833,O-00264,4K Monitor,Electronics,400,3
I-000834,O-00265,Monitor Stand,Accessories,75,2
I-000835,O-00265,Office Chair,Furniture,250,3
I-000836,O-00265,Monitor Stand,Accessories,75,1
I-000837,O-00265,Laptop Pro,Electronics,1200,3
I-000838,O-00266,Office Chair,Furniture,250,2
I-000839,O-00266,Webcam 1080p,Accessories,80,3
I-000840,O-00266,4K Monitor,Electronics,400,2
I-000841,O-00266,Laptop Pro,Electronics,1200,1
I-000842,O-00266,Laptop Pro,Electronics,1200,3
I-000843,O-00267,Webcam 1080p,Accessories,80,2
I-000844,O-00267,Laptop Pro,Electronics,1200,2
I-000845,O-00267,Standing Desk,Furniture,600,3
I-000846,O-00267,Mechanical Keyboard,Accessories,130,1
I-000847,O-00268,Webcam 1080p,Accessories,80,1
I-000848,O-00268,Laptop Pro,Electronics,1200,3
I-000849,O-00268,Mechanical Keyboard,Accessories,130,3
I-000850,O-00268,Standing Desk,Furniture,600,3
I-000851,O-00268,Webcam 1080p,Accessories,80,3
I-000852,O-00269,4K Monitor,Electronics,400,1
I-000853,O-00269,Webcam 1080p,Accessories,80,2
I-000854,O-00269,Mechanical Keyboard,Accessories,130,2
I-000855,O-00270,Webcam 1080p,Accessories,80,2
I-000856,O-00270,4K Monitor,Electronics,400,2
I-000857,O-00270,Office Chair,Furniture,250,1
I-000858,O-00270,Monitor Stand,Accessories,75,1
I-000859,O-00270,Webcam 1080p,Accessories,80,3
I-000860,O-00271,Standing Desk,Furniture,600,1
I-000861,O-00271,Standing Desk,Furniture,600,3
I-000862,O-00271,4K Monitor,Electronics,400,1
I-000863,O-00271,Laptop Pro,Electronics,1200,3
I-000864,O-00271,Mechanical Keyboard,Accessories,130,2
I-000865,O-00272,Laptop Pro,Electronics,1200,2
I-000866,O-00272,Mechanical Keyboard,Accessories,130,1
I-000867,O-00272,Wireless Mouse,Accessories,50,3
I-000868,O-00272,Laptop Pro,Electronics,1200,2
I-000869,O-00272,Noise Cancelling Headphones,Electronics,300,2
I-000870,O-00273,Laptop Pro,Electronics,1200,3
I-000871,O-00273,Wireless Mouse,Accessories,50,3
I-000872,O-00273,Wireless Mouse,Accessories,50,1
I-000873,O-00274,Monitor Stand,Accessories,75,1
I-000874,O-00274,Wireless Mouse,Accessories,50,3
I-000875,O-00274,Noise Cancelling Headphones,Electronics,300,1
I-000876,O-00274,Office Chair,Furniture,250,2
I-000877,O-00275,Webcam 1080p,Accessories,80,3
I-000878,O-00276,Noise Cancelling Headphones,Electronics,300,2
I-000879,O-00276,Standing Desk,Furniture,600,2
I-000880,O-00277,4K Monitor,Electronics,400,1
I-000881,O-00277,Standing Desk,Furniture,600,1
I-000882,O-00278,Standing Desk,Furniture,600,1
I-000883,O-00278,Monitor Stand,Accessories,75,2
I-000884,O-00278,4K Monitor,Electronics,400,2
I-000885,O-00278,Standing Desk,Furniture,600,2
I-000886,O-00278,Wireless Mouse,Accessories,50,2
I-000887,O-00279,Standing Desk,Furniture,600,3
I-000888,O-00279,Standing Desk,Furniture,600,2
I-000889,O-00279,Mechanical Keyboard,Accessories,130,2
I-000890,O-00279,Monitor Stand,Accessories,75,2
I-000891,O-00280,Mechanical Keyboard,Accessories,130,2
I-000892,O-00280,Monitor Stand,Accessories,75,2
I-000893,O-00281,Standing Desk,Furniture,600,3
I-000894,O-00281,Webcam 1080p,Accessories,80,3
I-000895,O-00281,Standing Desk,Furniture,600,2
I-000896,O-00281,Laptop Pro,Electronics,1200,2
I-000897,O-00282,Webcam 1080p,Accessories,80,3
I-000898,O-00282,Noise Cancelling Headphones,Electronics,300,3
I-000899,O-00282,Monitor Stand,Accessories,75,2
I-000900,O-00282,Office Chair,Furniture,250,2
I-000901,O-00282,Laptop Pro,Electronics,1200,3
I-000902,O-00283,Standing Desk,Furniture,600,1
I-000903,O-00283,4K Monitor,Electronics,400,3
I-000904,O-00284,Standing Desk,Furniture,600,1
I-000905,O-00284,Webcam 1080p,Accessories,80,3
I-000906,O-00284,Office Chair,Furniture,250,1
I-000907,O-00285,Laptop Pro,Electronics,1200,1
I-000908,O-00286,Laptop Pro,Electronics,1200,1
I-000909,O-00286,Mechanical Keyboard,Accessories,130,3
I-000910,O-00286,Wireless Mouse,Accessories,50,1
I-000911,O-00286,Office Chair,Furniture,250,1
I-000912,O-00286,Wireless Mouse,Accessories,50,3
I-000913,O-00287,Webcam 1080p,Accessories,80,3
I-000914,O-00287,4K Monitor,Electronics,400,1
I-000915,O-00288,Noise Cancelling Headphones,Electronics,300,1
I-000916,O-00289,4K Monitor,Electronics,400,1
I-000917,O-00289,Webcam 1080p,Accessories,80,3
I-000918,O-00289,4K Monitor,Electronics,400,1
I-000919,O-00289,Webcam 1080p,Accessories,80,2
I-000920,O-00290,Mechanical Keyboard,Accessories,130,2
I-000921,O-00290,Webcam 1080p,Accessories,80,2
I-000922,O-00290,4K Monitor,Electronics,400,3
I-000923,O-00291,Office Chair,Furniture,250,1
I-000924,O-00291,Noise Cancelling Headphones,Electronics,300,2
I-000925,O-00291,Office Chair,Furniture,250,2
I-000926,O-00292,Webcam 1080p,Accessories,80,1
I-000927,O-00292,Office Chair,Furniture,250,2
I-000928,O-00292,Noise Cancelling Headphones,Electronics,300,1
I-000929,O-00293,Webcam 1080p,Accessories,80,1
I-000930,O-00293,Wireless Mouse,Accessories,50,1
I-000931,O-00293,Monitor Stand,Accessories,75,3
I-000932,O-00293,4K Monitor,Electronics,400,2
I-000933,O-00294,4K Monitor,Electronics,400,2
I-000934,O-00294,Laptop Pro,Electronics,1200,3
I-000935,O-00295,Laptop Pro,Electronics,1200,2
I-000936,O-00295,Laptop Pro,Electronics,1200,2
I-000937,O-00295,4K Monitor,Electronics,400,1
I-000938,O-00296,Wireless Mouse,Accessories,50,2
I-000939,O-00296,4K Monitor,Electronics,400,1
I-000940,O-00296,Webcam 1080p,Accessories,80,3
I-000941,O-00296,4K Monitor,Electronics,400,2
I-000942,O-00297,4K Monitor,Electronics,400,2
I-000943,O-00297,Mechanical Keyboard,Accessories,130,2
I-000944,O-00297,Webcam 1080p,Accessories,80,3
I-000945,O-00297,Mechanical Keyboard,Accessories,130,1
I-000946,O-00298,Office Chair,Furniture,250,3
I-000947,O-00298,Monitor Stand,Accessories,75,2
I-000948,O-00298,Standing Desk,Furniture,600,2
I-000949,O-00298,Noise Cancelling Headphones,Electronics,300,3
I-000950,O-00298,Wireless Mouse,Accessories,50,2
I-000951,O-00299,Laptop Pro,Electronics,1200,2
I-000952,O-00299,Webcam 1080p,Accessories,80,1
I-000953,O-00299,4K Monitor,Electronics,400,2
I-000954,O-00299,Monitor Stand,Accessories,75,2
I-000955,O-00300,Wireless Mouse,Accessories,50,2
I-000956,O-00300,Laptop Pro,Electronics,1200,3
I-000957,O-00301,Office Chair,Furniture,250,1
I-000958,O-00301,Monitor Stand,Accessories,75,3
I-000959,O-00302,Mechanical Keyboard,Accessories,130,1
I-000960,O-00302,Noise Cancelling Headphones,Electronics,300,1
I-000961,O-00302,Monitor Stand,Accessories,75,1
I-000962,O-00303,Laptop Pro,Electronics,1200,1
I-000963,O-00303,Webcam 1080p,Accessories,80,2
I-000964,O-00304,Laptop Pro,Electronics,1200,2
I-000965,O-00304,Mechanical Keyboard,Accessories,130,1
I-000966,O-00304,Office Chair,Furniture,250,1
I-000967,O-00304,Mechanical Keyboard,Accessories,130,2
I-000968,O-00305,Monitor Stand,Accessories,75,3
I-000969,O-00306,Monitor Stand,Accessories,75,1
I-000970,O-00307,Mechanical Keyboard,Accessories,130,1
I-000971,O-00307,Standing Desk,Furniture,600,1
I-000972,O-00307,Noise Cancelling Headphones,Electronics,300,3
I-000973,O-00307,Wireless Mouse,Accessories,50,1
I-000974,O-00307,4K Monitor,Electronics,400,2
I-000975,O-00308,Mechanical Keyboard,Accessories,130,3
I-000976,O-00309,Office Chair,Furniture,250,3
I-000977,O-00310,Laptop Pro,Electronics,1200,2
I-000978,O-00310,4K Monitor,Electronics,400,1
I-000979,O-00311,4K Monitor,Electronics,400,1
I-000980,O-00311,Noise Cancelling Headphones,Electronics,300,2
I-000981,O-00311,Laptop Pro,Electronics,1200,3
I-000982,O-00311,Noise Cancelling Headphones,Electronics,300,3
I-000983,O-00312,Laptop Pro,Electronics,1200,2
I-000984,O-00312,Wireless Mouse,Accessories,50,3
I-000985,O-00313,Office Chair,Furniture,250,1
I-000986,O-00313,Webcam 1080p,Accessories,80,1
I-000987,O-00313,4K Monitor,Electronics,400,3
I-000988,O-00313,Wireless Mouse,Accessories,50,1
I-000989,O-00314,Laptop Pro,Electronics,1200,1
I-000990,O-00314,Office Chair,Furniture,250,3
I-000991,O-00314,Standing Desk,Furniture,600,2
I-000992,O-00315,Wireless Mouse,Accessories,50,3
I-000993,O-00315,Office Chair,Furniture,250,3
I-000994,O-00315,4K Monitor,Electronics,400,2
I-000995,O-00315,Wireless Mouse,Accessories,50,1
I-000996,O-00315,Noise Cancelling Headphones,Electronics,300,1
I-000997,O-00316,Laptop Pro,Electronics,1200,3
I-000998,O-00316,Laptop Pro,Electronics,1200,2
I-000999,O-00316,Webcam 1080p,Accessories,80,2
I-001000,O-00316,Standing Desk,Furniture,600,3
I-001001,O-00317,Standing Desk,Furniture,600,2
I-001002,O-00317,Wireless Mouse,Accessories,50,1
I-001003,O-00317,4K Monitor,Electronics,400,1
I-001004,O-00317,Mechanical Keyboard,Accessories,130,3
I-001005,O-00318,4K Monitor,Electronics,400,3
I-001006,O-00319,4K Monitor,Electronics,400,2
I-001007,O-00319,Laptop Pro,Electronics,1200,1
I-001008,O-00319,Noise Cancelling Headphones,Electronics,300,3
I-001009,O-00319,Office Chair,Furniture,250,1
I-001010,O-00320,Wireless Mouse,Accessories,50,1
I-001011,O-00320,Mechanical Keyboard,Accessories,130,3
I-001012,O-00321,Noise Cancelling Headphones,Electronics,300,2
I-001013,O-00321,Webcam 1080p,Accessories,80,3
I-001014,O-00321,Mechanical Keyboard,Accessories,130,3
I-001015,O-00322,Office Chair,Furniture,250,1
I-001016,O-00322,Wireless Mouse,Accessories,50,3
I-001017,O-00323,Mechanical Keyboard,Accessories,130,2
I-001018,O-00323,Wireless Mouse,Accessories,50,2
I-001019,O-00323,Webcam 1080p,Accessories,80,1
I-001020,O-00323,Laptop Pro,Electronics,1200,2
I-001021,O-00324,Monitor Stand,Accessories,75,1
I-001022,O-00324,Noise Cancelling Headphones,Electronics,300,1
I-001023,O-00324,Standing Desk,Furniture,600,3
I-001024,O-00325,Webcam 1080p,Accessories,80,1
I-001025,O-00326,Noise Cancelling Headphones,Electronics,300,1
I-001026,O-00326,Mechanical Keyboard,Accessories,130,1
I-001027,O-00327,Standing Desk,Furniture,600,2
I-001028,O-00327,4K Monitor,Electronics,400,2
I-001029,O-00328,Standing Desk,Furniture,600,1
I-001030,O-00328,Webcam 1080p,Accessories,80,1
I-001031,O-00329,Office Chair,Furniture,250,1
I-001032,O-00329,Office Chair,Furniture,250,2
I-001033,O-00329,Monitor Stand,Accessories,75,1
I-001034,O-00330,Mechanical Keyboard,Accessories,130,2
I-001035,O-00331,Webcam 1080p,Accessories,80,1
I-001036,O-00332,Webcam 1080p,Accessories,80,2
I-001037,O-00332,Mechanical Keyboard,Accessories,130,2
I-001038,O-00333,Mechanical Keyboard,Accessories,130,2
I-001039,O-00333,Wireless Mouse,Accessories,50,2
I-001040,O-00334,Monitor Stand,Accessories,75,3
I-001041,O-00334,Laptop Pro,Electronics,1200,1
I-001042,O-00335,Wireless Mouse,Accessories,50,1
I-001043,O-00335,Noise Cancelling Headphones,Electronics,300,2
I-001044,O-00335,Mechanical Keyboard,Accessories,130,1
I-001045,O-00336,4K Monitor,Electronics,400,3
I-001046,O-00336,Noise Cancelling Headphones,Electronics,300,1
I-001047,O-00336,4K Monitor,Electronics,400,3
I-001048,O-00337,Noise Cancelling Headphones,Electronics,300,3
I-001049,O-00337,Laptop Pro,Electronics,1200,2
I-001050,O-00337,Noise Cancelling Headphones,Electronics,300,2
I-001051,O-00337,Mechanical Keyboard,Accessories,130,2
I-001052,O-00337,Webcam 1080p,Accessories,80,1
I-001053,O-00338,Standing Desk,Furniture,600,3
I-001054,O-00338,Office Chair,Furniture,250,1
I-001055,O-00338,Office Chair,Furniture,250,3
I-001056,O-00338,4K Monitor,Electronics,400,1
I-001057,O-00339,Webcam 1080p,Accessories,80,1
I-001058,O-00339,Laptop Pro,Electronics,1200,2
I-001059,O-00339,Mechanical Keyboard,Accessories,130,3
I-001060,O-00339,Standing Desk,Furniture,600,2
I-001061,O-00340,Noise Cancelling Headphones,Electronics,300,1
I-001062,O-00340,Standing Desk,Furniture,600,3
I-001063,O-00340,Laptop Pro,Electronics,1200,1
I-001064,O-00340,Mechanical Keyboard,Accessories,130,3
I-001065,O-00341,Webcam 1080p,Accessories,80,1
I-001066,O-00341,Wireless Mouse,Accessories,50,1
I-001067,O-00341,Office Chair,Furniture,250,2
I-001068,O-00341,4K Monitor,Electronics,400,3
I-001069,O-00342,Wireless Mouse,Accessories,50,3
I-001070,O-00342,Mechanical Keyboard,Accessories,130,1
I-001071,O-00342,4K Monitor,Electronics,400,2
I-001072,O-00343,Standing Desk,Furniture,600,2
I-001073,O-00343,Noise Cancelling Headphones,Electronics,300,3
I-001074,O-00343,Monitor Stand,Accessories,75,2
I-001075,O-00343,Noise Cancelling Headphones,Electronics,300,3
I-001076,O-00344,Noise Cancelling Headphones,Electronics,300,1
I-001077,O-00345,Webcam 1080p,Accessories,80,2
I-001078,O-00345,Office Chair,Furniture,250,3
I-001079,O-00345,Laptop Pro,Electronics,1200,3
I-001080,O-00345,Monitor Stand,Accessories,75,3
I-001081,O-00346,Noise Cancelling Headphones,Electronics,300,1
I-001082,O-00346,Noise Cancelling Headphones,Electronics,300,3
I-001083,O-00346,Laptop Pro,Electronics,1200,3
I-001084,O-00346,Noise Cancelling Headphones,Electronics,300,2
I-001085,O-00346,Standing Desk,Furniture,600,1
I-001086,O-00347,Monitor Stand,Accessories,75,2
I-001087,O-00348,Laptop Pro,Electronics,1200,1
I-001088,O-00348,Monitor Stand,Accessories,75,1
I-001089,O-00348,4K Monitor,Electronics,400,2
I-001090,O-00348,Standing Desk,Furniture,600,1
I-001091,O-00348,4K Monitor,Electronics,400,3
I-001092,O-00349,4K Monitor,Electronics,400,3
I-001093,O-00350,Noise Cancelling Headphones,Electronics,300,2
I-001094,O-00350,Standing Desk,Furniture,600,3
I-001095,O-00350,Standing Desk,Furniture,600,3
I-001096,O-00350,Standing Desk,Furniture,600,2
I-001097,O-00350,Office Chair,Furniture,250,2
I-001098,O-00351,Laptop Pro,Electronics,1200,2
I-001099,O-00352,Mechanical Keyboard,Accessories,130,3
I-001100,O-00352,Mechanical Keyboard,Accessories,130,3
I-001101,O-00352,Wireless Mouse,Accessories,50,2
I-001102,O-00352,Standing Desk,Furniture,600,2
I-001103,O-00353,Monitor Stand,Accessories,75,1
I-001104,O-00353,Standing Desk,Furniture,600,2
I-001105,O-00353,Standing Desk,Furniture,600,1
I-001106,O-00353,Webcam 1080p,Accessories,80,1
I-001107,O-00353,Noise Cancelling Headphones,Electronics,300,2
I-001108,O-00354,Office Chair,Furniture,250,1
I-001109,O-00354,Webcam 1080p,Accessories,80,1
I-001110,O-00355,Wireless Mouse,Accessories,50,1
I-001111,O-00355,Wireless Mouse,Accessories,50,3
I-001112,O-00355,Wireless Mouse,Accessories,50,3
I-001113,O-00356,Office Chair,Furniture,250,3
I-001114,O-00357,Webcam 1080p,Accessories,80,1
I-001115,O-00357,Mechanical Keyboard,Accessories,130,1
I-001116,O-00357,Monitor Stand,Accessories,75,1
I-001117,O-00357,Standing Desk,Furniture,600,1
I-001118,O-00357,Laptop Pro,Electronics,1200,3
I-001119,O-00358,Monitor Stand,Accessories,75,2
I-001120,O-00358,Monitor Stand,Accessories,75,2
I-001121,O-00358,4K Monitor,Electronics,400,3
I-001122,O-00359,Noise Cancelling Headphones,Electronics,300,1
I-001123,O-00359,Mechanical Keyboard,Accessories,130,2
I-001124,O-00359,Office Chair,Furniture,250,1
I-001125,O-00359,Wireless Mouse,Accessories,50,2
I-001126,O-00359,Noise Cancelling Headphones,Electronics,300,2
I-001127,O-00360,Standing Desk,Furniture,600,2
I-001128,O-00360,Laptop Pro,Electronics,1200,1
I-001129,O-00360,Monitor Stand,Accessories,75,3
I-001130,O-00361,Standing Desk,Furniture,600,1
I-001131,O-00361,Office Chair,Furniture,250,3
I-001132,O-00362,Wireless Mouse,Accessories,50,2
I-001133,O-00362,Wireless Mouse,Accessories,50,3
I-001134,O-00363,Monitor Stand,Accessories,75,1
I-001135,O-00363,Monitor Stand,Accessories,75,3
I-001136,O-00364,4K Monitor,Electronics,400,2
I-001137,O-00365,Monitor Stand,Accessories,75,1
I-001138,O-00365,Mechanical Keyboard,Accessories,130,3
I-001139,O-00366,Wireless Mouse,Accessories,50,1
I-001140,O-00366,Laptop Pro,Electronics,1200,2
I-001141,O-00366,Webcam 1080p,Accessories,80,2
I-001142,O-00367,Laptop Pro,Electronics,1200,3
I-001143,O-00367,Standing Desk,Furniture,600,2
I-001144,O-00368,Mechanical Keyboard,Accessories,130,3
I-001145,O-00368,Office Chair,Furniture,250,3
I-001146,O-00368,Webcam 1080p,Accessories,80,1
I-001147,O-00369,Standing Desk,Furniture,600,1
I-001148,O-00369,Webcam 1080p,Accessories,80,1
I-001149,O-00369,Monitor Stand,Accessories,75,3
I-001150,O-00369,Wireless Mouse,Accessories,50,3
I-001151,O-00369,Mechanical Keyboard,Accessories,130,1
I-001152,O-00370,Laptop Pro,Electronics,1200,2
I-001153,O-00370,4K Monitor,Electronics,400,1
I-001154,O-00370,Wireless Mouse,Accessories,50,2
I-001155,O-00371,4K Monitor,Electronics,400,1
I-001156,O-00372,Mechanical Keyboard,Accessories,130,2
I-001157,O-00372,Noise Cancelling Headphones,Electronics,300,3
I-001158,O-00372,Standing Desk,Furniture,600,3
I-001159,O-00372,Wireless Mouse,Accessories,50,1
I-001160,O-00372,Laptop Pro,Electronics,1200,3
I-001161,O-00373,Wireless Mouse,Accessories,50,3
I-001162,O-00373,Office Chair,Furniture,250,2
I-001163,O-00373,4K Monitor,Electronics,400,2
I-001164,O-00373,Webcam 1080p,Accessories,80,1
I-001165,O-00374,Monitor Stand,Accessories,75,2
I-001166,O-00374,Monitor Stand,Accessories,75,3
I-001167,O-00374,Office Chair,Furniture,250,1
I-001168,O-00374,Monitor Stand,Accessories,75,1
I-001169,O-00375,Standing Desk,Furniture,600,3
I-001170,O-00375,Monitor Stand,Accessories,75,2
I-001171,O-00375,Monitor Stand,Accessories,75,3
I-001172,O-00375,Wireless Mouse,Accessories,50,2
I-001173,O-00376,Noise Cancelling Headphones,Electronics,300,1
I-001174,O-00376,4K Monitor,Electronics,400,1
I-001175,O-00377,Mechanical Keyboard,Accessories,130,1
I-001176,O-00377,Noise Cancelling Headphones,Electronics,300,3
I-001177,O-00377,Webcam 1080p,Accessories,80,2
I-001178,O-00378,Laptop Pro,Electronics,1200,3
I-001179,O-00379,Monitor Stand,Accessories,75,1
I-001180,O-00379,4K Monitor,Electronics,400,1
I-001181,O-00379,Standing Desk,Furniture,600,1
I-001182,O-00380,Office Chair,Furniture,250,3
I-001183,O-00380,Mechanical Keyboard,Accessories,130,2
I-001184,O-00380,Noise Cancelling Headphones,Electronics,300,2
I-001185,O-00380,Office Chair,Furniture,250,3
I-001186,O-00381,Office Chair,Furniture,250,3
I-001187,O-00381,Noise Cancelling Headphones,Electronics,300,3
I-001188,O-00381,Wireless Mouse,Accessories,50,2
I-001189,O-00381,Office Chair,Furniture,250,1
I-001190,O-00382,Monitor Stand,Accessories,75,1
I-001191,O-00382,Mechanical Keyboard,Accessories,130,1
I-001192,O-00382,Standing Desk,Furniture,600,1
I-001193,O-00383,Mechanical Keyboard,Accessories,130,2
I-001194,O-00383,Webcam 1080p,Accessories,80,3
I-001195,O-00383,4K Monitor,Electronics,400,2
I-001196,O-00384,Monitor Stand,Accessories,75,2
I-001197,O-00384,Office Chair,Furniture,250,3
I-001198,O-00384,Standing Desk,Furniture,600,3
I-001199,O-00384,Webcam 1080p,Accessories,80,3
I-001200,O-00384,Noise Cancelling Headphones,Electronics,300,1
I-001201,O-00385,Wireless Mouse,Accessories,50,3
I-001202,O-00385,Laptop Pro,Electronics,1200,1
I-001203,O-00385,Office Chair,Furniture,250,2
I-001204,O-00386,Laptop Pro,Electronics,1200,3
I-001205,O-00386,Monitor Stand,Accessories,75,2
I-001206,O-00387,Office Chair,Furniture,250,3
I-001207,O-00388,Mechanical Keyboard,Accessories,130,3
I-001208,O-00389,Standing Desk,Furniture,600,1
I-001209,O-00389,4K Monitor,Electronics,400,3
I-001210,O-00390,Noise Cancelling Headphones,Electronics,300,2
I-001211,O-00390,Noise Cancelling Headphones,Electronics,300,2
I-001212,O-00390,Standing Desk,Furniture,600,3
I-001213,O-00391,Laptop Pro,Electronics,1200,1
I-001214,O-00391,4K Monitor,Electronics,400,1
I-001215,O-00391,Noise Cancelling Headphones,Electronics,300,3
I-001216,O-00392,Monitor Stand,Accessories,75,1
I-001217,O-00392,Mechanical Keyboard,Accessories,130,1
I-001218,O-00392,Monitor Stand,Accessories,75,1
I-001219,O-00393,Mechanical Keyboard,Accessories,130,3
I-001220,O-00393,Noise Cancelling Headphones,Electronics,300,3
I-001221,O-00394,Noise Cancelling Headphones,Electronics,300,1
I-001222,O-00394,Standing Desk,Furniture,600,1
I-001223,O-00394,Standing Desk,Furniture,600,1
I-001224,O-00394,Noise Cancelling Headphones,Electronics,300,1
I-001225,O-00394,Monitor Stand,Accessories,75,2
I-001226,O-00395,Office Chair,Furniture,250,3
I-001227,O-00395,Monitor Stand,Accessories,75,3
I-001228,O-00395,Noise Cancelling Headphones,Electronics,300,2
I-001229,O-00396,Standing Desk,Furniture,600,1
I-001230,O-00396,Laptop Pro,Electronics,1200,1
I-001231,O-00397,Noise Cancelling Headphones,Electronics,300,1
I-001232,O-00397,Wireless Mouse,Accessories,50,2
I-001233,O-00398,Wireless Mouse,Accessories,50,2
I-001234,O-00398,Webcam 1080p,Accessories,80,3
I-001235,O-00399,Laptop Pro,Electronics,1200,2
I-001236,O-00400,Laptop Pro,Electronics,1200,1
I-001237,O-00400,Laptop Pro,Electronics,1200,2
I-001238,O-00400,Noise Cancelling Headphones,Electronics,300,1
I-001239,O-00400,Mechanical Keyboard,Accessories,130,2
I-001240,O-00401,Laptop Pro,Electronics,1200,3
I-001241,O-00402,Standing Desk,Furniture,600,1
I-001242,O-00403,Wireless Mouse,Accessories,50,3
I-001243,O-00403,Webcam 1080p,Accessories,80,2
I-001244,O-00403,Wireless Mouse,Accessories,50,3
I-001245,O-00403,Monitor Stand,Accessories,75,2
I-001246,O-00403,Laptop Pro,Electronics,1200,2
I-001247,O-00404,Noise Cancelling Headphones,Electronics,300,3
I-001248,O-00404,Noise Cancelling Headphones,Electronics,300,1
I-001249,O-00405,4K Monitor,Electronics,400,1
I-001250,O-00405,Laptop Pro,Electronics,1200,2
I-001251,O-00405,4K Monitor,Electronics,400,1
I-001252,O-00405,Laptop Pro,Electronics,1200,3
I-001253,O-00405,Wireless Mouse,Accessories,50,1
I-001254,O-00406,Webcam 1080p,Accessories,80,3
I-001255,O-00407,Monitor Stand,Accessories,75,1
I-001256,O-00407,4K Monitor,Electronics,400,2
I-001257,O-00407,Monitor Stand,Accessories,75,2
I-001258,O-00407,Webcam 1080p,Accessories,80,2
I-001259,O-00408,Mechanical Keyboard,Accessories,130,2
I-001260,O-00408,Monitor Stand,Accessories,75,1
I-001261,O-00409,Laptop Pro,Electronics,1200,3
I-001262,O-00409,Wireless Mouse,Accessories,50,3
I-001263,O-00409,Standing Desk,Furniture,600,1
I-001264,O-00409,Standing Desk,Furniture,600,1
I-001265,O-00410,Mechanical Keyboard,Accessories,130,3
I-001266,O-00410,Monitor Stand,Accessories,75,2
I-001267,O-00410,Mechanical Keyboard,Accessories,130,3
I-001268,O-00411,Office Chair,Furniture,250,1
I-001269,O-00411,Monitor Stand,Accessories,75,2
I-001270,O-00411,Webcam 1080p,Accessories,80,3
I-001271,O-00411,Monitor Stand,Accessories,75,2
I-001272,O-00412,Laptop Pro,Electronics,1200,3
I-001273,O-00412,Standing Desk,Furniture,600,1
I-001274,O-00413,Monitor Stand,Accessories,75,2
I-001275,O-00413,4K Monitor,Electronics,400,3
I-001276,O-00413,Laptop Pro,Electronics,1200,3
I-001277,O-00413,Wireless Mouse,Accessories,50,1
I-001278,O-00414,Laptop Pro,Electronics,1200,2
I-001279,O-00414,Webcam 1080p,Accessories,80,1
I-001280,O-00415,Noise Cancelling Headphones,Electronics,300,3
I-001281,O-00415,Monitor Stand,Accessories,75,3
I-001282,O-00415,Office Chair,Furniture,250,3
I-001283,O-00415,Monitor Stand,Accessories,75,2
I-001284,O-00415,Mechanical Keyboard,Accessories,130,3
I-001285,O-00416,Monitor Stand,Accessories,75,3
I-001286,O-00416,Standing Desk,Furniture,600,2
I-001287,O-00416,Webcam 1080p,Accessories,80,1
I-001288,O-00416,Webcam 1080p,Accessories,80,2
I-001289,O-00417,Wireless Mouse,Accessories,50,2
I-001290,O-00418,Office Chair,Furniture,250,1
I-001291,O-00418,Webcam 1080p,Accessories,80,2
I-001292,O-00418,Laptop Pro,Electronics,1200,3
I-001293,O-00418,Standing Desk,Furniture,600,1
I-001294,O-00419,Monitor Stand,Accessories,75,1
I-001295,O-00419,Standing Desk,Furniture,600,2
I-001296,O-00420,4K Monitor,Electronics,400,2
I-001297,O-00420,Standing Desk,Furniture,600,1
I-001298,O-00420,4K Monitor,Electronics,400,2
I-001299,O-00420,Mechanical Keyboard,Accessories,130,3
I-001300,O-00420,Mechanical Keyboard,Accessories,130,2
I-001301,O-00421,Mechanical Keyboard,Accessories,130,1
I-001302,O-00421,Mechanical Keyboard,Accessories,130,1
I-001303,O-00421,Noise Cancelling Headphones,Electronics,300,2
I-001304,O-00421,Mechanical Keyboard,Accessories,130,1
I-001305,O-00422,Mechanical Keyboard,Accessories,130,1
I-001306,O-00422,Noise Cancelling Headphones,Electronics,300,3
I-001307,O-00422,Monitor Stand,Accessories,75,3
I-001308,O-00422,Laptop Pro,Electronics,1200,2
I-001309,O-00423,Mechanical Keyboard,Accessories,130,3
I-001310,O-00423,Wireless Mouse,Accessories,50,2
I-001311,O-00424,Standing Desk,Furniture,600,3
I-001312,O-00424,4K Monitor,Electronics,400,3
I-001313,O-00424,Mechanical Keyboard,Accessories,130,2
I-001314,O-00424,Mechanical Keyboard,Accessories,130,2
I-001315,O-00425,Noise Cancelling Headphones,Electronics,300,3
I-001316,O-00425,Mechanical Keyboard,Accessories,130,3
I-001317,O-00425,Monitor Stand,Accessories,75,2
I-001318,O-00425,Mechanical Keyboard,Accessories,130,2
I-001319,O-00425,Webcam 1080p,Accessories,80,2
I-001320,O-00426,Laptop Pro,Electronics,1200,1
I-001321,O-00427,Noise Cancelling Headphones,Electronics,300,3
I-001322,O-00427,Monitor Stand,Accessories,75,3
I-001323,O-00428,Standing Desk,Furniture,600,3
I-001324,O-00429,Monitor Stand,Accessories,75,2
I-001325,O-00429,Monitor Stand,Accessories,75,2
I-001326,O-00429,Webcam 1080p,Accessories,80,1
I-001327,O-00430,Office Chair,Furniture,250,3
I-001328,O-00430,4K Monitor,Electronics,400,1
I-001329,O-00431,Noise Cancelling Headphones,Electronics,300,1
I-001330,O-00432,Wireless Mouse,Accessories,50,3
I-001331,O-00432,Mechanical Keyboard,Accessories,130,2
I-001332,O-00432,Laptop Pro,Electronics,1200,3
I-001333,O-00433,Webcam 1080p,Accessories,80,2
I-001334,O-00433,Office Chair,Furniture,250,3
I-001335,O-00433,Standing Desk,Furniture,600,2
I-001336,O-00433,4K Monitor,Electronics,400,2
I-001337,O-00433,Webcam 1080p,Accessories,80,3
I-001338,O-00434,Noise Cancelling Headphones,Electronics,300,1
I-001339,O-00435,Monitor Stand,Accessories,75,3
I-001340,O-00435,Mechanical Keyboard,Accessories,130,2
I-001341,O-00436,4K Monitor,Electronics,400,2
I-001342,O-00436,Monitor Stand,Accessories,75,1
I-001343,O-00437,4K Monitor,Electronics,400,1
I-001344,O-00437,Webcam 1080p,Accessories,80,2
I-001345,O-00437,Laptop Pro,Electronics,1200,2
I-001346,O-00437,Noise Cancelling Headphones,Electronics,300,1
I-001347,O-00438,Webcam 1080p,Accessories,80,3
I-001348,O-00438,Monitor Stand,Accessories,75,1
I-001349,O-00438,Office Chair,Furniture,250,3
I-001350,O-00439,Laptop Pro,Electronics,1200,1
I-001351,O-00439,Monitor Stand,Accessories,75,2
I-001352,O-00439,Laptop Pro,Electronics,1200,1
I-001353,O-00439,Noise Cancelling Headphones,Electronics,300,3
I-001354,O-00439,Mechanical Keyboard,Accessories,130,2
I-001355,O-00440,Noise Cancelling Headphones,Electronics,300,3
I-001356,O-00440,Monitor Stand,Accessories,75,3
I-001357,O-00440,Mechanical Keyboard,Accessories,130,2
I-001358,O-00440,Wireless Mouse,Accessories,50,3
I-001359,O-00440,Monitor Stand,Accessories,75,3
I-001360,O-00441,Noise Cancelling Headphones,Electronics,300,3
I-001361,O-00441,4K Monitor,Electronics,400,1
I-001362,O-00442,Mechanical Keyboard,Accessories,130,3
I-001363,O-00442,4K Monitor,Electronics,400,3
I-001364,O-00442,Noise Cancelling Headphones,Electronics,300,3
I-001365,O-00442,Webcam 1080p,Accessories,80,2
I-001366,O-00442,Office Chair,Furniture,250,3
I-001367,O-00443,Mechanical Keyboard,Accessories,130,2
I-001368,O-00444,Wireless Mouse,Accessories,50,2
I-001369,O-00444,Wireless Mouse,Accessories,50,2
I-001370,O-00444,Standing Desk,Furniture,600,2
I-001371,O-00444,Office Chair,Furniture,250,1
I-001372,O-00445,Noise Cancelling Headphones,Electronics,300,2
I-001373,O-00445,Office Chair,Furniture,250,3
I-001374,O-00446,Office Chair,Furniture,250,2
I-001375,O-00446,4K Monitor,Electronics,400,1
I-001376,O-00447,Wireless Mouse,Accessories,50,1
I-001377,O-00448,Noise Cancelling Headphones,Electronics,300,2
I-001378,O-00448,Office Chair,Furniture,250,3
I-001379,O-00449,Monitor Stand,Accessories,75,1
I-001380,O-00449,Webcam 1080p,Accessories,80,2
I-001381,O-00449,Wireless Mouse,Accessories,50,2
I-001382,O-00449,Office Chair,Furniture,250,3
I-001383,O-00450,Wireless Mouse,Accessories,50,1
I-001384,O-00450,Noise Cancelling Headphones,Electronics,300,2
I-001385,O-00450,Webcam 1080p,Accessories,80,3
I-001386,O-00450,Mechanical Keyboard,Accessories,130,2
I-001387,O-00450,Laptop Pro,Electronics,1200,1
I-001388,O-00451,Webcam 1080p,Accessories,80,3
I-001389,O-00451,Standing Desk,Furniture,600,1
I-001390,O-00451,Noise Cancelling Headphones,Electronics,300,1
I-001391,O-00451,Monitor Stand,Accessories,75,1
I-001392,O-00452,Standing Desk,Furniture,600,3
I-001393,O-00452,Webcam 1080p,Accessories,80,2
I-001394,O-00452,Mechanical Keyboard,Accessories,130,2
I-001395,O-00452,Noise Cancelling Headphones,Electronics,300,1
I-001396,O-00452,Webcam 1080p,Accessories,80,1
I-001397,O-00453,Wireless Mouse,Accessories,50,3
I-001398,O-00453,Noise Cancelling Headphones,Electronics,300,3
I-001399,O-00453,Office Chair,Furniture,250,1
I-001400,O-00453,4K Monitor,Electronics,400,2
I-001401,O-00453,Monitor Stand,Accessories,75,1
I-001402,O-00454,Laptop Pro,Electronics,1200,2
I-001403,O-00454,Wireless Mouse,Accessories,50,2
I-001404,O-00455,Office Chair,Furniture,250,1
I-001405,O-00455,4K Monitor,Electronics,400,2
I-001406,O-00455,Mechanical Keyboard,Accessories,130,3
I-001407,O-00455,Monitor Stand,Accessories,75,2
I-001408,O-00456,Standing Desk,Furniture,600,2
I-001409,O-00456,Webcam 1080p,Accessories,80,2
I-001410,O-00456,Noise Cancelling Headphones,Electronics,300,3
I-001411,O-00456,Webcam 1080p,Accessories,80,2
I-001412,O-00457,Laptop Pro,Electronics,1200,3
I-001413,O-00457,Webcam 1080p,Accessories,80,3
I-001414,O-00457,4K Monitor,Electronics,400,1
I-001415,O-00458,Office Chair,Furniture,250,3
I-001416,O-00458,Monitor Stand,Accessories,75,3
I-001417,O-00459,Webcam 1080p,Accessories,80,1
I-001418,O-00459,Standing Desk,Furniture,600,2
I-001419,O-00459,Mechanical Keyboard,Accessories,130,2
I-001420,O-00460,Webcam 1080p,Accessories,80,2
I-001421,O-00461,Office Chair,Furniture,250,2
I-001422,O-00461,Webcam 1080p,Accessories,80,1
I-001423,O-00461,Standing Desk,Furniture,600,1
I-001424,O-00462,4K Monitor,Electronics,400,1
I-001425,O-00462,Noise Cancelling Headphones,Electronics,300,2
I-001426,O-00462,Standing Desk,Furniture,600,1
I-001427,O-00462,Monitor Stand,Accessories,75,2
I-001428,O-00463,Standing Desk,Furniture,600,1
I-001429,O-00463,Webcam 1080p,Accessories,80,1
I-001430,O-00463,Office Chair,Furniture,250,3
I-001431,O-00463,Monitor Stand,Accessories,75,2
I-001432,O-00464,Laptop Pro,Electronics,1200,3
I-001433,O-00464,Monitor Stand,Accessories,75,1
I-001434,O-00464,Standing Desk,Furniture,600,1
I-001435,O-00464,Mechanical Keyboard,Accessories,130,3
I-001436,O-00464,Office Chair,Furniture,250,3
I-001437,O-00465,4K Monitor,Electronics,400,1
I-001438,O-00465,Noise Cancelling Headphones,Electronics,300,1
I-001439,O-00466,Wireless Mouse,Accessories,50,1
I-001440,O-00466,Office Chair,Furniture,250,3
I-001441,O-00466,4K Monitor,Electronics,400,3
I-001442,O-00466,Laptop Pro,Electronics,1200,3
I-001443,O-00467,Noise Cancelling Headphones,Electronics,300,2
I-001444,O-00467,Standing Desk,Furniture,600,2
I-001445,O-00468,Noise Cancelling Headphones,Electronics,300,2
I-001446,O-00468,Wireless Mouse,Accessories,50,2
I-001447,O-00468,Wireless Mouse,Accessories,50,1
I-001448,O-00468,4K Monitor,Electronics,400,1
I-001449,O-00469,Monitor Stand,Accessories,75,3
I-001450,O-00469,Monitor Stand,Accessories,75,1
I-001451,O-00469,Monitor Stand,Accessories,75,1
I-001452,O-00469,Noise Cancelling Headphones,Electronics,300,1
I-001453,O-00470,4K Monitor,Electronics,400,3
I-001454,O-00470,4K Monitor,Electronics,400,1
I-001455,O-00470,Webcam 1080p,Accessories,80,1
I-001456,O-00470,Webcam 1080p,Accessories,80,2
I-001457,O-00470,Wireless Mouse,Accessories,50,3
I-001458,O-00471,4K Monitor,Electronics,400,3
I-001459,O-00471,Wireless Mouse,Accessories,50,1
I-001460,O-00471,Webcam 1080p,Accessories,80,1
I-001461,O-00471,Wireless Mouse,Accessories,50,3
I-001462,O-00472,Monitor Stand,Accessories,75,3
I-001463,O-00472,Webcam 1080p,Accessories,80,1
I-001464,O-00472,Mechanical Keyboard,Accessories,130,1
I-001465,O-00472,Standing Desk,Furniture,600,2
I-001466,O-00472,Wireless Mouse,Accessories,50,2
I-001467,O-00473,Monitor Stand,Accessories,75,2
I-001468,O-00473,Monitor Stand,Accessories,75,3
I-001469,O-00473,Wireless Mouse,Accessories,50,3
I-001470,O-00473,Wireless Mouse,Accessories,50,1
I-001471,O-00474,Wireless Mouse,Accessories,50,1
I-001472,O-00474,Noise Cancelling Headphones,Electronics,300,3
I-001473,O-00474,Laptop Pro,Electronics,1200,2
I-001474,O-00474,Webcam 1080p,Accessories,80,1
I-001475,O-00475,4K Monitor,Electronics,400,2
I-001476,O-00475,4K Monitor,Electronics,400,1
I-001477,O-00475,Laptop Pro,Electronics,1200,2
I-001478,O-00476,Standing Desk,Furniture,600,2
I-001479,O-00476,Standing Desk,Furniture,600,1
I-001480,O-00476,Standing Desk,Furniture,600,1
I-001481,O-00476,Standing Desk,Furniture,600,3
I-001482,O-00477,Laptop Pro,Electronics,1200,1
I-001483,O-00478,Webcam 1080p,Accessories,80,3
I-001484,O-00478,Webcam 1080p,Accessories,80,3
I-001485,O-00478,Webcam 1080p,Accessories,80,3
I-001486,O-00478,Webcam 1080p,Accessories,80,1
I-001487,O-00479,Office Chair,Furniture,250,3
I-001488,O-00480,Office Chair,Furniture,250,3
I-001489,O-00480,Monitor Stand,Accessories,75,1
I-001490,O-00480,Monitor Stand,Accessories,75,3
I-001491,O-00480,Webcam 1080p,Accessories,80,1
I-001492,O-00481,Wireless Mouse,Accessories,50,2
I-001493,O-00481,Mechanical Keyboard,Accessories,130,1
I-001494,O-00481,Monitor Stand,Accessories,75,1
I-001495,O-00482,Standing Desk,Furniture,600,2
I-001496,O-00482,Monitor Stand,Accessories,75,1
I-001497,O-00482,Office Chair,Furniture,250,1
I-001498,O-00483,Noise Cancelling Headphones,Electronics,300,2
I-001499,O-00483,Noise Cancelling Headphones,Electronics,300,2
I-001500,O-00483,Standing Desk,Furniture,600,3
I-001501,O-00483,Webcam 1080p,Accessories,80,2
I-001502,O-00484,Office Chair,Furniture,250,1
I-001503,O-00484,Webcam 1080p,Accessories,80,3
I-001504,O-00484,Office Chair,Furniture,250,3
I-001505,O-00484,Webcam 1080p,Accessories,80,3
I-001506,O-00484,Standing Desk,Furniture,600,2
I-001507,O-00485,Wireless Mouse,Accessories,50,1
I-001508,O-00486,Wireless Mouse,Accessories,50,1
I-001509,O-00486,Mechanical Keyboard,Accessories,130,3
I-001510,O-00487,Monitor Stand,Accessories,75,2
I-001511,O-00487,Webcam 1080p,Accessories,80,3
I-001512,O-00487,Webcam 1080p,Accessories,80,3
I-001513,O-00487,Laptop Pro,Electronics,1200,2
I-001514,O-00488,Mechanical Keyboard,Accessories,130,1
I-001515,O-00488,Noise Cancelling Headphones,Electronics,300,1
I-001516,O-00488,Noise Cancelling Headphones,Electronics,300,2
I-001517,O-00488,Wireless Mouse,Accessories,50,1
I-001518,O-00489,Standing Desk,Furniture,600,3
I-001519,O-00489,Noise Cancelling Headphones,Electronics,300,3
I-001520,O-00490,Wireless Mouse,Accessories,50,1
I-001521,O-00490,Webcam 1080p,Accessories,80,1
I-001522,O-00490,Laptop Pro,Electronics,1200,2
I-001523,O-00490,Standing Desk,Furniture,600,3
I-001524,O-00490,Wireless Mouse,Accessories,50,1
I-001525,O-00491,Laptop Pro,Electronics,1200,2
I-001526,O-00491,Standing Desk,Furniture,600,2
I-001527,O-00491,Standing Desk,Furniture,600,3
I-001528,O-00492,Noise Cancelling Headphones,Electronics,300,1
I-001529,O-00493,Laptop Pro,Electronics,1200,3
I-001530,O-00494,Mechanical Keyboard,Accessories,130,1
I-001531,O-00494,Webcam 1080p,Accessories,80,3
I-001532,O-00494,4K Monitor,Electronics,400,3
I-001533,O-00494,Laptop Pro,Electronics,1200,2
I-001534,O-00495,Webcam 1080p,Accessories,80,3
I-001535,O-00495,Webcam 1080p,Accessories,80,1
I-001536,O-00495,Webcam 1080p,Accessories,80,1
I-001537,O-00496,Noise Cancelling Headphones,Electronics,300,2
I-001538,O-00497,Noise Cancelling Headphones,Electronics,300,3
I-001539,O-00497,Standing Desk,Furniture,600,2
I-001540,O-00497,Mechanical Keyboard,Accessories,130,1
I-001541,O-00498,Office Chair,Furniture,250,1
I-001542,O-00498,Office Chair,Furniture,250,1
I-001543,O-00498,Standing Desk,Furniture,600,1
I-001544,O-00498,Monitor Stand,Accessories,75,2
I-001545,O-00499,Office Chair,Furniture,250,2
I-001546,O-00499,Standing Desk,Furniture,600,2
I-001547,O-00499,4K Monitor,Electronics,400,3
I-001548,O-00499,Wireless Mouse,Accessories,50,2
I-001549,O-00500,Wireless Mouse,Accessories,50,2
I-001550,O-00500,4K Monitor,Electronics,400,2
I-001551,O-00500,Noise Cancelling Headphones,Electronics,300,2
I-001552,O-00500,Mechanical Keyboard,Accessories,130,3
I-001553,O-00500,Mechanical Keyboard,Accessories,130,3
I-001554,O-00501,Laptop Pro,Electronics,1200,3
I-001555,O-00501,Monitor Stand,Accessories,75,2
I-001556,O-00501,Monitor Stand,Accessories,75,1
I-001557,O-00501,Wireless Mouse,Accessories,50,1
I-001558,O-00502,Monitor Stand,Accessories,75,2
I-001559,O-00502,Mechanical Keyboard,Accessories,130,3
I-001560,O-00502,Office Chair,Furniture,250,3
I-001561,O-00502,Standing Desk,Furniture,600,3
I-001562,O-00502,Wireless Mouse,Accessories,50,3
I-001563,O-00503,Office Chair,Furniture,250,2
I-001564,O-00504,Webcam 1080p,Accessories,80,2
I-001565,O-00505,Wireless Mouse,Accessories,50,1
I-001566,O-00505,Wireless Mouse,Accessories,50,3
I-001567,O-00505,Webcam 1080p,Accessories,80,2
I-001568,O-00506,4K Monitor,Electronics,400,3
I-001569,O-00506,Mechanical Keyboard,Accessories,130,1
I-001570,O-00506,Webcam 1080p,Accessories,80,3
I-001571,O-00507,Monitor Stand,Accessories,75,2
I-001572,O-00507,Mechanical Keyboard,Accessories,130,2
I-001573,O-00507,Standing Desk,Furniture,600,3
I-001574,O-00507,Noise Cancelling Headphones,Electronics,300,1
I-001575,O-00508,Laptop Pro,Electronics,1200,1
I-001576,O-00508,Standing Desk,Furniture,600,1
I-001577,O-00508,Mechanical Keyboard,Accessories,130,2
I-001578,O-00508,Noise Cancelling Headphones,Electronics,300,3
I-001579,O-00508,Noise Cancelling Headphones,Electronics,300,2
I-001580,O-00509,4K Monitor,Electronics,400,3
I-001581,O-00509,Mechanical Keyboard,Accessories,130,2
I-001582,O-00509,Standing Desk,Furniture,600,2
I-001583,O-00510,Wireless Mouse,Accessories,50,3
I-001584,O-00510,Laptop Pro,Electronics,1200,2
I-001585,O-00511,Monitor Stand,Accessories,75,1
I-001586,O-00512,Monitor Stand,Accessories,75,1
I-001587,O-00513,4K Monitor,Electronics,400,2
I-001588,O-00513,Mechanical Keyboard,Accessories,130,3
I-001589,O-00514,Standing Desk,Furniture,600,3
I-001590,O-00514,Office Chair,Furniture,250,3
I-001591,O-00514,Noise Cancelling Headphones,Electronics,300,2
I-001592,O-00514,4K Monitor,Electronics,400,2
I-001593,O-00514,Standing Desk,Furniture,600,1
I-001594,O-00515,Wireless Mouse,Accessories,50,1
I-001595,O-00515,Wireless Mouse,Accessories,50,3
I-001596,O-00516,Noise Cancelling Headphones,Electronics,300,3
I-001597,O-00516,Wireless Mouse,Accessories,50,1
I-001598,O-00517,Monitor Stand,Accessories,75,3
I-001599,O-00517,4K Monitor,Electronics,400,1
I-001600,O-00518,Office Chair,Furniture,250,2
I-001601,O-00519,Mechanical Keyboard,Accessories,130,1
I-001602,O-00519,Laptop Pro,Electronics,1200,1
I-001603,O-00520,Webcam 1080p,Accessories,80,1
I-001604,O-00520,Mechanical Keyboard,Accessories,130,2
I-001605,O-00520,Noise Cancelling Headphones,Electronics,300,3
I-001606,O-00520,4K Monitor,Electronics,400,2
I-001607,O-00521,Monitor Stand,Accessories,75,1
I-001608,O-00522,Webcam 1080p,Accessories,80,3
I-001609,O-00522,Noise Cancelling Headphones,Electronics,300,2
I-001610,O-00522,Standing Desk,Furniture,600,1
I-001611,O-00522,4K Monitor,Electronics,400,2
I-001612,O-00523,Mechanical Keyboard,Accessories,130,2
I-001613,O-00523,4K Monitor,Electronics,400,1
I-001614,O-00523,4K Monitor,Electronics,400,3
I-001615,O-00523,Standing Desk,Furniture,600,1
I-001616,O-00524,Laptop Pro,Electronics,1200,2
I-001617,O-00524,4K Monitor,Electronics,400,1
I-001618,O-00524,Mechanical Keyboard,Accessories,130,2
I-001619,O-00524,Office Chair,Furniture,250,3
I-001620,O-00524,4K Monitor,Electronics,400,3
I-001621,O-00525,Mechanical Keyboard,Accessories,130,3
I-001622,O-00525,Monitor Stand,Accessories,75,1
I-001623,O-00525,Wireless Mouse,Accessories,50,2
I-001624,O-00526,Monitor Stand,Accessories,75,3
I-001625,O-00526,Mechanical Keyboard,Accessories,130,2
I-001626,O-00526,4K Monitor,Electronics,400,3
I-001627,O-00527,Wireless Mouse,Accessories,50,3
I-001628,O-00527,Office Chair,Furniture,250,3
I-001629,O-00527,Standing Desk,Furniture,600,3
I-001630,O-00527,Webcam 1080p,Accessories,80,2
I-001631,O-00528,Noise Cancelling Headphones,Electronics,300,3
I-001632,O-00528,Noise Cancelling Headphones,Electronics,300,1
I-001633,O-00528,4K Monitor,Electronics,400,3
I-001634,O-00528,Office Chair,Furniture,250,2
I-001635,O-00529,Wireless Mouse,Accessories,50,2
I-001636,O-00529,Wireless Mouse,Accessories,50,1
I-001637,O-00530,Webcam 1080p,Accessories,80,1
I-001638,O-00530,Mechanical Keyboard,Accessories,130,2
I-001639,O-00530,Office Chair,Furniture,250,2
I-001640,O-00530,4K Monitor,Electronics,400,2
I-001641,O-00531,Wireless Mouse,Accessories,50,3
I-001642,O-00531,Noise Cancelling Headphones,Electronics,300,1
I-001643,O-00532,Monitor Stand,Accessories,75,1
I-001644,O-00533,Office Chair,Furniture,250,1
I-001645,O-00533,4K Monitor,Electronics,400,3
I-001646,O-00533,Mechanical Keyboard,Accessories,130,2
I-001647,O-00533,Webcam 1080p,Accessories,80,1
I-001648,O-00533,Noise Cancelling Headphones,Electronics,300,3
I-001649,O-00534,4K Monitor,Electronics,400,1
I-001650,O-00534,Laptop Pro,Electronics,1200,1
I-001651,O-00534,Laptop Pro,Electronics,1200,3
I-001652,O-00534,Webcam 1080p,Accessories,80,3
I-001653,O-00534,Noise Cancelling Headphones,Electronics,300,1
I-001654,O-00535,Laptop Pro,Electronics,1200,1
I-001655,O-00535,Laptop Pro,Electronics,1200,3
I-001656,O-00535,4K Monitor,Electronics,400,2
I-001657,O-00535,Noise Cancelling Headphones,Electronics,300,3
I-001658,O-00535,Webcam 1080p,Accessories,80,2
I-001659,O-00536,Mechanical Keyboard,Accessories,130,1
I-001660,O-00536,Noise Cancelling Headphones,Electronics,300,1
I-001661,O-00536,Wireless Mouse,Accessories,50,2
I-001662,O-00536,Monitor Stand,Accessories,75,2
I-001663,O-00536,Noise Cancelling Headphones,Electronics,300,1
I-001664,O-00537,Noise Cancelling Headphones,Electronics,300,2
I-001665,O-00537,Mechanical Keyboard,Accessories,130,3
I-001666,O-00538,Laptop Pro,Electronics,1200,2
I-001667,O-00538,Monitor Stand,Accessories,75,2
I-001668,O-00539,Wireless Mouse,Accessories,50,2
I-001669,O-00539,Standing Desk,Furniture,600,1
I-001670,O-00540,Noise Cancelling Headphones,Electronics,300,2
I-001671,O-00540,Monitor Stand,Accessories,75,2
I-001672,O-00541,Noise Cancelling Headphones,Electronics,300,3
I-001673,O-00541,Monitor Stand,Accessories,75,1
I-001674,O-00541,Laptop Pro,Electronics,1200,1
I-001675,O-00541,Wireless Mouse,Accessories,50,2
I-001676,O-00541,Laptop Pro,Electronics,1200,2
I-001677,O-00542,Webcam 1080p,Accessories,80,3
I-001678,O-00542,Wireless Mouse,Accessories,50,3
I-001679,O-00542,Laptop Pro,Electronics,1200,1
I-001680,O-00542,Standing Desk,Furniture,600,3
I-001681,O-00543,Webcam 1080p,Accessories,80,3
I-001682,O-00544,Webcam 1080p,Accessories,80,3
I-001683,O-00544,Monitor Stand,Accessories,75,3
I-001684,O-00544,Noise Cancelling Headphones,Electronics,300,2
I-001685,O-00544,Standing Desk,Furniture,600,2
I-001686,O-00544,Noise Cancelling Headphones,Electronics,300,1
I-001687,O-00545,Webcam 1080p,Accessories,80,2
I-001688,O-00545,4K Monitor,Electronics,400,2
I-001689,O-00545,Wireless Mouse,Accessories,50,3
I-001690,O-00546,Noise Cancelling Headphones,Electronics,300,3
I-001691,O-00546,4K Monitor,Electronics,400,3
I-001692,O-00547,Standing Desk,Furniture,600,1
I-001693,O-00547,Noise Cancelling Headphones,Electronics,300,2
I-001694,O-00547,Noise Cancelling Headphones,Electronics,300,1
I-001695,O-00547,Monitor Stand,Accessories,75,1
I-001696,O-00548,Monitor Stand,Accessories,75,2
I-001697,O-00548,Standing Desk,Furniture,600,1
I-001698,O-00548,Standing Desk,Furniture,600,1
I-001699,O-00548,Wireless Mouse,Accessories,50,3
I-001700,O-00548,Webcam 1080p,Accessories,80,3
I-001701,O-00549,Mechanical Keyboard,Accessories,130,1
I-001702,O-00549,Standing Desk,Furniture,600,3
I-001703,O-00549,Wireless Mouse,Accessories,50,3
I-001704,O-00550,Office Chair,Furniture,250,3
I-001705,O-00550,Standing Desk,Furniture,600,1
I-001706,O-00550,Standing Desk,Furniture,600,3
I-001707,O-00551,Noise Cancelling Headphones,Electronics,300,2
I-001708,O-00552,Monitor Stand,Accessories,75,3
I-001709,O-00552,Laptop Pro,Electronics,1200,1
I-001710,O-00552,4K Monitor,Electronics,400,2
I-001711,O-00552,Wireless Mouse,Accessories,50,2
I-001712,O-00552,Office Chair,Furniture,250,1
I-001713,O-00553,4K Monitor,Electronics,400,2
I-001714,O-00553,Webcam 1080p,Accessories,80,2
I-001715,O-00553,4K Monitor,Electronics,400,2
I-001716,O-00553,Mechanical Keyboard,Accessories,130,3
I-001717,O-00553,4K Monitor,Electronics,400,3
I-001718,O-00554,Standing Desk,Furniture,600,3
I-001719,O-00554,Standing Desk,Furniture,600,1
I-001720,O-00554,Mechanical Keyboard,Accessories,130,2
I-001721,O-00554,Office Chair,Furniture,250,2
I-001722,O-00554,Office Chair,Furniture,250,1
I-001723,O-00555,Standing Desk,Furniture,600,1
I-001724,O-00555,Noise Cancelling Headphones,Electronics,300,1
I-001725,O-00556,Monitor Stand,Accessories,75,1
I-001726,O-00557,Wireless Mouse,Accessories,50,3
I-001727,O-00557,Laptop Pro,Electronics,1200,3
I-001728,O-00557,Standing Desk,Furniture,600,2
I-001729,O-00557,Monitor Stand,Accessories,75,2
I-001730,O-00558,Mechanical Keyboard,Accessories,130,2
I-001731,O-00558,Monitor Stand,Accessories,75,1
I-001732,O-00558,Monitor Stand,Accessories,75,1
I-001733,O-00558,Webcam 1080p,Accessories,80,3
I-001734,O-00558,Mechanical Keyboard,Accessories,130,1
I-001735,O-00559,Standing Desk,Furniture,600,1
I-001736,O-00559,Wireless Mouse,Accessories,50,3
I-001737,O-00559,Standing Desk,Furniture,600,1
I-001738,O-00559,Noise Cancelling Headphones,Electronics,300,2
I-001739,O-00560,Laptop Pro,Electronics,1200,1
I-001740,O-00560,Wireless Mouse,Accessories,50,3
I-001741,O-00560,4K Monitor,Electronics,400,2
I-001742,O-00560,Webcam 1080p,Accessories,80,1
I-001743,O-00561,Monitor Stand,Accessories,75,2
I-001744,O-00562,Mechanical Keyboard,Accessories,130,1
I-001745,O-00563,Office Chair,Furniture,250,1
I-001746,O-00563,Monitor Stand,Accessories,75,1
I-001747,O-00563,Office Chair,Furniture,250,1
I-001748,O-00564,Monitor Stand,Accessories,75,3
I-001749,O-00564,Webcam 1080p,Accessories,80,2
I-001750,O-00564,Office Chair,Furniture,250,1
I-001751,O-00564,Office Chair,Furniture,250,1
I-001752,O-00564,Wireless Mouse,Accessories,50,3
I-001753,O-00565,Laptop Pro,Electronics,1200,2
I-001754,O-00565,Laptop Pro,Electronics,1200,3
I-001755,O-00565,Mechanical Keyboard,Accessories,130,2
I-001756,O-00566,Noise Cancelling Headphones,Electronics,300,3
I-001757,O-00566,Mechanical Keyboard,Accessories,130,1
I-001758,O-00566,Standing Desk,Furniture,600,1
I-001759,O-00567,4K Monitor,Electronics,400,1
I-001760,O-00567,Standing Desk,Furniture,600,3
I-001761,O-00567,Standing Desk,Furniture,600,3
I-001762,O-00567,Wireless Mouse,Accessories,50,3
I-001763,O-00567,Standing Desk,Furniture,600,2
I-001764,O-00568,Office Chair,Furniture,250,2
I-001765,O-00568,Monitor Stand,Accessories,75,3
I-001766,O-00568,Mechanical Keyboard,Accessories,130,2
I-001767,O-00568,Webcam 1080p,Accessories,80,3
I-001768,O-00569,Noise Cancelling Headphones,Electronics,300,3
I-001769,O-00570,4K Monitor,Electronics,400,3
I-001770,O-00571,4K Monitor,Electronics,400,1
I-001771,O-00571,Wireless Mouse,Accessories,50,3
I-001772,O-00571,4K Monitor,Electronics,400,3
I-001773,O-00572,Standing Desk,Furniture,600,1
I-001774,O-00572,Webcam 1080p,Accessories,80,1
I-001775,O-00572,Mechanical Keyboard,Accessories,130,3
I-001776,O-00572,Standing Desk,Furniture,600,3
I-001777,O-00572,Mechanical Keyboard,Accessories,130,1
I-001778,O-00573,Office Chair,Furniture,250,1
I-001779,O-00574,Noise Cancelling Headphones,Electronics,300,3
I-001780,O-00574,Noise Cancelling Headphones,Electronics,300,2
I-001781,O-00575,Noise Cancelling Headphones,Electronics,300,3
I-001782,O-00576,Monitor Stand,Accessories,75,1
I-001783,O-00576,Laptop Pro,Electronics,1200,2
I-001784,O-00576,Noise Cancelling Headphones,Electronics,300,2
I-001785,O-00577,Monitor Stand,Accessories,75,2
I-001786,O-00577,Noise Cancelling Headphones,Electronics,300,2
I-001787,O-00578,Laptop Pro,Electronics,1200,2
I-001788,O-00578,Webcam 1080p,Accessories,80,1
I-001789,O-00578,Mechanical Keyboard,Accessories,130,1
I-001790,O-00579,Standing Desk,Furniture,600,3
I-001791,O-00579,Wireless Mouse,Accessories,50,1
I-001792,O-00579,Webcam 1080p,Accessories,80,1
I-001793,O-00580,Webcam 1080p,Accessories,80,1
I-001794,O-00580,Wireless Mouse,Accessories,50,2
I-001795,O-00580,Standing Desk,Furniture,600,2
I-001796,O-00580,Office Chair,Furniture,250,2
I-001797,O-00580,Laptop Pro,Electronics,1200,2
I-001798,O-00581,Laptop Pro,Electronics,1200,1
I-001799,O-00582,4K Monitor,Electronics,400,1
I-001800,O-00582,Mechanical Keyboard,Accessories,130,2
I-001801,O-00582,Standing Desk,Furniture,600,2
I-001802,O-00582,Monitor Stand,Accessories,75,3
I-001803,O-00582,Wireless Mouse,Accessories,50,2
I-001804,O-00583,Mechanical Keyboard,Accessories,130,2
I-001805,O-00584,Webcam 1080p,Accessories,80,3
I-001806,O-00584,Laptop Pro,Electronics,1200,3
I-001807,O-00585,Office Chair,Furniture,250,3
I-001808,O-00586,Office Chair,Furniture,250,1
I-001809,O-00586,Monitor Stand,Accessories,75,3
I-001810,O-00587,Wireless Mouse,Accessories,50,3
I-001811,O-00587,Webcam 1080p,Accessories,80,2
I-001812,O-00587,Monitor Stand,Accessories,75,3
I-001813,O-00587,Webcam 1080p,Accessories,80,2
I-001814,O-00587,Noise Cancelling Headphones,Electronics,300,1
I-001815,O-00588,Noise Cancelling Headphones,Electronics,300,3
I-001816,O-00589,4K Monitor,Electronics,400,2
I-001817,O-00589,Wireless Mouse,Accessories,50,2
I-001818,O-00589,Laptop Pro,Electronics,1200,3
I-001819,O-00590,Noise Cancelling Headphones,Electronics,300,3
I-001820,O-00590,Monitor Stand,Accessories,75,1
I-001821,O-00590,Monitor Stand,Accessories,75,3
I-001822,O-00591,Office Chair,Furniture,250,3
I-001823,O-00591,Wireless Mouse,Accessories,50,1
I-001824,O-00591,Mechanical Keyboard,Accessories,130,1
I-001825,O-00591,Laptop Pro,Electronics,1200,3
I-001826,O-00591,Laptop Pro,Electronics,1200,3
I-001827,O-00592,Noise Cancelling Headphones,Electronics,300,2
I-001828,O-00592,Wireless Mouse,Accessories,50,3
I-001829,O-00592,Mechanical Keyboard,Accessories,130,2
I-001830,O-00593,Webcam 1080p,Accessories,80,3
I-001831,O-00593,Standing Desk,Furniture,600,2
I-001832,O-00593,Office Chair,Furniture,250,2
I-001833,O-00594,Mechanical Keyboard,Accessories,130,1
I-001834,O-00594,4K Monitor,Electronics,400,3
I-001835,O-00595,4K Monitor,Electronics,400,2
I-001836,O-00595,Laptop Pro,Electronics,1200,1
I-001837,O-00596,Standing Desk,Furniture,600,2
I-001838,O-00597,Webcam 1080p,Accessories,80,3
I-001839,O-00597,Standing Desk,Furniture,600,3
I-001840,O-00597,Standing Desk,Furniture,600,1
I-001841,O-00597,Mechanical Keyboard,Accessories,130,3
I-001842,O-00597,Noise Cancelling Headphones,Electronics,300,1
I-001843,O-00598,Standing Desk,Furniture,600,2
I-001844,O-00598,Monitor Stand,Accessories,75,2
I-001845,O-00598,Noise Cancelling Headphones,Electronics,300,1
I-001846,O-00598,Noise Cancelling Headphones,Electronics,300,3
I-001847,O-00599,Wireless Mouse,Accessories,50,2
I-001848,O-00600,Mechanical Keyboard,Accessories,130,1
I-001849,O-00600,Wireless Mouse,Accessories,50,2
I-001850,O-00601,Wireless Mouse,Accessories,50,3
I-001851,O-00601,Noise Cancelling Headphones,Electronics,300,1
I-001852,O-00601,4K Monitor,Electronics,400,1
I-001853,O-00602,Webcam 1080p,Accessories,80,3
I-001854,O-00602,Laptop Pro,Electronics,1200,1
I-001855,O-00602,Mechanical Keyboard,Accessories,130,1
I-001856,O-00602,Standing Desk,Furniture,600,1
I-001857,O-00603,Laptop Pro,Electronics,1200,1
I-001858,O-00603,Office Chair,Furniture,250,3
I-001859,O-00603,Mechanical Keyboard,Accessories,130,3
I-001860,O-00603,Wireless Mouse,Accessories,50,3
I-001861,O-00604,4K Monitor,Electronics,400,3
I-001862,O-00604,Laptop Pro,Electronics,1200,1
I-001863,O-00604,Wireless Mouse,Accessories,50,3
I-001864,O-00604,Laptop Pro,Electronics,1200,3
I-001865,O-00604,Office Chair,Furniture,250,2
I-001866,O-00605,Noise Cancelling Headphones,Electronics,300,3
I-001867,O-00605,Laptop Pro,Electronics,1200,3
I-001868,O-00606,4K Monitor,Electronics,400,3
I-001869,O-00606,Standing Desk,Furniture,600,3
I-001870,O-00606,Noise Cancelling Headphones,Electronics,300,1
I-001871,O-00606,Laptop Pro,Electronics,1200,2
I-001872,O-00606,Monitor Stand,Accessories,75,2
I-001873,O-00607,Office Chair,Furniture,250,1
I-001874,O-00607,Standing Desk,Furniture,600,3
I-001875,O-00607,Mechanical Keyboard,Accessories,130,1
I-001876,O-00607,Monitor Stand,Accessories,75,1
I-001877,O-00608,Webcam 1080p,Accessories,80,2
I-001878,O-00608,Mechanical Keyboard,Accessories,130,1
I-001879,O-00608,Office Chair,Furniture,250,2
I-001880,O-00609,Noise Cancelling Headphones,Electronics,300,1
I-001881,O-00610,Webcam 1080p,Accessories,80,1
I-001882,O-00610,Monitor Stand,Accessories,75,1
I-001883,O-00611,Wireless Mouse,Accessories,50,3
I-001884,O-00611,Office Chair,Furniture,250,3
I-001885,O-00612,Laptop Pro,Electronics,1200,2
I-001886,O-00613,4K Monitor,Electronics,400,3
I-001887,O-00614,Noise Cancelling Headphones,Electronics,300,2
I-001888,O-00614,Office Chair,Furniture,250,1
I-001889,O-00614,Mechanical Keyboard,Accessories,130,2
I-001890,O-00615,Noise Cancelling Headphones,Electronics,300,3
I-001891,O-00615,Webcam 1080p,Accessories,80,2
I-001892,O-00615,Standing Desk,Furniture,600,3
I-001893,O-00615,4K Monitor,Electronics,400,1
I-001894,O-00615,Standing Desk,Furniture,600,1
I-001895,O-00616,Webcam 1080p,Accessories,80,2
I-001896,O-00617,Webcam 1080p,Accessories,80,1
I-001897,O-00617,Standing Desk,Furniture,600,2
I-001898,O-00617,Noise Cancelling Headphones,Electronics,300,1
I-001899,O-00618,4K Monitor,Electronics,400,1
I-001900,O-00618,Monitor Stand,Accessories,75,3
I-001901,O-00618,Laptop Pro,Electronics,1200,1
I-001902,O-00619,Noise Cancelling Headphones,Electronics,300,2
I-001903,O-00619,Monitor Stand,Accessories,75,1
I-001904,O-00619,4K Monitor,Electronics,400,3
I-001905,O-00620,Laptop Pro,Electronics,1200,2
I-001906,O-00620,Monitor Stand,Accessories,75,3
I-001907,O-00620,Noise Cancelling Headphones,Electronics,300,3
I-001908,O-00620,Noise Cancelling Headphones,Electronics,300,1
I-001909,O-00620,4K Monitor,Electronics,400,2
I-001910,O-00621,Office Chair,Furniture,250,1
I-001911,O-00621,Wireless Mouse,Accessories,50,3
I-001912,O-00621,Laptop Pro,Electronics,1200,1
I-001913,O-00621,4K Monitor,Electronics,400,3
I-001914,O-00621,Laptop Pro,Electronics,1200,3
I-001915,O-00622,Monitor Stand,Accessories,75,1
I-001916,O-00622,Mechanical Keyboard,Accessories,130,1
I-001917,O-00622,4K Monitor,Electronics,400,1
I-001918,O-00623,Laptop Pro,Electronics,1200,2
I-001919,O-00624,Monitor Stand,Accessories,75,1
I-001920,O-00624,Webcam 1080p,Accessories,80,1
I-001921,O-00624,Standing Desk,Furniture,600,2
I-001922,O-00624,Office Chair,Furniture,250,2
I-001923,O-00624,Noise Cancelling Headphones,Electronics,300,3
I-001924,O-00625,Office Chair,Furniture,250,3
I-001925,O-00625,Webcam 1080p,Accessories,80,3
I-001926,O-00625,Mechanical Keyboard,Accessories,130,1
I-001927,O-00626,Office Chair,Furniture,250,3
I-001928,O-00627,Monitor Stand,Accessories,75,1
I-001929,O-00628,4K Monitor,Electronics,400,1
I-001930,O-00628,Wireless Mouse,Accessories,50,2
I-001931,O-00629,Standing Desk,Furniture,600,2
I-001932,O-00629,Standing Desk,Furniture,600,3
I-001933,O-00630,Noise Cancelling Headphones,Electronics,300,2
I-001934,O-00630,4K Monitor,Electronics,400,2
I-001935,O-00630,Monitor Stand,Accessories,75,2
I-001936,O-00631,Laptop Pro,Electronics,1200,1
I-001937,O-00631,Noise Cancelling Headphones,Electronics,300,2
I-001938,O-00632,Webcam 1080p,Accessories,80,3
I-001939,O-00632,4K Monitor,Electronics,400,1
I-001940,O-00633,4K Monitor,Electronics,400,2
I-001941,O-00633,Office Chair,Furniture,250,3
I-001942,O-00633,Standing Desk,Furniture,600,2
I-001943,O-00633,Webcam 1080p,Accessories,80,1
I-001944,O-00634,Wireless Mouse,Accessories,50,1
I-001945,O-00634,Webcam 1080p,Accessories,80,3
I-001946,O-00634,Monitor Stand,Accessories,75,1
I-001947,O-00634,Laptop Pro,Electronics,1200,1
I-001948,O-00635,Monitor Stand,Accessories,75,2
I-001949,O-00635,4K Monitor,Electronics,400,1
I-001950,O-00635,Webcam 1080p,Accessories,80,1
I-001951,O-00636,Wireless Mouse,Accessories,50,2
I-001952,O-00636,Wireless Mouse,Accessories,50,3
I-001953,O-00637,Monitor Stand,Accessories,75,1
I-001954,O-00637,Mechanical Keyboard,Accessories,130,1
I-001955,O-00638,Wireless Mouse,Accessories,50,2
I-001956,O-00639,Laptop Pro,Electronics,1200,3
I-001957,O-00640,Monitor Stand,Accessories,75,1
I-001958,O-00640,Noise Cancelling Headphones,Electronics,300,2
I-001959,O-00641,Office Chair,Furniture,250,2
I-001960,O-00641,Office Chair,Furniture,250,3
I-001961,O-00642,Webcam 1080p,Accessories,80,3
I-001962,O-00642,Webcam 1080p,Accessories,80,2
I-001963,O-00643,Wireless Mouse,Accessories,50,1
I-001964,O-00644,Wireless Mouse,Accessories,50,2
I-001965,O-00644,Monitor Stand,Accessories,75,2
I-001966,O-00645,Monitor Stand,Accessories,75,3
I-001967,O-00645,4K Monitor,Electronics,400,2
I-001968,O-00645,Webcam 1080p,Accessories,80,1
I-001969,O-00645,Standing Desk,Furniture,600,2
I-001970,O-00645,4K Monitor,Electronics,400,1
I-001971,O-00646,4K Monitor,Electronics,400,2
I-001972,O-00647,Noise Cancelling Headphones,Electronics,300,2
I-001973,O-00647,Webcam 1080p,Accessories,80,1
I-001974,O-00648,Noise Cancelling Headphones,Electronics,300,3
I-001975,O-00649,Laptop Pro,Electronics,1200,2
I-001976,O-00649,Mechanical Keyboard,Accessories,130,3
I-001977,O-00649,Standing Desk,Furniture,600,2
I-001978,O-00649,4K Monitor,Electronics,400,1
I-001979,O-00649,Mechanical Keyboard,Accessories,130,2
I-001980,O-00650,Mechanical Keyboard,Accessories,130,2
I-001981,O-00650,Mechanical Keyboard,Accessories,130,2
I-001982,O-00650,Webcam 1080p,Accessories,80,3
I-001983,O-00651,4K Monitor,Electronics,400,1
I-001984,O-00651,Noise Cancelling Headphones,Electronics,300,2
I-001985,O-00651,4K Monitor,Electronics,400,1
I-001986,O-00651,Wireless Mouse,Accessories,50,2
I-001987,O-00652,Office Chair,Furniture,250,3
I-001988,O-00652,Noise Cancelling Headphones,Electronics,300,1
I-001989,O-00653,Office Chair,Furniture,250,2
I-001990,O-00653,Laptop Pro,Electronics,1200,2
I-001991,O-00653,Standing Desk,Furniture,600,3
I-001992,O-00654,Office Chair,Furniture,250,2
I-001993,O-00654,Laptop Pro,Electronics,1200,2
I-001994,O-00654,Mechanical Keyboard,Accessories,130,2
I-001995,O-00655,Monitor Stand,Accessories,75,1
I-001996,O-00655,Monitor Stand,Accessories,75,1
I-001997,O-00655,Mechanical Keyboard,Accessories,130,2
I-001998,O-00655,Office Chair,Furniture,250,1
I-001999,O-00656,4K Monitor,Electronics,400,3
I-002000,O-00656,Monitor Stand,Accessories,75,3
I-002001,O-00656,Laptop Pro,Electronics,1200,3
I-002002,O-00657,Noise Cancelling Headphones,Electronics,300,1
I-002003,O-00658,Wireless Mouse,Accessories,50,2
I-002004,O-00659,Mechanical Keyboard,Accessories,130,2
I-002005,O-00660,Standing Desk,Furniture,600,3
I-002006,O-00660,Office Chair,Furniture,250,3
I-002007,O-00661,Wireless Mouse,Accessories,50,3
I-002008,O-00661,4K Monitor,Electronics,400,3
I-002009,O-00661,Wireless Mouse,Accessories,50,3
I-002010,O-00662,Laptop Pro,Electronics,1200,2
I-002011,O-00662,Office Chair,Furniture,250,2
I-002012,O-00662,Noise Cancelling Headphones,Electronics,300,3
I-002013,O-00663,Mechanical Keyboard,Accessories,130,3
I-002014,O-00664,Noise Cancelling Headphones,Electronics,300,3
I-002015,O-00664,Office Chair,Furniture,250,3
I-002016,O-00665,Mechanical Keyboard,Accessories,130,3
I-002017,O-00665,Mechanical Keyboard,Accessories,130,2
I-002018,O-00666,Monitor Stand,Accessories,75,3
I-002019,O-00666,Laptop Pro,Electronics,1200,2
I-002020,O-00666,Noise Cancelling Headphones,Electronics,300,1
I-002021,O-00666,Monitor Stand,Accessories,75,2
I-002022,O-00667,Noise Cancelling Headphones,Electronics,300,2
I-002023,O-00667,Laptop Pro,Electronics,1200,3
I-002024,O-00667,Wireless Mouse,Accessories,50,1
I-002025,O-00667,Noise Cancelling Headphones,Electronics,300,2
I-002026,O-00668,Monitor Stand,Accessories,75,2
I-002027,O-00668,Monitor Stand,Accessories,75,3
I-002028,O-00668,Standing Desk,Furniture,600,3
I-002029,O-00669,Office Chair,Furniture,250,1
I-002030,O-00669,Laptop Pro,Electronics,1200,1
I-002031,O-00669,Noise Cancelling Headphones,Electronics,300,2
I-002032,O-00670,4K Monitor,Electronics,400,1
I-002033,O-00670,4K Monitor,Electronics,400,2
I-002034,O-00670,4K Monitor,Electronics,400,1
I-002035,O-00670,Noise Cancelling Headphones,Electronics,300,3
I-002036,O-00670,Webcam 1080p,Accessories,80,2
I-002037,O-00671,Mechanical Keyboard,Accessories,130,2
I-002038,O-00671,Office Chair,Furniture,250,3
I-002039,O-00672,Laptop Pro,Electronics,1200,1
I-002040,O-00672,Laptop Pro,Electronics,1200,3
I-002041,O-00672,Mechanical Keyboard,Accessories,130,3
I-002042,O-00673,Laptop Pro,Electronics,1200,1
I-002043,O-00673,Wireless Mouse,Accessories,50,1
I-002044,O-00673,Webcam 1080p,Accessories,80,2
I-002045,O-00673,Monitor Stand,Accessories,75,3
I-002046,O-00674,Laptop Pro,Electronics,1200,2
I-002047,O-00674,Laptop Pro,Electronics,1200,2
I-002048,O-00674,Mechanical Keyboard,Accessories,130,1
I-002049,O-00674,Wireless Mouse,Accessories,50,1
I-002050,O-00674,Noise Cancelling Headphones,Electronics,300,1
I-002051,O-00675,Monitor Stand,Accessories,75,1
I-002052,O-00675,Standing Desk,Furniture,600,2
I-002053,O-00675,Monitor Stand,Accessories,75,2
I-002054,O-00675,Webcam 1080p,Accessories,80,3
I-002055,O-00675,Wireless Mouse,Accessories,50,3
I-002056,O-00676,Wireless Mouse,Accessories,50,3
I-002057,O-00676,4K Monitor,Electronics,400,3
I-002058,O-00676,Office Chair,Furniture,250,2
I-002059,O-00676,Wireless Mouse,Accessories,50,2
I-002060,O-00677,Laptop Pro,Electronics,1200,1
I-002061,O-00677,Wireless Mouse,Accessories,50,2
I-002062,O-00678,Noise Cancelling Headphones,Electronics,300,3
I-002063,O-00678,Mechanical Keyboard,Accessories,130,1
I-002064,O-00678,Webcam 1080p,Accessories,80,3
I-002065,O-00678,Noise Cancelling Headphones,Electronics,300,1
I-002066,O-00678,Mechanical Keyboard,Accessories,130,2
I-002067,O-00679,Monitor Stand,Accessories,75,1
I-002068,O-00679,Noise Cancelling Headphones,Electronics,300,2
I-002069,O-00679,Noise Cancelling Headphones,Electronics,300,1
I-002070,O-00679,Monitor Stand,Accessories,75,1
I-002071,O-00680,Standing Desk,Furniture,600,2
I-002072,O-00680,Mechanical Keyboard,Accessories,130,3
I-002073,O-00680,Webcam 1080p,Accessories,80,1
I-002074,O-00680,Wireless Mouse,Accessories,50,1
I-002075,O-00680,4K Monitor,Electronics,400,1
I-002076,O-00681,Noise Cancelling Headphones,Electronics,300,1
I-002077,O-00681,Mechanical Keyboard,Accessories,130,3
I-002078,O-00681,4K Monitor,Electronics,400,3
I-002079,O-00682,Webcam 1080p,Accessories,80,3
I-002080,O-00682,Monitor Stand,Accessories,75,1
I-002081,O-00683,Laptop Pro,Electronics,1200,2
I-002082,O-00683,Laptop Pro,Electronics,1200,2
I-002083,O-00683,Standing Desk,Furniture,600,2
I-002084,O-00684,Office Chair,Furniture,250,2
I-002085,O-00684,Mechanical Keyboard,Accessories,130,1
I-002086,O-00685,4K Monitor,Electronics,400,3
I-002087,O-00686,Monitor Stand,Accessories,75,1
I-002088,O-00686,Standing Desk,Furniture,600,2
I-002089,O-00686,Noise Cancelling Headphones,Electronics,300,1
I-002090,O-00686,Monitor Stand,Accessories,75,3
I-002091,O-00687,Office Chair,Furniture,250,2
I-002092,O-00687,Standing Desk,Furniture,600,2
I-002093,O-00688,Laptop Pro,Electronics,1200,3
I-002094,O-00689,Standing Desk,Furniture,600,2
I-002095,O-00689,Monitor Stand,Accessories,75,2
I-002096,O-00690,Wireless Mouse,Accessories,50,1
I-002097,O-00690,Laptop Pro,Electronics,1200,1
I-002098,O-00691,Wireless Mouse,Accessories,50,3
I-002099,O-00691,Standing Desk,Furniture,600,1
I-002100,O-00691,Wireless Mouse,Accessories,50,3
I-002101,O-00692,Wireless Mouse,Accessories,50,1
I-002102,O-00692,Monitor Stand,Accessories,75,3
I-002103,O-00692,Wireless Mouse,Accessories,50,3
I-002104,O-00693,Monitor Stand,Accessories,75,3
I-002105,O-00693,Laptop Pro,Electronics,1200,3
I-002106,O-00694,Monitor Stand,Accessories,75,2
I-002107,O-00695,Laptop Pro,Electronics,1200,1
I-002108,O-00695,Laptop Pro,Electronics,1200,2
I-002109,O-00695,Standing Desk,Furniture,600,1
I-002110,O-00695,Standing Desk,Furniture,600,1
I-002111,O-00696,Laptop Pro,Electronics,1200,1
I-002112,O-00697,Monitor Stand,Accessories,75,1
I-002113,O-00698,Wireless Mouse,Accessories,50,1
I-002114,O-00699,Standing Desk,Furniture,600,3
I-002115,O-00699,Laptop Pro,Electronics,1200,1
I-002116,O-00700,Office Chair,Furniture,250,3
I-002117,O-00700,4K Monitor,Electronics,400,2
I-002118,O-00700,4K Monitor,Electronics,400,2
I-002119,O-00701,Office Chair,Furniture,250,1
I-002120,O-00702,Office Chair,Furniture,250,1
I-002121,O-00702,Laptop Pro,Electronics,1200,2
I-002122,O-00702,4K Monitor,Electronics,400,1
I-002123,O-00703,Wireless Mouse,Accessories,50,1
I-002124,O-00703,4K Monitor,Electronics,400,1
I-002125,O-00703,Office Chair,Furniture,250,1
I-002126,O-00703,4K Monitor,Electronics,400,2
I-002127,O-00704,Standing Desk,Furniture,600,3
I-002128,O-00704,Mechanical Keyboard,Accessories,130,3
I-002129,O-00704,Webcam 1080p,Accessories,80,3
I-002130,O-00705,Office Chair,Furniture,250,2
I-002131,O-00705,Laptop Pro,Electronics,1200,3
I-002132,O-00706,Standing Desk,Furniture,600,3
I-002133,O-00706,Webcam 1080p,Accessories,80,3
I-002134,O-00706,Standing Desk,Furniture,600,2
I-002135,O-00706,Office Chair,Furniture,250,3
I-002136,O-00707,Laptop Pro,Electronics,1200,3
I-002137,O-00707,Laptop Pro,Electronics,1200,3
I-002138,O-00707,Webcam 1080p,Accessories,80,3
I-002139,O-00707,Mechanical Keyboard,Accessories,130,1
I-002140,O-00708,4K Monitor,Electronics,400,2
I-002141,O-00708,Webcam 1080p,Accessories,80,1
I-002142,O-00708,Office Chair,Furniture,250,3
I-002143,O-00708,4K Monitor,Electronics,400,2
I-002144,O-00708,Webcam 1080p,Accessories,80,1
I-002145,O-00709,Laptop Pro,Electronics,1200,3
I-002146,O-00709,Wireless Mouse,Accessories,50,1
I-002147,O-00709,Mechanical Keyboard,Accessories,130,1
I-002148,O-00709,Wireless Mouse,Accessories,50,3
I-002149,O-00709,Monitor Stand,Accessories,75,3
I-002150,O-00710,Standing Desk,Furniture,600,1
I-002151,O-00710,Office Chair,Furniture,250,3
I-002152,O-00710,Office Chair,Furniture,250,2
I-002153,O-00710,4K Monitor,Electronics,400,3
I-002154,O-00711,Standing Desk,Furniture,600,2
I-002155,O-00711,Office Chair,Furniture,250,1
I-002156,O-00711,Standing Desk,Furniture,600,1
I-002157,O-00712,Laptop Pro,Electronics,1200,1
I-002158,O-00712,Webcam 1080p,Accessories,80,3
I-002159,O-00712,Webcam 1080p,Accessories,80,2
I-002160,O-00712,Noise Cancelling Headphones,Electronics,300,3
I-002161,O-00712,Standing Desk,Furniture,600,2
I-002162,O-00713,Monitor Stand,Accessories,75,2
I-002163,O-00713,Laptop Pro,Electronics,1200,1
I-002164,O-00714,Laptop Pro,Electronics,1200,1
I-002165,O-00714,Webcam 1080p,Accessories,80,1
I-002166,O-00715,Wireless Mouse,Accessories,50,3
I-002167,O-00716,Office Chair,Furniture,250,3
I-002168,O-00716,Laptop Pro,Electronics,1200,2
I-002169,O-00717,Wireless Mouse,Accessories,50,3
I-002170,O-00717,Wireless Mouse,Accessories,50,1
I-002171,O-00717,Monitor Stand,Accessories,75,2
I-002172,O-00718,4K Monitor,Electronics,400,2
I-002173,O-00718,Webcam 1080p,Accessories,80,1
I-002174,O-00718,Wireless Mouse,Accessories,50,2
I-002175,O-00719,Monitor Stand,Accessories,75,2
I-002176,O-00719,Mechanical Keyboard,Accessories,130,1
I-002177,O-00719,Monitor Stand,Accessories,75,2
I-002178,O-00719,4K Monitor,Electronics,400,1
I-002179,O-00720,Monitor Stand,Accessories,75,3
I-002180,O-00720,Laptop Pro,Electronics,1200,1
I-002181,O-00720,Webcam 1080p,Accessories,80,3
I-002182,O-00720,Office Chair,Furniture,250,3
I-002183,O-00721,Office Chair,Furniture,250,2
I-002184,O-00721,Mechanical Keyboard,Accessories,130,2
I-002185,O-00722,4K Monitor,Electronics,400,1
I-002186,O-00722,Mechanical Keyboard,Accessories,130,1
I-002187,O-00722,Office Chair,Furniture,250,1
I-002188,O-00722,Standing Desk,Furniture,600,1
I-002189,O-00723,Noise Cancelling Headphones,Electronics,300,3
I-002190,O-00724,Mechanical Keyboard,Accessories,130,3
I-002191,O-00724,Webcam 1080p,Accessories,80,2
I-002192,O-00724,Webcam 1080p,Accessories,80,2
I-002193,O-00725,Office Chair,Furniture,250,1
I-002194,O-00725,Webcam 1080p,Accessories,80,2
I-002195,O-00725,Laptop Pro,Electronics,1200,3
I-002196,O-00725,Noise Cancelling Headphones,Electronics,300,1
I-002197,O-00726,Standing Desk,Furniture,600,3
I-002198,O-00726,Webcam 1080p,Accessories,80,2
I-002199,O-00727,Standing Desk,Furniture,600,2
I-002200,O-00727,4K Monitor,Electronics,400,3
I-002201,O-00727,Monitor Stand,Accessories,75,1
I-002202,O-00727,Laptop Pro,Electronics,1200,1
I-002203,O-00727,Monitor Stand,Accessories,75,2
I-002204,O-00728,Webcam 1080p,Accessories,80,2
I-002205,O-00729,Standing Desk,Furniture,600,3
I-002206,O-00730,Office Chair,Furniture,250,3
I-002207,O-00730,Mechanical Keyboard,Accessories,130,1
I-002208,O-00731,Office Chair,Furniture,250,1
I-002209,O-00731,4K Monitor,Electronics,400,1
I-002210,O-00731,4K Monitor,Electronics,400,1
I-002211,O-00732,4K Monitor,Electronics,400,2
I-002212,O-00733,Standing Desk,Furniture,600,2
I-002213,O-00733,Webcam 1080p,Accessories,80,1
I-002214,O-00733,Laptop Pro,Electronics,1200,2
I-002215,O-00733,Webcam 1080p,Accessories,80,2
I-002216,O-00734,Mechanical Keyboard,Accessories,130,3
I-002217,O-00734,Mechanical Keyboard,Accessories,130,2
I-002218,O-00734,Noise Cancelling Headphones,Electronics,300,3
I-002219,O-00735,Standing Desk,Furniture,600,3
I-002220,O-00735,Webcam 1080p,Accessories,80,2
I-002221,O-00735,Noise Cancelling Headphones,Electronics,300,1
I-002222,O-00735,Laptop Pro,Electronics,1200,2
I-002223,O-00736,Webcam 1080p,Accessories,80,2
I-002224,O-00736,Monitor Stand,Accessories,75,1
I-002225,O-00737,Noise Cancelling Headphones,Electronics,300,1
I-002226,O-00737,Laptop Pro,Electronics,1200,3
I-002227,O-00738,Mechanical Keyboard,Accessories,130,2
I-002228,O-00738,4K Monitor,Electronics,400,1
I-002229,O-00738,Standing Desk,Furniture,600,3
I-002230,O-00738,Wireless Mouse,Accessories,50,1
I-002231,O-00739,Mechanical Keyboard,Accessories,130,1
I-002232,O-00739,Mechanical Keyboard,Accessories,130,2
I-002233,O-00740,Noise Cancelling Headphones,Electronics,300,2
I-002234,O-00740,Wireless Mouse,Accessories,50,2
I-002235,O-00740,Laptop Pro,Electronics,1200,2
I-002236,O-00740,Wireless Mouse,Accessories,50,3
I-002237,O-00740,Standing Desk,Furniture,600,3
I-002238,O-00741,Noise Cancelling Headphones,Electronics,300,1
I-002239,O-00742,Office Chair,Furniture,250,2
I-002240,O-00743,Office Chair,Furniture,250,2
I-002241,O-00744,4K Monitor,Electronics,400,2
I-002242,O-00745,Standing Desk,Furniture,600,1
I-002243,O-00745,Laptop Pro,Electronics,1200,3
I-002244,O-00745,Laptop Pro,Electronics,1200,3
I-002245,O-00745,Standing Desk,Furniture,600,1
I-002246,O-00746,Wireless Mouse,Accessories,50,1
I-002247,O-00747,4K Monitor,Electronics,400,2
I-002248,O-00747,Webcam 1080p,Accessories,80,2
I-002249,O-00747,Standing Desk,Furniture,600,3
I-002250,O-00747,Webcam 1080p,Accessories,80,2
I-002251,O-00748,Monitor Stand,Accessories,75,1
I-002252,O-00748,Webcam 1080p,Accessories,80,2
I-002253,O-00748,Webcam 1080p,Accessories,80,3
I-002254,O-00749,Monitor Stand,Accessories,75,1
I-002255,O-00749,Laptop Pro,Electronics,1200,1
I-002256,O-00749,Monitor Stand,Accessories,75,2
I-002257,O-00749,Office Chair,Furniture,250,3
I-002258,O-00750,Standing Desk,Furniture,600,3
I-002259,O-00750,Noise Cancelling Headphones,Electronics,300,2
I-002260,O-00750,Wireless Mouse,Accessories,50,3
I-002261,O-00750,4K Monitor,Electronics,400,1
I-002262,O-00751,Mechanical Keyboard,Accessories,130,3
I-002263,O-00751,Standing Desk,Furniture,600,2
I-002264,O-00751,Noise Cancelling Headphones,Electronics,300,3
I-002265,O-00752,Laptop Pro,Electronics,1200,2
I-002266,O-00752,4K Monitor,Electronics,400,1
I-002267,O-00753,Noise Cancelling Headphones,Electronics,300,3
I-002268,O-00753,Webcam 1080p,Accessories,80,2
I-002269,O-00753,Standing Desk,Furniture,600,1
I-002270,O-00754,Mechanical Keyboard,Accessories,130,2
I-002271,O-00754,Standing Desk,Furniture,600,3
I-002272,O-00754,Noise Cancelling Headphones,Electronics,300,3
I-002273,O-00754,Monitor Stand,Accessories,75,1
I-002274,O-00754,Webcam 1080p,Accessories,80,3
I-002275,O-00755,Office Chair,Furniture,250,3
I-002276,O-00755,Wireless Mouse,Accessories,50,3
I-002277,O-00755,Wireless Mouse,Accessories,50,3
I-002278,O-00755,Mechanical Keyboard,Accessories,130,1
I-002279,O-00756,Mechanical Keyboard,Accessories,130,3
I-002280,O-00756,Laptop Pro,Electronics,1200,3
I-002281,O-00757,Wireless Mouse,Accessories,50,1
I-002282,O-00757,Mechanical Keyboard,Accessories,130,1
I-002283,O-00757,Wireless Mouse,Accessories,50,1
I-002284,O-00757,4K Monitor,Electronics,400,1
I-002285,O-00758,Laptop Pro,Electronics,1200,3
I-002286,O-00759,Wireless Mouse,Accessories,50,2
I-002287,O-00760,Standing Desk,Furniture,600,3
I-002288,O-00760,Wireless Mouse,Accessories,50,1
I-002289,O-00760,Office Chair,Furniture,250,3
I-002290,O-00760,Mechanical Keyboard,Accessories,130,1
I-002291,O-00761,4K Monitor,Electronics,400,3
I-002292,O-00761,Mechanical Keyboard,Accessories,130,3
I-002293,O-00761,Noise Cancelling Headphones,Electronics,300,1
I-002294,O-00761,Office Chair,Furniture,250,3
I-002295,O-00761,Office Chair,Furniture,250,2
I-002296,O-00762,Webcam 1080p,Accessories,80,3
I-002297,O-00762,Standing Desk,Furniture,600,2
I-002298,O-00762,Standing Desk,Furniture,600,1
I-002299,O-00762,4K Monitor,Electronics,400,1
I-002300,O-00763,Wireless Mouse,Accessories,50,3
I-002301,O-00763,Laptop Pro,Electronics,1200,3
I-002302,O-00763,Laptop Pro,Electronics,1200,1
I-002303,O-00764,4K Monitor,Electronics,400,1
I-002304,O-00765,Webcam 1080p,Accessories,80,1
I-002305,O-00765,4K Monitor,Electronics,400,3
I-002306,O-00765,Laptop Pro,Electronics,1200,3
I-002307,O-00766,Noise Cancelling Headphones,Electronics,300,2
I-002308,O-00766,Webcam 1080p,Accessories,80,2
I-002309,O-00767,Mechanical Keyboard,Accessories,130,1
I-002310,O-00767,4K Monitor,Electronics,400,1
I-002311,O-00768,Laptop Pro,Electronics,1200,2
I-002312,O-00768,Noise Cancelling Headphones,Electronics,300,1
I-002313,O-00768,Office Chair,Furniture,250,2
I-002314,O-00768,Noise Cancelling Headphones,Electronics,300,3
I-002315,O-00769,Wireless Mouse,Accessories,50,3
I-002316,O-00769,Office Chair,Furniture,250,1
I-002317,O-00769,Standing Desk,Furniture,600,3
I-002318,O-00769,Noise Cancelling Headphones,Electronics,300,2
I-002319,O-00770,Mechanical Keyboard,Accessories,130,3
I-002320,O-00770,Standing Desk,Furniture,600,3
I-002321,O-00770,Office Chair,Furniture,250,2
I-002322,O-00771,Mechanical Keyboard,Accessories,130,2
I-002323,O-00771,Standing Desk,Furniture,600,1
I-002324,O-00772,Wireless Mouse,Accessories,50,1
I-002325,O-00772,Standing Desk,Furniture,600,3
I-002326,O-00772,Noise Cancelling Headphones,Electronics,300,3
I-002327,O-00773,Webcam 1080p,Accessories,80,1
I-002328,O-00774,Standing Desk,Furniture,600,1
I-002329,O-00774,Office Chair,Furniture,250,1
I-002330,O-00774,Noise Cancelling Headphones,Electronics,300,3
I-002331,O-00774,Webcam 1080p,Accessories,80,2
I-002332,O-00775,Monitor Stand,Accessories,75,2
I-002333,O-00775,Mechanical Keyboard,Accessories,130,2
I-002334,O-00775,Monitor Stand,Accessories,75,1
I-002335,O-00776,Standing Desk,Furniture,600,1
I-002336,O-00776,Office Chair,Furniture,250,1
I-002337,O-00776,Webcam 1080p,Accessories,80,2
I-002338,O-00776,Standing Desk,Furniture,600,3
I-002339,O-00776,Mechanical Keyboard,Accessories,130,1
I-002340,O-00777,Mechanical Keyboard,Accessories,130,3
I-002341,O-00777,Wireless Mouse,Accessories,50,2
I-002342,O-00777,Wireless Mouse,Accessories,50,2
I-002343,O-00778,Wireless Mouse,Accessories,50,1
I-002344,O-00778,Noise Cancelling Headphones,Electronics,300,3
I-002345,O-00779,Monitor Stand,Accessories,75,3
I-002346,O-00780,Standing Desk,Furniture,600,1
I-002347,O-00781,Webcam 1080p,Accessories,80,1
I-002348,O-00781,Monitor Stand,Accessories,75,2
I-002349,O-00781,Noise Cancelling Headphones,Electronics,300,2
I-002350,O-00781,Webcam 1080p,Accessories,80,1
I-002351,O-00782,Wireless Mouse,Accessories,50,3
I-002352,O-00783,4K Monitor,Electronics,400,2
I-002353,O-00783,Webcam 1080p,Accessories,80,1
I-002354,O-00783,4K Monitor,Electronics,400,1
I-002355,O-00784,Office Chair,Furniture,250,2
I-002356,O-00785,Standing Desk,Furniture,600,2
I-002357,O-00785,Webcam 1080p,Accessories,80,3
I-002358,O-00785,4K Monitor,Electronics,400,3
I-002359,O-00786,Standing Desk,Furniture,600,3
I-002360,O-00787,Office Chair,Furniture,250,1
I-002361,O-00787,4K Monitor,Electronics,400,1
I-002362,O-00787,Monitor Stand,Accessories,75,2
I-002363,O-00787,Wireless Mouse,Accessories,50,3
I-002364,O-00788,Office Chair,Furniture,250,1
I-002365,O-00788,4K Monitor,Electronics,400,3
I-002366,O-00788,Webcam 1080p,Accessories,80,1
I-002367,O-00788,Mechanical Keyboard,Accessories,130,2
I-002368,O-00788,Standing Desk,Furniture,600,2
I-002369,O-00789,Office Chair,Furniture,250,3
I-002370,O-00789,Wireless Mouse,Accessories,50,1
I-002371,O-00789,Office Chair,Furniture,250,2
I-002372,O-00789,Standing Desk,Furniture,600,3
I-002373,O-00790,Monitor Stand,Accessories,75,3
I-002374,O-00791,Mechanical Keyboard,Accessories,130,1
I-002375,O-00791,Mechanical Keyboard,Accessories,130,1
I-002376,O-00791,4K Monitor,Electronics,400,3
I-002377,O-00791,Standing Desk,Furniture,600,1
I-002378,O-00791,Noise Cancelling Headphones,Electronics,300,1
I-002379,O-00792,Standing Desk,Furniture,600,3
I-002380,O-00792,Laptop Pro,Electronics,1200,1
I-002381,O-00792,Mechanical Keyboard,Accessories,130,3
I-002382,O-00792,Office Chair,Furniture,250,1
I-002383,O-00792,Laptop Pro,Electronics,1200,1
I-002384,O-00793,Office Chair,Furniture,250,3
I-002385,O-00793,Standing Desk,Furniture,600,1
I-002386,O-00793,Laptop Pro,Electronics,1200,2
I-002387,O-00793,Wireless Mouse,Accessories,50,3
I-002388,O-00793,Office Chair,Furniture,250,1
I-002389,O-00794,Office Chair,Furniture,250,3
I-002390,O-00794,Webcam 1080p,Accessories,80,2
I-002391,O-00795,Mechanical Keyboard,Accessories,130,2
I-002392,O-00795,4K Monitor,Electronics,400,3
I-002393,O-00795,Standing Desk,Furniture,600,3
I-002394,O-00795,Mechanical Keyboard,Accessories,130,3
I-002395,O-00795,Webcam 1080p,Accessories,80,1
I-002396,O-00796,4K Monitor,Electronics,400,1
I-002397,O-00797,Laptop Pro,Electronics,1200,1
I-002398,O-00797,Wireless Mouse,Accessories,50,1
I-002399,O-00798,Mechanical Keyboard,Accessories,130,3
I-002400,O-00798,4K Monitor,Electronics,400,2
I-002401,O-00798,Office Chair,Furniture,250,2
I-002402,O-00798,Standing Desk,Furniture,600,2
I-002403,O-00798,Monitor Stand,Accessories,75,3
I-002404,O-00799,Monitor Stand,Accessories,75,2
I-002405,O-00799,Laptop Pro,Electronics,1200,3
I-002406,O-00800,Webcam 1080p,Accessories,80,2
I-002407,O-00800,Wireless Mouse,Accessories,50,3
I-002408,O-00800,Wireless Mouse,Accessories,50,3
I-002409,O-00800,4K Monitor,Electronics,400,3
I-002410,O-00801,Standing Desk,Furniture,600,3
I-002411,O-00801,4K Monitor,Electronics,400,3
I-002412,O-00802,Wireless Mouse,Accessories,50,3
I-002413,O-00802,Noise Cancelling Headphones,Electronics,300,1
I-002414,O-00802,Office Chair,Furniture,250,1
I-002415,O-00802,Noise Cancelling Headphones,Electronics,300,2
I-002416,O-00802,Monitor Stand,Accessories,75,1
I-002417,O-00803,Laptop Pro,Electronics,1200,2
I-002418,O-00803,Mechanical Keyboard,Accessories,130,2
I-002419,O-00803,Laptop Pro,Electronics,1200,1
I-002420,O-00803,4K Monitor,Electronics,400,1
I-002421,O-00803,Monitor Stand,Accessories,75,2
I-002422,O-00804,Laptop Pro,Electronics,1200,1
I-002423,O-00805,Webcam 1080p,Accessories,80,2
I-002424,O-00805,Noise Cancelling Headphones,Electronics,300,3
I-002425,O-00805,Wireless Mouse,Accessories,50,2
I-002426,O-00805,Mechanical Keyboard,Accessories,130,1
I-002427,O-00806,Monitor Stand,Accessories,75,1
I-002428,O-00806,4K Monitor,Electronics,400,1
I-002429,O-00806,Office Chair,Furniture,250,2
I-002430,O-00806,Office Chair,Furniture,250,2
I-002431,O-00806,Laptop Pro,Electronics,1200,1
I-002432,O-00807,Noise Cancelling Headphones,Electronics,300,3
I-002433,O-00807,Standing Desk,Furniture,600,3
I-002434,O-00807,Noise Cancelling Headphones,Electronics,300,2
I-002435,O-00808,4K Monitor,Electronics,400,3
I-002436,O-00808,Office Chair,Furniture,250,1
I-002437,O-00808,Standing Desk,Furniture,600,1
I-002438,O-00808,Standing Desk,Furniture,600,2
I-002439,O-00809,Standing Desk,Furniture,600,1
I-002440,O-00809,Laptop Pro,Electronics,1200,3
I-002441,O-00809,Standing Desk,Furniture,600,3
I-002442,O-00809,Webcam 1080p,Accessories,80,2
I-002443,O-00809,Standing Desk,Furniture,600,3
I-002444,O-00810,Wireless Mouse,Accessories,50,2
I-002445,O-00810,Webcam 1080p,Accessories,80,2
I-002446,O-00810,Noise Cancelling Headphones,Electronics,300,3
I-002447,O-00810,Mechanical Keyboard,Accessories,130,3
I-002448,O-00811,Office Chair,Furniture,250,2
I-002449,O-00811,Noise Cancelling Headphones,Electronics,300,2
I-002450,O-00812,Noise Cancelling Headphones,Electronics,300,1
I-002451,O-00812,4K Monitor,Electronics,400,1
I-002452,O-00812,Laptop Pro,Electronics,1200,1
I-002453,O-00813,Laptop Pro,Electronics,1200,2
I-002454,O-00813,Standing Desk,Furniture,600,3
I-002455,O-00813,Mechanical Keyboard,Accessories,130,3
I-002456,O-00813,Mechanical Keyboard,Accessories,130,3
I-002457,O-00813,Noise Cancelling Headphones,Electronics,300,1
I-002458,O-00814,Mechanical Keyboard,Accessories,130,1
I-002459,O-00814,Standing Desk,Furniture,600,2
I-002460,O-00814,Standing Desk,Furniture,600,1
I-002461,O-00814,Mechanical Keyboard,Accessories,130,3
I-002462,O-00815,Webcam 1080p,Accessories,80,3
I-002463,O-00815,Standing Desk,Furniture,600,2
I-002464,O-00816,Standing Desk,Furniture,600,3
I-002465,O-00816,Office Chair,Furniture,250,3
I-002466,O-00816,Standing Desk,Furniture,600,3
I-002467,O-00816,Webcam 1080p,Accessories,80,1
I-002468,O-00816,Noise Cancelling Headphones,Electronics,300,3
I-002469,O-00817,Webcam 1080p,Accessories,80,1
I-002470,O-00817,Standing Desk,Furniture,600,1
I-002471,O-00817,Noise Cancelling Headphones,Electronics,300,1
I-002472,O-00817,Mechanical Keyboard,Accessories,130,2
I-002473,O-00818,Mechanical Keyboard,Accessories,130,2
I-002474,O-00818,Webcam 1080p,Accessories,80,2
I-002475,O-00819,Wireless Mouse,Accessories,50,3
I-002476,O-00819,Webcam 1080p,Accessories,80,1
I-002477,O-00819,Monitor Stand,Accessories,75,2
I-002478,O-00819,Standing Desk,Furniture,600,2
I-002479,O-00820,Office Chair,Furniture,250,1
I-002480,O-00820,Wireless Mouse,Accessories,50,2
I-002481,O-00820,Standing Desk,Furniture,600,3
I-002482,O-00820,4K Monitor,Electronics,400,3
I-002483,O-00821,Webcam 1080p,Accessories,80,3
I-002484,O-00822,Laptop Pro,Electronics,1200,1
I-002485,O-00822,Laptop Pro,Electronics,1200,1
I-002486,O-00822,Mechanical Keyboard,Accessories,130,2
I-002487,O-00822,Office Chair,Furniture,250,3
I-002488,O-00823,Monitor Stand,Accessories,75,2
I-002489,O-00823,Laptop Pro,Electronics,1200,2
I-002490,O-00824,Laptop Pro,Electronics,1200,1
I-002491,O-00824,Mechanical Keyboard,Accessories,130,2
I-002492,O-00825,Webcam 1080p,Accessories,80,1
I-002493,O-00826,Standing Desk,Furniture,600,2
I-002494,O-00826,Office Chair,Furniture,250,2
I-002495,O-00827,Office Chair,Furniture,250,2
I-002496,O-00827,Monitor Stand,Accessories,75,1
I-002497,O-00827,Wireless Mouse,Accessories,50,2
I-002498,O-00828,Wireless Mouse,Accessories,50,3
I-002499,O-00828,Monitor Stand,Accessories,75,1
I-002500,O-00828,Monitor Stand,Accessories,75,1
I-002501,O-00828,Monitor Stand,Accessories,75,1
I-002502,O-00829,Laptop Pro,Electronics,1200,1
I-002503,O-00829,Monitor Stand,Accessories,75,1
I-002504,O-00829,Standing Desk,Furniture,600,3
I-002505,O-00830,Webcam 1080p,Accessories,80,2
I-002506,O-00830,Webcam 1080p,Accessories,80,1
I-002507,O-00831,Mechanical Keyboard,Accessories,130,2
I-002508,O-00831,Mechanical Keyboard,Accessories,130,3
I-002509,O-00831,Standing Desk,Furniture,600,3
I-002510,O-00831,Wireless Mouse,Accessories,50,3
I-002511,O-00832,Wireless Mouse,Accessories,50,2
I-002512,O-00832,Webcam 1080p,Accessories,80,3
I-002513,O-00832,Noise Cancelling Headphones,Electronics,300,1
I-002514,O-00832,Wireless Mouse,Accessories,50,3
I-002515,O-00833,Laptop Pro,Electronics,1200,2
I-002516,O-00833,Noise Cancelling Headphones,Electronics,300,3
I-002517,O-00834,Monitor Stand,Accessories,75,2
I-002518,O-00835,Mechanical Keyboard,Accessories,130,1
I-002519,O-00835,Standing Desk,Furniture,600,3
I-002520,O-00835,Office Chair,Furniture,250,3
I-002521,O-00836,Office Chair,Furniture,250,2
I-002522,O-00836,Standing Desk,Furniture,600,3
I-002523,O-00837,4K Monitor,Electronics,400,2
I-002524,O-00837,Monitor Stand,Accessories,75,3
I-002525,O-00838,Standing Desk,Furniture,600,3
I-002526,O-00839,Wireless Mouse,Accessories,50,1
I-002527,O-00839,Webcam 1080p,Accessories,80,2
I-002528,O-00839,4K Monitor,Electronics,400,1
I-002529,O-00839,4K Monitor,Electronics,400,2
I-002530,O-00839,Office Chair,Furniture,250,1
I-002531,O-00840,Monitor Stand,Accessories,75,1
I-002532,O-00840,4K Monitor,Electronics,400,1
I-002533,O-00841,Monitor Stand,Accessories,75,2
I-002534,O-00841,Office Chair,Furniture,250,2
I-002535,O-00841,4K Monitor,Electronics,400,2
I-002536,O-00841,Office Chair,Furniture,250,1
I-002537,O-00842,Monitor Stand,Accessories,75,3
I-002538,O-00842,Laptop Pro,Electronics,1200,2
I-002539,O-00842,Laptop Pro,Electronics,1200,1
I-002540,O-00842,Monitor Stand,Accessories,75,2
I-002541,O-00842,Webcam 1080p,Accessories,80,1
I-002542,O-00843,Laptop Pro,Electronics,1200,3
I-002543,O-00843,Laptop Pro,Electronics,1200,2
I-002544,O-00844,Office Chair,Furniture,250,3
I-002545,O-00844,Office Chair,Furniture,250,1
I-002546,O-00845,Wireless Mouse,Accessories,50,1
I-002547,O-00845,Webcam 1080p,Accessories,80,3
I-002548,O-00845,Monitor Stand,Accessories,75,1
I-002549,O-00845,Office Chair,Furniture,250,3
I-002550,O-00846,Standing Desk,Furniture,600,3
I-002551,O-00846,Wireless Mouse,Accessories,50,3
I-002552,O-00846,Monitor Stand,Accessories,75,3
I-002553,O-00846,Noise Cancelling Headphones,Electronics,300,2
I-002554,O-00846,Standing Desk,Furniture,600,1
I-002555,O-00847,Wireless Mouse,Accessories,50,1
I-002556,O-00847,Monitor Stand,Accessories,75,3
I-002557,O-00847,Noise Cancelling Headphones,Electronics,300,3
I-002558,O-00848,Wireless Mouse,Accessories,50,3
I-002559,O-00848,4K Monitor,Electronics,400,2
I-002560,O-00848,Webcam 1080p,Accessories,80,1
I-002561,O-00848,4K Monitor,Electronics,400,1
I-002562,O-00848,Wireless Mouse,Accessories,50,3
I-002563,O-00849,Monitor Stand,Accessories,75,1
I-002564,O-00849,Standing Desk,Furniture,600,1
I-002565,O-00849,Webcam 1080p,Accessories,80,1
I-002566,O-00849,Wireless Mouse,Accessories,50,2
I-002567,O-00849,Standing Desk,Furniture,600,3
I-002568,O-00850,Webcam 1080p,Accessories,80,3
I-002569,O-00850,Standing Desk,Furniture,600,2
I-002570,O-00850,Noise Cancelling Headphones,Electronics,300,2
I-002571,O-00851,4K Monitor,Electronics,400,3
I-002572,O-00851,Wireless Mouse,Accessories,50,3
I-002573,O-00851,Monitor Stand,Accessories,75,1
I-002574,O-00851,Mechanical Keyboard,Accessories,130,1
I-002575,O-00852,Office Chair,Furniture,250,3
I-002576,O-00852,Webcam 1080p,Accessories,80,1
I-002577,O-00852,Office Chair,Furniture,250,3
I-002578,O-00852,Webcam 1080p,Accessories,80,2
I-002579,O-00852,Laptop Pro,Electronics,1200,2
I-002580,O-00853,Noise Cancelling Headphones,Electronics,300,2
I-002581,O-00853,Webcam 1080p,Accessories,80,2
I-002582,O-00853,Wireless Mouse,Accessories,50,3
I-002583,O-00853,Standing Desk,Furniture,600,2
I-002584,O-00853,Monitor Stand,Accessories,75,1
I-002585,O-00854,Laptop Pro,Electronics,1200,3
I-002586,O-00854,4K Monitor,Electronics,400,3
I-002587,O-00855,Noise Cancelling Headphones,Electronics,300,3
I-002588,O-00856,Mechanical Keyboard,Accessories,130,2
I-002589,O-00856,Standing Desk,Furniture,600,3
I-002590,O-00856,Office Chair,Furniture,250,2
I-002591,O-00856,Noise Cancelling Headphones,Electronics,300,3
I-002592,O-00857,Wireless Mouse,Accessories,50,1
I-002593,O-00858,Office Chair,Furniture,250,2
I-002594,O-00858,Laptop Pro,Electronics,1200,1
I-002595,O-00858,Wireless Mouse,Accessories,50,3
I-002596,O-00858,Noise Cancelling Headphones,Electronics,300,1
I-002597,O-00858,Webcam 1080p,Accessories,80,1
I-002598,O-00859,Wireless Mouse,Accessories,50,3
I-002599,O-00859,4K Monitor,Electronics,400,3
I-002600,O-00859,4K Monitor,Electronics,400,2
I-002601,O-00859,Webcam 1080p,Accessories,80,3
I-002602,O-00859,Office Chair,Furniture,250,1
I-002603,O-00860,Webcam 1080p,Accessories,80,1
I-002604,O-00860,Office Chair,Furniture,250,2
I-002605,O-00860,Webcam 1080p,Accessories,80,1
I-002606,O-00860,4K Monitor,Electronics,400,3
I-002607,O-00861,Wireless Mouse,Accessories,50,3
I-002608,O-00861,Webcam 1080p,Accessories,80,1
I-002609,O-00861,Mechanical Keyboard,Accessories,130,3
I-002610,O-00862,Webcam 1080p,Accessories,80,1
I-002611,O-00862,Office Chair,Furniture,250,2
I-002612,O-00862,4K Monitor,Electronics,400,1
I-002613,O-00862,4K Monitor,Electronics,400,2
I-002614,O-00863,Wireless Mouse,Accessories,50,2
I-002615,O-00863,4K Monitor,Electronics,400,1
I-002616,O-00863,Noise Cancelling Headphones,Electronics,300,2
I-002617,O-00864,Standing Desk,Furniture,600,1
I-002618,O-00864,Monitor Stand,Accessories,75,2
I-002619,O-00865,Mechanical Keyboard,Accessories,130,2
I-002620,O-00866,Noise Cancelling Headphones,Electronics,300,3
I-002621,O-00866,Wireless Mouse,Accessories,50,2
I-002622,O-00867,4K Monitor,Electronics,400,1
I-002623,O-00867,Laptop Pro,Electronics,1200,1
I-002624,O-00868,Standing Desk,Furniture,600,2
I-002625,O-00868,Wireless Mouse,Accessories,50,3
I-002626,O-00868,Wireless Mouse,Accessories,50,2
I-002627,O-00868,Monitor Stand,Accessories,75,1
I-002628,O-00869,Wireless Mouse,Accessories,50,1
I-002629,O-00869,Standing Desk,Furniture,600,1
I-002630,O-00869,Laptop Pro,Electronics,1200,3
I-002631,O-00869,Laptop Pro,Electronics,1200,1
I-002632,O-00869,Monitor Stand,Accessories,75,1
I-002633,O-00870,Standing Desk,Furniture,600,3
I-002634,O-00870,Office Chair,Furniture,250,3
I-002635,O-00871,Noise Cancelling Headphones,Electronics,300,1
I-002636,O-00872,Mechanical Keyboard,Accessories,130,2
I-002637,O-00873,Wireless Mouse,Accessories,50,2
I-002638,O-00874,Webcam 1080p,Accessories,80,3
I-002639,O-00874,Noise Cancelling Headphones,Electronics,300,3
I-002640,O-00874,Office Chair,Furniture,250,2
I-002641,O-00874,Mechanical Keyboard,Accessories,130,3
I-002642,O-00874,Office Chair,Furniture,250,3
I-002643,O-00875,Laptop Pro,Electronics,1200,1
I-002644,O-00876,Mechanical Keyboard,Accessories,130,1
I-002645,O-00877,Noise Cancelling Headphones,Electronics,300,2
I-002646,O-00877,Monitor Stand,Accessories,75,1
I-002647,O-00877,Laptop Pro,Electronics,1200,2
I-002648,O-00877,Office Chair,Furniture,250,3
I-002649,O-00877,Office Chair,Furniture,250,2
I-002650,O-00878,Webcam 1080p,Accessories,80,3
I-002651,O-00878,Standing Desk,Furniture,600,3
I-002652,O-00879,Mechanical Keyboard,Accessories,130,1
I-002653,O-00880,Laptop Pro,Electronics,1200,2
I-002654,O-00880,Webcam 1080p,Accessories,80,1
I-002655,O-00881,Monitor Stand,Accessories,75,1
I-002656,O-00881,Monitor Stand,Accessories,75,1
I-002657,O-00881,Webcam 1080p,Accessories,80,2
I-002658,O-00881,Laptop Pro,Electronics,1200,3
I-002659,O-00881,Laptop Pro,Electronics,1200,2
I-002660,O-00882,Wireless Mouse,Accessories,50,2
I-002661,O-00882,Monitor Stand,Accessories,75,2
I-002662,O-00882,Webcam 1080p,Accessories,80,1
I-002663,O-00882,Standing Desk,Furniture,600,2
I-002664,O-00882,4K Monitor,Electronics,400,2
I-002665,O-00883,Webcam 1080p,Accessories,80,1
I-002666,O-00883,Noise Cancelling Headphones,Electronics,300,1
I-002667,O-00883,Standing Desk,Furniture,600,1
I-002668,O-00884,Office Chair,Furniture,250,3
I-002669,O-00884,Monitor Stand,Accessories,75,2
I-002670,O-00885,Wireless Mouse,Accessories,50,2
I-002671,O-00886,Wireless Mouse,Accessories,50,2
I-002672,O-00886,Office Chair,Furniture,250,2
I-002673,O-00886,Wireless Mouse,Accessories,50,2
I-002674,O-00887,Monitor Stand,Accessories,75,2
I-002675,O-00887,Standing Desk,Furniture,600,1
I-002676,O-00887,Monitor Stand,Accessories,75,3
I-002677,O-00887,Noise Cancelling Headphones,Electronics,300,1
I-002678,O-00888,Monitor Stand,Accessories,75,1
I-002679,O-00888,Mechanical Keyboard,Accessories,130,2
I-002680,O-00888,Mechanical Keyboard,Accessories,130,1
I-002681,O-00888,Mechanical Keyboard,Accessories,130,3
I-002682,O-00889,Mechanical Keyboard,Accessories,130,1
I-002683,O-00889,Standing Desk,Furniture,600,1
I-002684,O-00889,Noise Cancelling Headphones,Electronics,300,2
I-002685,O-00889,Wireless Mouse,Accessories,50,1
I-002686,O-00890,Webcam 1080p,Accessories,80,3
I-002687,O-00890,Laptop Pro,Electronics,1200,2
I-002688,O-00891,Webcam 1080p,Accessories,80,2
I-002689,O-00891,Laptop Pro,Electronics,1200,2
I-002690,O-00892,Office Chair,Furniture,250,3
I-002691,O-00892,Wireless Mouse,Accessories,50,2
I-002692,O-00893,Wireless Mouse,Accessories,50,3
I-002693,O-00893,Office Chair,Furniture,250,1
I-002694,O-00894,Webcam 1080p,Accessories,80,3
I-002695,O-00895,Monitor Stand,Accessories,75,2
I-002696,O-00895,Laptop Pro,Electronics,1200,2
I-002697,O-00896,Standing Desk,Furniture,600,3
I-002698,O-00897,Laptop Pro,Electronics,1200,1
I-002699,O-00897,Noise Cancelling Headphones,Electronics,300,1
I-002700,O-00897,Noise Cancelling Headphones,Electronics,300,1
I-002701,O-00897,Laptop Pro,Electronics,1200,1
I-002702,O-00897,Monitor Stand,Accessories,75,3
I-002703,O-00898,Wireless Mouse,Accessories,50,3
I-002704,O-00898,Wireless Mouse,Accessories,50,2
I-002705,O-00898,Standing Desk,Furniture,600,2
I-002706,O-00898,Standing Desk,Furniture,600,2
I-002707,O-00899,Monitor Stand,Accessories,75,1
I-002708,O-00899,4K Monitor,Electronics,400,1
I-002709,O-00899,Laptop Pro,Electronics,1200,1
I-002710,O-00900,4K Monitor,Electronics,400,1
I-002711,O-00901,Wireless Mouse,Accessories,50,3
I-002712,O-00901,Monitor Stand,Accessories,75,2
I-002713,O-00901,Monitor Stand,Accessories,75,3
I-002714,O-00901,Webcam 1080p,Accessories,80,3
I-002715,O-00901,Mechanical Keyboard,Accessories,130,2
I-002716,O-00902,Monitor Stand,Accessories,75,1
I-002717,O-00902,Wireless Mouse,Accessories,50,3
I-002718,O-00903,Webcam 1080p,Accessories,80,1
I-002719,O-00903,Wireless Mouse,Accessories,50,2
I-002720,O-00903,Wireless Mouse,Accessories,50,1
I-002721,O-00903,4K Monitor,Electronics,400,3
I-002722,O-00904,4K Monitor,Electronics,400,2
I-002723,O-00904,Laptop Pro,Electronics,1200,2
I-002724,O-00904,Standing Desk,Furniture,600,1
I-002725,O-00904,Mechanical Keyboard,Accessories,130,1
I-002726,O-00904,4K Monitor,Electronics,400,2
I-002727,O-00905,Wireless Mouse,Accessories,50,2
I-002728,O-00905,Laptop Pro,Electronics,1200,1
I-002729,O-00905,Laptop Pro,Electronics,1200,1
I-002730,O-00905,4K Monitor,Electronics,400,2
I-002731,O-00906,Mechanical Keyboard,Accessories,130,3
I-002732,O-00906,Laptop Pro,Electronics,1200,1
I-002733,O-00907,Wireless Mouse,Accessories,50,1
I-002734,O-00907,Wireless Mouse,Accessories,50,2
I-002735,O-00907,Webcam 1080p,Accessories,80,1
I-002736,O-00908,4K Monitor,Electronics,400,2
I-002737,O-00908,4K Monitor,Electronics,400,1
I-002738,O-00908,Noise Cancelling Headphones,Electronics,300,2
I-002739,O-00908,Laptop Pro,Electronics,1200,2
I-002740,O-00908,Office Chair,Furniture,250,2
I-002741,O-00909,Wireless Mouse,Accessories,50,1
I-002742,O-00909,Standing Desk,Furniture,600,2
I-002743,O-00909,Standing Desk,Furniture,600,2
I-002744,O-00909,Webcam 1080p,Accessories,80,3
I-002745,O-00909,Standing Desk,Furniture,600,3
I-002746,O-00910,Mechanical Keyboard,Accessories,130,1
I-002747,O-00911,4K Monitor,Electronics,400,2
I-002748,O-00912,4K Monitor,Electronics,400,2
I-002749,O-00912,Noise Cancelling Headphones,Electronics,300,1
I-002750,O-00912,Office Chair,Furniture,250,3
I-002751,O-00912,Wireless Mouse,Accessories,50,1
I-002752,O-00913,Noise Cancelling Headphones,Electronics,300,3
I-002753,O-00913,Noise Cancelling Headphones,Electronics,300,1
I-002754,O-00914,Webcam 1080p,Accessories,80,3
I-002755,O-00914,Mechanical Keyboard,Accessories,130,3
I-002756,O-00915,Webcam 1080p,Accessories,80,2
I-002757,O-00915,Monitor Stand,Accessories,75,1
I-002758,O-00915,Noise Cancelling Headphones,Electronics,300,3
I-002759,O-00915,Monitor Stand,Accessories,75,3
I-002760,O-00915,Monitor Stand,Accessories,75,2
I-002761,O-00916,Wireless Mouse,Accessories,50,1
I-002762,O-00916,4K Monitor,Electronics,400,1
I-002763,O-00917,4K Monitor,Electronics,400,3
I-002764,O-00917,Mechanical Keyboard,Accessories,130,1
I-002765,O-00917,Noise Cancelling Headphones,Electronics,300,2
I-002766,O-00917,Wireless Mouse,Accessories,50,1
I-002767,O-00917,Noise Cancelling Headphones,Electronics,300,2
I-002768,O-00918,Wireless Mouse,Accessories,50,3
I-002769,O-00918,Office Chair,Furniture,250,2
I-002770,O-00918,Laptop Pro,Electronics,1200,2
I-002771,O-00919,Laptop Pro,Electronics,1200,3
I-002772,O-00920,Office Chair,Furniture,250,3
I-002773,O-00920,Mechanical Keyboard,Accessories,130,1
I-002774,O-00920,Office Chair,Furniture,250,1
I-002775,O-00920,Noise Cancelling Headphones,Electronics,300,3
I-002776,O-00921,Laptop Pro,Electronics,1200,3
I-002777,O-00921,Noise Cancelling Headphones,Electronics,300,1
I-002778,O-00921,Monitor Stand,Accessories,75,2
I-002779,O-00921,Noise Cancelling Headphones,Electronics,300,2
I-002780,O-00922,Noise Cancelling Headphones,Electronics,300,2
I-002781,O-00922,Webcam 1080p,Accessories,80,3
I-002782,O-00922,Monitor Stand,Accessories,75,1
I-002783,O-00922,Standing Desk,Furniture,600,3
I-002784,O-00922,Mechanical Keyboard,Accessories,130,3
I-002785,O-00923,Standing Desk,Furniture,600,1
I-002786,O-00924,Laptop Pro,Electronics,1200,1
I-002787,O-00924,Noise Cancelling Headphones,Electronics,300,1
I-002788,O-00924,Office Chair,Furniture,250,2
I-002789,O-00924,Wireless Mouse,Accessories,50,2
I-002790,O-00924,Monitor Stand,Accessories,75,3
I-002791,O-00925,Monitor Stand,Accessories,75,2
I-002792,O-00926,Webcam 1080p,Accessories,80,2
I-002793,O-00926,Mechanical Keyboard,Accessories,130,2
I-002794,O-00926,Laptop Pro,Electronics,1200,1
I-002795,O-00926,Standing Desk,Furniture,600,2
I-002796,O-00926,Webcam 1080p,Accessories,80,2
I-002797,O-00927,Office Chair,Furniture,250,3
I-002798,O-00928,Wireless Mouse,Accessories,50,3
I-002799,O-00928,Standing Desk,Furniture,600,1
I-002800,O-00928,Wireless Mouse,Accessories,50,2
I-002801,O-00928,Mechanical Keyboard,Accessories,130,1
I-002802,O-00929,Office Chair,Furniture,250,3
I-002803,O-00929,Laptop Pro,Electronics,1200,2
I-002804,O-00930,Webcam 1080p,Accessories,80,2
I-002805,O-00931,Webcam 1080p,Accessories,80,3
I-002806,O-00931,Wireless Mouse,Accessories,50,2
I-002807,O-00931,Wireless Mouse,Accessories,50,2
I-002808,O-00931,Laptop Pro,Electronics,1200,2
I-002809,O-00932,Laptop Pro,Electronics,1200,2
I-002810,O-00932,Laptop Pro,Electronics,1200,1
I-002811,O-00933,Noise Cancelling Headphones,Electronics,300,1
I-002812,O-00933,Mechanical Keyboard,Accessories,130,3
I-002813,O-00933,Monitor Stand,Accessories,75,2
I-002814,O-00934,Noise Cancelling Headphones,Electronics,300,2
I-002815,O-00934,Laptop Pro,Electronics,1200,2
I-002816,O-00935,Wireless Mouse,Accessories,50,2
I-002817,O-00935,Monitor Stand,Accessories,75,3
I-002818,O-00935,Monitor Stand,Accessories,75,3
I-002819,O-00936,Webcam 1080p,Accessories,80,3
I-002820,O-00936,Monitor Stand,Accessories,75,3
I-002821,O-00937,Noise Cancelling Headphones,Electronics,300,3
I-002822,O-00937,4K Monitor,Electronics,400,3
I-002823,O-00937,Webcam 1080p,Accessories,80,3
I-002824,O-00937,Wireless Mouse,Accessories,50,3
I-002825,O-00938,Office Chair,Furniture,250,3
I-002826,O-00938,Webcam 1080p,Accessories,80,3
I-002827,O-00939,Laptop Pro,Electronics,1200,2
I-002828,O-00939,Webcam 1080p,Accessories,80,2
I-002829,O-00939,Webcam 1080p,Accessories,80,1
I-002830,O-00940,Office Chair,Furniture,250,1
I-002831,O-00940,Standing Desk,Furniture,600,3
I-002832,O-00940,Webcam 1080p,Accessories,80,2
I-002833,O-00940,Webcam 1080p,Accessories,80,3
I-002834,O-00941,Laptop Pro,Electronics,1200,1
I-002835,O-00941,Wireless Mouse,Accessories,50,3
I-002836,O-00941,Webcam 1080p,Accessories,80,2
I-002837,O-00941,Monitor Stand,Accessories,75,1
I-002838,O-00941,Mechanical Keyboard,Accessories,130,2
I-002839,O-00942,Webcam 1080p,Accessories,80,3
I-002840,O-00942,Webcam 1080p,Accessories,80,1
I-002841,O-00943,Noise Cancelling Headphones,Electronics,300,3
I-002842,O-00943,Laptop Pro,Electronics,1200,1
I-002843,O-00943,Webcam 1080p,Accessories,80,3
I-002844,O-00944,4K Monitor,Electronics,400,3
I-002845,O-00944,Mechanical Keyboard,Accessories,130,2
I-002846,O-00944,Monitor Stand,Accessories,75,3
I-002847,O-00944,Monitor Stand,Accessories,75,2
I-002848,O-00945,Webcam 1080p,Accessories,80,2
I-002849,O-00946,Monitor Stand,Accessories,75,2
I-002850,O-00946,Mechanical Keyboard,Accessories,130,3
I-002851,O-00946,Wireless Mouse,Accessories,50,3
I-002852,O-00946,Monitor Stand,Accessories,75,3
I-002853,O-00947,4K Monitor,Electronics,400,1
I-002854,O-00947,Standing Desk,Furniture,600,1
I-002855,O-00947,Webcam 1080p,Accessories,80,1
I-002856,O-00947,Webcam 1080p,Accessories,80,1
I-002857,O-00948,4K Monitor,Electronics,400,2
I-002858,O-00949,Mechanical Keyboard,Accessories,130,3
I-002859,O-00950,Laptop Pro,Electronics,1200,2
I-002860,O-00950,Monitor Stand,Accessories,75,1
I-002861,O-00950,4K Monitor,Electronics,400,1
I-002862,O-00950,Laptop Pro,Electronics,1200,2
I-002863,O-00950,Office Chair,Furniture,250,3
I-002864,O-00951,Wireless Mouse,Accessories,50,2
I-002865,O-00951,Noise Cancelling Headphones,Electronics,300,2
I-002866,O-00951,Webcam 1080p,Accessories,80,3
I-002867,O-00951,Monitor Stand,Accessories,75,3
I-002868,O-00952,Laptop Pro,Electronics,1200,3
I-002869,O-00952,Monitor Stand,Accessories,75,2
I-002870,O-00952,Office Chair,Furniture,250,2
I-002871,O-00952,Office Chair,Furniture,250,2
I-002872,O-00953,Laptop Pro,Electronics,1200,1
I-002873,O-00953,Webcam 1080p,Accessories,80,1
I-002874,O-00954,Wireless Mouse,Accessories,50,2
I-002875,O-00955,Noise Cancelling Headphones,Electronics,300,1
I-002876,O-00955,4K Monitor,Electronics,400,3
I-002877,O-00955,Monitor Stand,Accessories,75,2
I-002878,O-00955,Webcam 1080p,Accessories,80,1
I-002879,O-00955,Webcam 1080p,Accessories,80,3
I-002880,O-00956,Noise Cancelling Headphones,Electronics,300,3
I-002881,O-00956,Noise Cancelling Headphones,Electronics,300,2
I-002882,O-00956,4K Monitor,Electronics,400,3
I-002883,O-00956,Wireless Mouse,Accessories,50,1
I-002884,O-00957,Webcam 1080p,Accessories,80,1
I-002885,O-00957,Mechanical Keyboard,Accessories,130,3
I-002886,O-00957,Monitor Stand,Accessories,75,1
I-002887,O-00957,Laptop Pro,Electronics,1200,3
I-002888,O-00958,Noise Cancelling Headphones,Electronics,300,2
I-002889,O-00958,Noise Cancelling Headphones,Electronics,300,1
I-002890,O-00958,4K Monitor,Electronics,400,1
I-002891,O-00958,Office Chair,Furniture,250,1
I-002892,O-00958,Mechanical Keyboard,Accessories,130,1
I-002893,O-00959,Laptop Pro,Electronics,1200,3
I-002894,O-00959,Standing Desk,Furniture,600,1
I-002895,O-00959,Wireless Mouse,Accessories,50,3
I-002896,O-00959,4K Monitor,Electronics,400,2
I-002897,O-00960,Standing Desk,Furniture,600,1
I-002898,O-00961,4K Monitor,Electronics,400,1
I-002899,O-00961,Standing Desk,Furniture,600,2
I-002900,O-00961,Wireless Mouse,Accessories,50,1
I-002901,O-00961,4K Monitor,Electronics,400,3
I-002902,O-00962,Standing Desk,Furniture,600,2
I-002903,O-00962,Noise Cancelling Headphones,Electronics,300,2
I-002904,O-00963,Office Chair,Furniture,250,1
I-002905,O-00964,4K Monitor,Electronics,400,3
I-002906,O-00965,Laptop Pro,Electronics,1200,3
I-002907,O-00966,Laptop Pro,Electronics,1200,2
I-002908,O-00967,Webcam 1080p,Accessories,80,2
I-002909,O-00967,Laptop Pro,Electronics,1200,1
I-002910,O-00967,Mechanical Keyboard,Accessories,130,2
I-002911,O-00968,Mechanical Keyboard,Accessories,130,1
I-002912,O-00969,Laptop Pro,Electronics,1200,2
I-002913,O-00969,Webcam 1080p,Accessories,80,2
I-002914,O-00969,Laptop Pro,Electronics,1200,3
I-002915,O-00969,Standing Desk,Furniture,600,2
I-002916,O-00970,Wireless Mouse,Accessories,50,1
I-002917,O-00970,Laptop Pro,Electronics,1200,3
I-002918,O-00971,4K Monitor,Electronics,400,3
I-002919,O-00971,Noise Cancelling Headphones,Electronics,300,3
I-002920,O-00971,Wireless Mouse,Accessories,50,3
I-002921,O-00971,Monitor Stand,Accessories,75,1
I-002922,O-00971,Monitor Stand,Accessories,75,1
I-002923,O-00972,Standing Desk,Furniture,600,3
I-002924,O-00972,Webcam 1080p,Accessories,80,1
I-002925,O-00972,Wireless Mouse,Accessories,50,1
I-002926,O-00972,Laptop Pro,Electronics,1200,2
I-002927,O-00972,Laptop Pro,Electronics,1200,1
I-002928,O-00973,Laptop Pro,Electronics,1200,1
I-002929,O-00973,Wireless Mouse,Accessories,50,3
I-002930,O-00974,Office Chair,Furniture,250,1
I-002931,O-00974,Mechanical Keyboard,Accessories,130,2
I-002932,O-00975,4K Monitor,Electronics,400,1
I-002933,O-00975,Mechanical Keyboard,Accessories,130,2
I-002934,O-00975,Noise Cancelling Headphones,Electronics,300,1
I-002935,O-00975,Monitor Stand,Accessories,75,1
I-002936,O-00975,Webcam 1080p,Accessories,80,3
I-002937,O-00976,Webcam 1080p,Accessories,80,3
I-002938,O-00976,Laptop Pro,Electronics,1200,2
I-002939,O-00976,Noise Cancelling Headphones,Electronics,300,1
I-002940,O-00977,Webcam 1080p,Accessories,80,2
I-002941,O-00977,Mechanical Keyboard,Accessories,130,2
I-002942,O-00978,Standing Desk,Furniture,600,3
I-002943,O-00978,Noise Cancelling Headphones,Electronics,300,2
I-002944,O-00978,4K Monitor,Electronics,400,2
I-002945,O-00978,4K Monitor,Electronics,400,3
I-002946,O-00978,Monitor Stand,Accessories,75,1
I-002947,O-00979,Wireless Mouse,Accessories,50,2
I-002948,O-00979,Laptop Pro,Electronics,1200,3
I-002949,O-00979,Mechanical Keyboard,Accessories,130,3
I-002950,O-00979,4K Monitor,Electronics,400,3
I-002951,O-00980,Monitor Stand,Accessories,75,2
I-002952,O-00980,Wireless Mouse,Accessories,50,1
I-002953,O-00980,Noise Cancelling Headphones,Electronics,300,2
I-002954,O-00981,Laptop Pro,Electronics,1200,2
I-002955,O-00981,4K Monitor,Electronics,400,1
I-002956,O-00982,Wireless Mouse,Accessories,50,2
I-002957,O-00982,Office Chair,Furniture,250,1
I-002958,O-00982,Laptop Pro,Electronics,1200,2
I-002959,O-00983,Noise Cancelling Headphones,Electronics,300,3
I-002960,O-00983,Webcam 1080p,Accessories,80,1
I-002961,O-00983,4K Monitor,Electronics,400,1
I-002962,O-00983,Monitor Stand,Accessories,75,3
I-002963,O-00983,4K Monitor,Electronics,400,2
I-002964,O-00984,Webcam 1080p,Accessories,80,3
I-002965,O-00984,Noise Cancelling Headphones,Electronics,300,2
I-002966,O-00984,Standing Desk,Furniture,600,2
I-002967,O-00984,4K Monitor,Electronics,400,2
I-002968,O-00984,4K Monitor,Electronics,400,1
I-002969,O-00985,Laptop Pro,Electronics,1200,1
I-002970,O-00985,Mechanical Keyboard,Accessories,130,2
I-002971,O-00986,Wireless Mouse,Accessories,50,1
I-002972,O-00986,Mechanical Keyboard,Accessories,130,3
I-002973,O-00986,4K Monitor,Electronics,400,1
I-002974,O-00986,4K Monitor,Electronics,400,2
I-002975,O-00987,4K Monitor,Electronics,400,3
I-002976,O-00988,Webcam 1080p,Accessories,80,2
I-002977,O-00989,Noise Cancelling Headphones,Electronics,300,3
I-002978,O-00989,Monitor Stand,Accessories,75,3
I-002979,O-00990,Monitor Stand,Accessories,75,1
I-002980,O-00991,Mechanical Keyboard,Accessories,130,2
I-002981,O-00992,Office Chair,Furniture,250,3
I-002982,O-00992,Standing Desk,Furniture,600,2
I-002983,O-00992,Monitor Stand,Accessories,75,2
I-002984,O-00993,Laptop Pro,Electronics,1200,1
I-002985,O-00993,Office Chair,Furniture,250,2
I-002986,O-00993,Webcam 1080p,Accessories,80,3
I-002987,O-00993,Mechanical Keyboard,Accessories,130,1
I-002988,O-00993,4K Monitor,Electronics,400,1
I-002989,O-00994,Laptop Pro,Electronics,1200,1
I-002990,O-00994,Laptop Pro,Electronics,1200,2
I-002991,O-00995,Office Chair,Furniture,250,3
I-002992,O-00995,Laptop Pro,Electronics,1200,1
I-002993,O-00995,Standing Desk,Furniture,600,3
I-002994,O-00995,Noise Cancelling Headphones,Electronics,300,1
I-002995,O-00996,Noise Cancelling Headphones,Electronics,300,2
I-002996,O-00996,Laptop Pro,Electronics,1200,1
I-002997,O-00996,Laptop Pro,Electronics,1200,2
I-002998,O-00997,Standing Desk,Furniture,600,3
I-002999,O-00997,Noise Cancelling Headphones,Electronics,300,1
I-003000,O-00997,Monitor Stand,Accessories,75,1
I-003001,O-00998,Mechanical Keyboard,Accessories,130,2
I-003002,O-00998,Wireless Mouse,Accessories,50,3
I-003003,O-00998,Noise Cancelling Headphones,Electronics,300,2
I-003004,O-00998,Standing Desk,Furniture,600,3
I-003005,O-00998,Noise Cancelling Headphones,Electronics,300,1
I-003006,O-00999,Mechanical Keyboard,Accessories,130,3
I-003007,O-00999,4K Monitor,Electronics,400,2
I-003008,O-00999,4K Monitor,Electronics,400,1
I-003009,O-00999,Webcam 1080p,Accessories,80,1
I-003010,O-00999,Office Chair,Furniture,250,2
I-003011,O-01000,Standing Desk,Furniture,600,1
I-003012,O-01000,Monitor Stand,Accessories,75,3
I-003013,O-01000,Noise Cancelling Headphones,Electronics,300,3
I-003014,O-01001,Standing Desk,Furniture,600,2
I-003015,O-01001,Laptop Pro,Electronics,1200,1
I-003016,O-01002,Laptop Pro,Electronics,1200,2
I-003017,O-01002,Wireless Mouse,Accessories,50,1
I-003018,O-01003,Laptop Pro,Electronics,1200,2
I-003019,O-01003,Wireless Mouse,Accessories,50,2
I-003020,O-01003,4K Monitor,Electronics,400,3
I-003021,O-01003,Mechanical Keyboard,Accessories,130,2
I-003022,O-01004,Noise Cancelling Headphones,Electronics,300,1
I-003023,O-01004,Laptop Pro,Electronics,1200,1
I-003024,O-01005,Monitor Stand,Accessories,75,1
I-003025,O-01005,Mechanical Keyboard,Accessories,130,2
I-003026,O-01005,4K Monitor,Electronics,400,1
I-003027,O-01006,Office Chair,Furniture,250,1
I-003028,O-01007,Webcam 1080p,Accessories,80,2
I-003029,O-01007,4K Monitor,Electronics,400,1
I-003030,O-01007,Laptop Pro,Electronics,1200,3
I-003031,O-01008,Office Chair,Furniture,250,2
I-003032,O-01009,Office Chair,Furniture,250,3
I-003033,O-01009,Mechanical Keyboard,Accessories,130,2
I-003034,O-01010,Office Chair,Furniture,250,2
I-003035,O-01010,Webcam 1080p,Accessories,80,1
I-003036,O-01010,Laptop Pro,Electronics,1200,1
I-003037,O-01011,Mechanical Keyboard,Accessories,130,1
I-003038,O-01011,Mechanical Keyboard,Accessories,130,1
I-003039,O-01011,Laptop Pro,Electronics,1200,3
I-003040,O-01011,Office Chair,Furniture,250,2
I-003041,O-01012,Wireless Mouse,Accessories,50,3
I-003042,O-01012,Wireless Mouse,Accessories,50,2
I-003043,O-01012,Wireless Mouse,Accessories,50,3
I-003044,O-01012,Office Chair,Furniture,250,2
I-003045,O-01013,Standing Desk,Furniture,600,3
I-003046,O-01014,Webcam 1080p,Accessories,80,1
I-003047,O-01014,Wireless Mouse,Accessories,50,1
I-003048,O-01015,Office Chair,Furniture,250,3
I-003049,O-01015,Laptop Pro,Electronics,1200,2
I-003050,O-01015,Laptop Pro,Electronics,1200,2
I-003051,O-01015,Office Chair,Furniture,250,2
I-003052,O-01015,4K Monitor,Electronics,400,1
I-003053,O-01016,Standing Desk,Furniture,600,2
I-003054,O-01016,Noise Cancelling Headphones,Electronics,300,2
I-003055,O-01017,Wireless Mouse,Accessories,50,3
I-003056,O-01017,Wireless Mouse,Accessories,50,2
I-003057,O-01018,Office Chair,Furniture,250,3
I-003058,O-01018,Laptop Pro,Electronics,1200,2
I-003059,O-01018,Wireless Mouse,Accessories,50,3
I-003060,O-01018,Webcam 1080p,Accessories,80,1
I-003061,O-01018,4K Monitor,Electronics,400,1
I-003062,O-01019,Standing Desk,Furniture,600,2
I-003063,O-01019,Wireless Mouse,Accessories,50,1
I-003064,O-01019,Office Chair,Furniture,250,1
I-003065,O-01020,Monitor Stand,Accessories,75,1
I-003066,O-01020,Laptop Pro,Electronics,1200,3
I-003067,O-01020,Webcam 1080p,Accessories,80,1
I-003068,O-01020,Noise Cancelling Headphones,Electronics,300,3
I-003069,O-01021,Webcam 1080p,Accessories,80,1
I-003070,O-01021,4K Monitor,Electronics,400,2
I-003071,O-01021,Mechanical Keyboard,Accessories,130,1
I-003072,O-01022,Noise Cancelling Headphones,Electronics,300,3
I-003073,O-01023,Noise Cancelling Headphones,Electronics,300,1
I-003074,O-01023,Mechanical Keyboard,Accessories,130,1
I-003075,O-01023,Wireless Mouse,Accessories,50,1
I-003076,O-01024,Noise Cancelling Headphones,Electronics,300,2
I-003077,O-01024,Monitor Stand,Accessories,75,3
I-003078,O-01024,Mechanical Keyboard,Accessories,130,2
I-003079,O-01025,Office Chair,Furniture,250,2
I-003080,O-01025,Mechanical Keyboard,Accessories,130,3
I-003081,O-01025,Noise Cancelling Headphones,Electronics,300,3
I-003082,O-01025,Office Chair,Furniture,250,3
I-003083,O-01026,Wireless Mouse,Accessories,50,2
I-003084,O-01026,Standing Desk,Furniture,600,1
I-003085,O-01026,Standing Desk,Furniture,600,3
I-003086,O-01026,Laptop Pro,Electronics,1200,1
I-003087,O-01027,Mechanical Keyboard,Accessories,130,2
I-003088,O-01027,Office Chair,Furniture,250,2
I-003089,O-01027,Standing Desk,Furniture,600,1
I-003090,O-01028,Wireless Mouse,Accessories,50,2
I-003091,O-01029,Webcam 1080p,Accessories,80,3
I-003092,O-01030,Webcam 1080p,Accessories,80,3
I-003093,O-01030,Mechanical Keyboard,Accessories,130,2
I-003094,O-01030,Webcam 1080p,Accessories,80,2
I-003095,O-01030,Mechanical Keyboard,Accessories,130,2
I-003096,O-01030,Office Chair,Furniture,250,3
I-003097,O-01031,Webcam 1080p,Accessories,80,3
I-003098,O-01031,Office Chair,Furniture,250,2
I-003099,O-01031,Wireless Mouse,Accessories,50,3
I-003100,O-01031,4K Monitor,Electronics,400,1
I-003101,O-01032,Noise Cancelling Headphones,Electronics,300,1
I-003102,O-01032,4K Monitor,Electronics,400,1
I-003103,O-01032,Noise Cancelling Headphones,Electronics,300,2
I-003104,O-01032,Monitor Stand,Accessories,75,3
I-003105,O-01033,Mechanical Keyboard,Accessories,130,2
I-003106,O-01033,Wireless Mouse,Accessories,50,3
I-003107,O-01034,4K Monitor,Electronics,400,1
I-003108,O-01034,Office Chair,Furniture,250,1
I-003109,O-01034,Office Chair,Furniture,250,2
I-003110,O-01034,Noise Cancelling Headphones,Electronics,300,3
I-003111,O-01034,Laptop Pro,Electronics,1200,1
I-003112,O-01035,Mechanical Keyboard,Accessories,130,1
I-003113,O-01036,Monitor Stand,Accessories,75,2
I-003114,O-01036,Noise Cancelling Headphones,Electronics,300,3
I-003115,O-01036,Laptop Pro,Electronics,1200,3
I-003116,O-01036,Wireless Mouse,Accessories,50,3
I-003117,O-01037,Webcam 1080p,Accessories,80,1
I-003118,O-01037,Standing Desk,Furniture,600,3
I-003119,O-01038,Monitor Stand,Accessories,75,2
I-003120,O-01038,Webcam 1080p,Accessories,80,1
I-003121,O-01039,Mechanical Keyboard,Accessories,130,2
I-003122,O-01040,Noise Cancelling Headphones,Electronics,300,2
I-003123,O-01040,4K Monitor,Electronics,400,2
I-003124,O-01041,Webcam 1080p,Accessories,80,2
I-003125,O-01042,Office Chair,Furniture,250,3
I-003126,O-01042,4K Monitor,Electronics,400,1
I-003127,O-01042,Standing Desk,Furniture,600,2
I-003128,O-01042,Office Chair,Furniture,250,1
I-003129,O-01042,4K Monitor,Electronics,400,2
I-003130,O-01043,Wireless Mouse,Accessories,50,1
I-003131,O-01043,Office Chair,Furniture,250,2
I-003132,O-01043,Office Chair,Furniture,250,2
I-003133,O-01043,Webcam 1080p,Accessories,80,1
I-003134,O-01043,Mechanical Keyboard,Accessories,130,1
I-003135,O-01044,Monitor Stand,Accessories,75,2
I-003136,O-01044,Office Chair,Furniture,250,2
I-003137,O-01044,Webcam 1080p,Accessories,80,2
I-003138,O-01044,Standing Desk,Furniture,600,2
I-003139,O-01044,Mechanical Keyboard,Accessories,130,2
I-003140,O-01045,Webcam 1080p,Accessories,80,1
I-003141,O-01046,Laptop Pro,Electronics,1200,3
I-003142,O-01046,Wireless Mouse,Accessories,50,3
I-003143,O-01046,Webcam 1080p,Accessories,80,2
I-003144,O-01046,Noise Cancelling Headphones,Electronics,300,1
I-003145,O-01047,Mechanical Keyboard,Accessories,130,2
I-003146,O-01047,4K Monitor,Electronics,400,3
I-003147,O-01047,Office Chair,Furniture,250,1
I-003148,O-01047,Standing Desk,Furniture,600,2
I-003149,O-01047,Monitor Stand,Accessories,75,3
I-003150,O-01048,Noise Cancelling Headphones,Electronics,300,1
I-003151,O-01048,Laptop Pro,Electronics,1200,2
I-003152,O-01048,Office Chair,Furniture,250,3
I-003153,O-01048,Webcam 1080p,Accessories,80,1
I-003154,O-01049,4K Monitor,Electronics,400,1
I-003155,O-01049,Standing Desk,Furniture,600,3
I-003156,O-01049,Noise Cancelling Headphones,Electronics,300,3
I-003157,O-01050,Standing Desk,Furniture,600,2
I-003158,O-01050,Laptop Pro,Electronics,1200,1
I-003159,O-01050,Wireless Mouse,Accessories,50,1
I-003160,O-01050,Wireless Mouse,Accessories,50,3
I-003161,O-01050,Standing Desk,Furniture,600,3
I-003162,O-01051,Office Chair,Furniture,250,1
I-003163,O-01051,Office Chair,Furniture,250,2
I-003164,O-01052,Standing Desk,Furniture,600,1
I-003165,O-01052,Wireless Mouse,Accessories,50,1
I-003166,O-01052,Laptop Pro,Electronics,1200,1
I-003167,O-01052,4K Monitor,Electronics,400,1
I-003168,O-01052,Wireless Mouse,Accessories,50,2
I-003169,O-01053,Noise Cancelling Headphones,Electronics,300,2
I-003170,O-01054,Laptop Pro,Electronics,1200,1
I-003171,O-01054,Wireless Mouse,Accessories,50,3
I-003172,O-01054,Monitor Stand,Accessories,75,2
I-003173,O-01054,Webcam 1080p,Accessories,80,3
I-003174,O-01055,Noise Cancelling Headphones,Electronics,300,1
I-003175,O-01055,4K Monitor,Electronics,400,1
I-003176,O-01055,Monitor Stand,Accessories,75,3
I-003177,O-01055,4K Monitor,Electronics,400,3
I-003178,O-01056,Wireless Mouse,Accessories,50,3
I-003179,O-01056,Standing Desk,Furniture,600,1
I-003180,O-01057,Mechanical Keyboard,Accessories,130,2
I-003181,O-01057,Office Chair,Furniture,250,3
I-003182,O-01057,Laptop Pro,Electronics,1200,2
I-003183,O-01057,4K Monitor,Electronics,400,2
I-003184,O-01058,Standing Desk,Furniture,600,1
I-003185,O-01058,Laptop Pro,Electronics,1200,2
I-003186,O-01058,Monitor Stand,Accessories,75,2
I-003187,O-01058,Monitor Stand,Accessories,75,1
I-003188,O-01059,Monitor Stand,Accessories,75,2
I-003189,O-01059,4K Monitor,Electronics,400,1
I-003190,O-01059,Laptop Pro,Electronics,1200,2
I-003191,O-01059,4K Monitor,Electronics,400,1
I-003192,O-01059,4K Monitor,Electronics,400,2
I-003193,O-01060,Office Chair,Furniture,250,3
I-003194,O-01060,Webcam 1080p,Accessories,80,1
I-003195,O-01060,Monitor Stand,Accessories,75,2
I-003196,O-01060,Noise Cancelling Headphones,Electronics,300,3
I-003197,O-01061,Monitor Stand,Accessories,75,2
I-003198,O-01061,Laptop Pro,Electronics,1200,2
I-003199,O-01061,4K Monitor,Electronics,400,3
I-003200,O-01061,Monitor Stand,Accessories,75,1
I-003201,O-01061,Standing Desk,Furniture,600,2
I-003202,O-01062,Webcam 1080p,Accessories,80,2
I-003203,O-01062,Laptop Pro,Electronics,1200,2
I-003204,O-01062,Noise Cancelling Headphones,Electronics,300,2
I-003205,O-01063,4K Monitor,Electronics,400,1
I-003206,O-01063,4K Monitor,Electronics,400,3
I-003207,O-01063,Webcam 1080p,Accessories,80,2
I-003208,O-01063,Standing Desk,Furniture,600,3
I-003209,O-01063,Mechanical Keyboard,Accessories,130,3
I-003210,O-01064,4K Monitor,Electronics,400,1
I-003211,O-01064,Noise Cancelling Headphones,Electronics,300,3
I-003212,O-01064,Laptop Pro,Electronics,1200,1
I-003213,O-01065,Laptop Pro,Electronics,1200,3
I-003214,O-01065,Laptop Pro,Electronics,1200,2
I-003215,O-01066,Standing Desk,Furniture,600,3
I-003216,O-01066,Webcam 1080p,Accessories,80,1
I-003217,O-01066,Noise Cancelling Headphones,Electronics,300,1
I-003218,O-01067,Standing Desk,Furniture,600,2
I-003219,O-01067,Monitor Stand,Accessories,75,1
I-003220,O-01068,4K Monitor,Electronics,400,1
I-003221,O-01069,Noise Cancelling Headphones,Electronics,300,1
I-003222,O-01070,Standing Desk,Furniture,600,2
I-003223,O-01070,4K Monitor,Electronics,400,1
I-003224,O-01070,Noise Cancelling Headphones,Electronics,300,3
I-003225,O-01070,Webcam 1080p,Accessories,80,2
I-003226,O-01071,Wireless Mouse,Accessories,50,2
I-003227,O-01071,4K Monitor,Electronics,400,2
I-003228,O-01071,4K Monitor,Electronics,400,3
I-003229,O-01071,Wireless Mouse,Accessories,50,2
I-003230,O-01072,Wireless Mouse,Accessories,50,3
I-003231,O-01072,Wireless Mouse,Accessories,50,1
I-003232,O-01073,4K Monitor,Electronics,400,3
I-003233,O-01074,Wireless Mouse,Accessories,50,1
I-003234,O-01075,Monitor Stand,Accessories,75,2
I-003235,O-01076,Mechanical Keyboard,Accessories,130,3
I-003236,O-01076,Laptop Pro,Electronics,1200,3
I-003237,O-01076,Wireless Mouse,Accessories,50,2
I-003238,O-01076,Standing Desk,Furniture,600,1
I-003239,O-01076,Webcam 1080p,Accessories,80,1
I-003240,O-01077,Noise Cancelling Headphones,Electronics,300,1
I-003241,O-01077,Mechanical Keyboard,Accessories,130,2
I-003242,O-01077,Monitor Stand,Accessories,75,2
I-003243,O-01077,Webcam 1080p,Accessories,80,3
I-003244,O-01077,Noise Cancelling Headphones,Electronics,300,2
I-003245,O-01078,4K Monitor,Electronics,400,1
I-003246,O-01079,Office Chair,Furniture,250,1
I-003247,O-01079,Wireless Mouse,Accessories,50,2
I-003248,O-01079,Office Chair,Furniture,250,2
I-003249,O-01079,4K Monitor,Electronics,400,2
I-003250,O-01079,Office Chair,Furniture,250,3
I-003251,O-01080,Laptop Pro,Electronics,1200,1
I-003252,O-01080,Noise Cancelling Headphones,Electronics,300,3
I-003253,O-01080,Webcam 1080p,Accessories,80,3
I-003254,O-01081,Noise Cancelling Headphones,Electronics,300,3
I-003255,O-01081,Webcam 1080p,Accessories,80,2
I-003256,O-01082,4K Monitor,Electronics,400,2
I-003257,O-01082,Mechanical Keyboard,Accessories,130,3
I-003258,O-01082,Webcam 1080p,Accessories,80,1
I-003259,O-01082,4K Monitor,Electronics,400,1
I-003260,O-01083,Monitor Stand,Accessories,75,1
I-003261,O-01083,Wireless Mouse,Accessories,50,1
I-003262,O-01083,Noise Cancelling Headphones,Electronics,300,1
I-003263,O-01084,Noise Cancelling Headphones,Electronics,300,2
I-003264,O-01084,Office Chair,Furniture,250,1
I-003265,O-01084,Standing Desk,Furniture,600,3
I-003266,O-01084,Webcam 1080p,Accessories,80,3
I-003267,O-01084,Laptop Pro,Electronics,1200,3
I-003268,O-01085,Monitor Stand,Accessories,75,1
I-003269,O-01086,4K Monitor,Electronics,400,1
I-003270,O-01086,4K Monitor,Electronics,400,2
I-003271,O-01086,Laptop Pro,Electronics,1200,3
I-003272,O-01086,Mechanical Keyboard,Accessories,130,1
I-003273,O-01087,Laptop Pro,Electronics,1200,3
I-003274,O-01088,4K Monitor,Electronics,400,2
I-003275,O-01088,Monitor Stand,Accessories,75,1
I-003276,O-01089,Webcam 1080p,Accessories,80,1
I-003277,O-01090,Mechanical Keyboard,Accessories,130,3
I-003278,O-01090,Noise Cancelling Headphones,Electronics,300,3
I-003279,O-01091,Mechanical Keyboard,Accessories,130,1
I-003280,O-01092,Standing Desk,Furniture,600,1
I-003281,O-01092,Standing Desk,Furniture,600,1
I-003282,O-01092,Monitor Stand,Accessories,75,2
I-003283,O-01092,Monitor Stand,Accessories,75,1
I-003284,O-01093,Webcam 1080p,Accessories,80,1
I-003285,O-01093,Monitor Stand,Accessories,75,1
I-003286,O-01093,Wireless Mouse,Accessories,50,3
I-003287,O-01093,Monitor Stand,Accessories,75,1
I-003288,O-01093,Laptop Pro,Electronics,1200,1
I-003289,O-01094,Standing Desk,Furniture,600,1
I-003290,O-01094,Noise Cancelling Headphones,Electronics,300,3
I-003291,O-01094,Noise Cancelling Headphones,Electronics,300,1
I-003292,O-01094,4K Monitor,Electronics,400,1
I-003293,O-01095,Laptop Pro,Electronics,1200,2
I-003294,O-01096,Office Chair,Furniture,250,3
I-003295,O-01096,Office Chair,Furniture,250,3
I-003296,O-01097,Webcam 1080p,Accessories,80,2
I-003297,O-01097,Wireless Mouse,Accessories,50,2
I-003298,O-01098,4K Monitor,Electronics,400,1
I-003299,O-01099,Webcam 1080p,Accessories,80,2
I-003300,O-01099,Wireless Mouse,Accessories,50,1
I-003301,O-01099,Standing Desk,Furniture,600,2
I-003302,O-01100,Webcam 1080p,Accessories,80,3
I-003303,O-01100,Noise Cancelling Headphones,Electronics,300,1
I-003304,O-01100,Office Chair,Furniture,250,3
I-003305,O-01101,Office Chair,Furniture,250,2
I-003306,O-01101,Mechanical Keyboard,Accessories,130,2
I-003307,O-01101,Laptop Pro,Electronics,1200,3
I-003308,O-01102,Mechanical Keyboard,Accessories,130,2
I-003309,O-01102,Laptop Pro,Electronics,1200,3
I-003310,O-01102,Webcam 1080p,Accessories,80,3
I-003311,O-01102,Noise Cancelling Headphones,Electronics,300,1
I-003312,O-01102,Mechanical Keyboard,Accessories,130,1
I-003313,O-01103,Standing Desk,Furniture,600,1
I-003314,O-01103,Noise Cancelling Headphones,Electronics,300,3
I-003315,O-01103,Laptop Pro,Electronics,1200,2
I-003316,O-01104,Webcam 1080p,Accessories,80,3
I-003317,O-01104,Laptop Pro,Electronics,1200,2
I-003318,O-01104,Noise Cancelling Headphones,Electronics,300,2
I-003319,O-01104,Office Chair,Furniture,250,1
I-003320,O-01105,Office Chair,Furniture,250,3
I-003321,O-01106,Mechanical Keyboard,Accessories,130,1
I-003322,O-01106,Noise Cancelling Headphones,Electronics,300,2
I-003323,O-01106,Monitor Stand,Accessories,75,1
I-003324,O-01106,Laptop Pro,Electronics,1200,3
I-003325,O-01107,Mechanical Keyboard,Accessories,130,1
I-003326,O-01107,4K Monitor,Electronics,400,3
I-003327,O-01107,Laptop Pro,Electronics,1200,2
I-003328,O-01107,Standing Desk,Furniture,600,2
I-003329,O-01108,Wireless Mouse,Accessories,50,3
I-003330,O-01108,Laptop Pro,Electronics,1200,3
I-003331,O-01108,Standing Desk,Furniture,600,1
I-003332,O-01108,4K Monitor,Electronics,400,1
I-003333,O-01108,Noise Cancelling Headphones,Electronics,300,3
I-003334,O-01109,Webcam 1080p,Accessories,80,3
I-003335,O-01109,Webcam 1080p,Accessories,80,2
I-003336,O-01109,Office Chair,Furniture,250,2
I-003337,O-01109,Webcam 1080p,Accessories,80,3
I-003338,O-01110,Standing Desk,Furniture,600,1
I-003339,O-01110,Office Chair,Furniture,250,1
I-003340,O-01110,Webcam 1080p,Accessories,80,1
I-003341,O-01110,Mechanical Keyboard,Accessories,130,2
I-003342,O-01110,Webcam 1080p,Accessories,80,3
I-003343,O-01111,Laptop Pro,Electronics,1200,2
I-003344,O-01111,Office Chair,Furniture,250,3
I-003345,O-01111,Mechanical Keyboard,Accessories,130,2
I-003346,O-01112,4K Monitor,Electronics,400,2
I-003347,O-01113,4K Monitor,Electronics,400,3
I-003348,O-01113,Noise Cancelling Headphones,Electronics,300,1
I-003349,O-01113,Noise Cancelling Headphones,Electronics,300,1
I-003350,O-01114,4K Monitor,Electronics,400,1
I-003351,O-01114,Office Chair,Furniture,250,2
I-003352,O-01114,Office Chair,Furniture,250,2
I-003353,O-01115,Monitor Stand,Accessories,75,2
I-003354,O-01116,Webcam 1080p,Accessories,80,2
I-003355,O-01117,Wireless Mouse,Accessories,50,2
I-003356,O-01117,Laptop Pro,Electronics,1200,1
I-003357,O-01117,Webcam 1080p,Accessories,80,2
I-003358,O-01117,Office Chair,Furniture,250,1
I-003359,O-01117,4K Monitor,Electronics,400,2
I-003360,O-01118,Office Chair,Furniture,250,1
I-003361,O-01118,Mechanical Keyboard,Accessories,130,1
I-003362,O-01118,Office Chair,Furniture,250,3
I-003363,O-01119,Office Chair,Furniture,250,3
I-003364,O-01120,Wireless Mouse,Accessories,50,3
I-003365,O-01121,4K Monitor,Electronics,400,3
I-003366,O-01121,Laptop Pro,Electronics,1200,2
I-003367,O-01121,Standing Desk,Furniture,600,2
I-003368,O-01121,Laptop Pro,Electronics,1200,1
I-003369,O-01122,Mechanical Keyboard,Accessories,130,1
I-003370,O-01122,Laptop Pro,Electronics,1200,1
I-003371,O-01122,Office Chair,Furniture,250,3
I-003372,O-01123,Wireless Mouse,Accessories,50,3
I-003373,O-01123,Laptop Pro,Electronics,1200,2
I-003374,O-01123,Wireless Mouse,Accessories,50,1
I-003375,O-01123,4K Monitor,Electronics,400,3
I-003376,O-01124,Noise Cancelling Headphones,Electronics,300,2
I-003377,O-01124,Wireless Mouse,Accessories,50,2
I-003378,O-01124,Office Chair,Furniture,250,3
I-003379,O-01124,Noise Cancelling Headphones,Electronics,300,2
I-003380,O-01125,Webcam 1080p,Accessories,80,2
I-003381,O-01125,Office Chair,Furniture,250,1
I-003382,O-01125,Laptop Pro,Electronics,1200,3
I-003383,O-01125,Monitor Stand,Accessories,75,1
I-003384,O-01126,4K Monitor,Electronics,400,2
I-003385,O-01127,Standing Desk,Furniture,600,2
I-003386,O-01127,Standing Desk,Furniture,600,3
I-003387,O-01127,Noise Cancelling Headphones,Electronics,300,1
I-003388,O-01127,Standing Desk,Furniture,600,3
I-003389,O-01127,Webcam 1080p,Accessories,80,3
I-003390,O-01128,Monitor Stand,Accessories,75,1
I-003391,O-01128,Webcam 1080p,Accessories,80,1
I-003392,O-01129,4K Monitor,Electronics,400,3
I-003393,O-01129,Webcam 1080p,Accessories,80,3
I-003394,O-01130,Mechanical Keyboard,Accessories,130,3
I-003395,O-01130,Wireless Mouse,Accessories,50,2
I-003396,O-01130,Noise Cancelling Headphones,Electronics,300,3
I-003397,O-01130,Noise Cancelling Headphones,Electronics,300,3
I-003398,O-01131,Monitor Stand,Accessories,75,1
I-003399,O-01131,Office Chair,Furniture,250,2
I-003400,O-01131,Noise Cancelling Headphones,Electronics,300,1
I-003401,O-01131,Office Chair,Furniture,250,2
I-003402,O-01131,Office Chair,Furniture,250,2
I-003403,O-01132,Standing Desk,Furniture,600,2
I-003404,O-01133,Monitor Stand,Accessories,75,3
I-003405,O-01133,Monitor Stand,Accessories,75,2
I-003406,O-01133,Mechanical Keyboard,Accessories,130,3
I-003407,O-01133,Webcam 1080p,Accessories,80,1
I-003408,O-01134,Noise Cancelling Headphones,Electronics,300,3
I-003409,O-01134,Office Chair,Furniture,250,1
I-003410,O-01134,Noise Cancelling Headphones,Electronics,300,2
I-003411,O-01134,Webcam 1080p,Accessories,80,3
I-003412,O-01135,4K Monitor,Electronics,400,2
I-003413,O-01135,4K Monitor,Electronics,400,2
I-003414,O-01135,Noise Cancelling Headphones,Electronics,300,3
I-003415,O-01135,Monitor Stand,Accessories,75,1
I-003416,O-01135,Wireless Mouse,Accessories,50,3
I-003417,O-01136,4K Monitor,Electronics,400,1
I-003418,O-01136,Standing Desk,Furniture,600,1
I-003419,O-01136,Webcam 1080p,Accessories,80,1
I-003420,O-01136,Noise Cancelling Headphones,Electronics,300,2
I-003421,O-01137,Standing Desk,Furniture,600,1
I-003422,O-01137,Standing Desk,Furniture,600,1
I-003423,O-01137,Mechanical Keyboard,Accessories,130,1
I-003424,O-01138,Laptop Pro,Electronics,1200,3
I-003425,O-01138,Wireless Mouse,Accessories,50,2
I-003426,O-01138,Laptop Pro,Electronics,1200,2
I-003427,O-01138,Mechanical Keyboard,Accessories,130,2
I-003428,O-01139,Monitor Stand,Accessories,75,3
I-003429,O-01139,4K Monitor,Electronics,400,2
I-003430,O-01140,Monitor Stand,Accessories,75,2
I-003431,O-01141,4K Monitor,Electronics,400,2
I-003432,O-01141,Laptop Pro,Electronics,1200,2
I-003433,O-01141,Standing Desk,Furniture,600,3
I-003434,O-01141,Laptop Pro,Electronics,1200,2
I-003435,O-01141,Webcam 1080p,Accessories,80,3
I-003436,O-01142,Office Chair,Furniture,250,3
I-003437,O-01142,Mechanical Keyboard,Accessories,130,3
I-003438,O-01142,Wireless Mouse,Accessories,50,1
I-003439,O-01142,Wireless Mouse,Accessories,50,1
I-003440,O-01143,4K Monitor,Electronics,400,2
I-003441,O-01144,Monitor Stand,Accessories,75,1
I-003442,O-01144,Monitor Stand,Accessories,75,1
I-003443,O-01144,Mechanical Keyboard,Accessories,130,2
I-003444,O-01144,4K Monitor,Electronics,400,2
I-003445,O-01145,Laptop Pro,Electronics,1200,3
I-003446,O-01145,Mechanical Keyboard,Accessories,130,2
I-003447,O-01145,Mechanical Keyboard,Accessories,130,2
I-003448,O-01146,Monitor Stand,Accessories,75,1
I-003449,O-01146,Standing Desk,Furniture,600,3
I-003450,O-01146,Webcam 1080p,Accessories,80,3
I-003451,O-01147,Monitor Stand,Accessories,75,3
I-003452,O-01147,Office Chair,Furniture,250,2
I-003453,O-01148,Monitor Stand,Accessories,75,1
I-003454,O-01149,Office Chair,Furniture,250,2
I-003455,O-01150,Office Chair,Furniture,250,3
I-003456,O-01150,Wireless Mouse,Accessories,50,1
I-003457,O-01150,Webcam 1080p,Accessories,80,1
I-003458,O-01150,Office Chair,Furniture,250,3
I-003459,O-01151,Wireless Mouse,Accessories,50,1
I-003460,O-01151,Wireless Mouse,Accessories,50,1
I-003461,O-01151,Noise Cancelling Headphones,Electronics,300,3
I-003462,O-01152,Webcam 1080p,Accessories,80,3
I-003463,O-01153,Noise Cancelling Headphones,Electronics,300,3
I-003464,O-01153,Laptop Pro,Electronics,1200,2
I-003465,O-01153,Noise Cancelling Headphones,Electronics,300,3
I-003466,O-01153,Laptop Pro,Electronics,1200,2
I-003467,O-01153,Wireless Mouse,Accessories,50,3
I-003468,O-01154,Noise Cancelling Headphones,Electronics,300,1
I-003469,O-01154,Office Chair,Furniture,250,3
I-003470,O-01155,Monitor Stand,Accessories,75,2
I-003471,O-01156,Office Chair,Furniture,250,1
I-003472,O-01156,Noise Cancelling Headphones,Electronics,300,2
I-003473,O-01156,Webcam 1080p,Accessories,80,1
I-003474,O-01156,Standing Desk,Furniture,600,3
I-003475,O-01157,Standing Desk,Furniture,600,3
I-003476,O-01157,Office Chair,Furniture,250,2
I-003477,O-01158,Mechanical Keyboard,Accessories,130,1
I-003478,O-01158,Standing Desk,Furniture,600,3
I-003479,O-01158,Standing Desk,Furniture,600,3
I-003480,O-01159,Webcam 1080p,Accessories,80,3
I-003481,O-01159,Laptop Pro,Electronics,1200,3
I-003482,O-01159,Laptop Pro,Electronics,1200,2
I-003483,O-01160,Noise Cancelling Headphones,Electronics,300,3
I-003484,O-01160,4K Monitor,Electronics,400,1
I-003485,O-01161,Office Chair,Furniture,250,3
I-003486,O-01162,Noise Cancelling Headphones,Electronics,300,2
I-003487,O-01162,Wireless Mouse,Accessories,50,1
I-003488,O-01162,Wireless Mouse,Accessories,50,3
I-003489,O-01162,Mechanical Keyboard,Accessories,130,2
I-003490,O-01163,Wireless Mouse,Accessories,50,3
I-003491,O-01163,4K Monitor,Electronics,400,3
I-003492,O-01163,Laptop Pro,Electronics,1200,3
I-003493,O-01164,Laptop Pro,Electronics,1200,3
I-003494,O-01164,Laptop Pro,Electronics,1200,3
I-003495,O-01165,Standing Desk,Furniture,600,3
I-003496,O-01165,Laptop Pro,Electronics,1200,2
I-003497,O-01166,Monitor Stand,Accessories,75,1
I-003498,O-01166,4K Monitor,Electronics,400,2
I-003499,O-01166,4K Monitor,Electronics,400,1
I-003500,O-01166,Mechanical Keyboard,Accessories,130,2
I-003501,O-01166,4K Monitor,Electronics,400,3
I-003502,O-01167,Mechanical Keyboard,Accessories,130,2
I-003503,O-01167,4K Monitor,Electronics,400,1
I-003504,O-01167,4K Monitor,Electronics,400,1
I-003505,O-01167,Mechanical Keyboard,Accessories,130,1
I-003506,O-01168,Monitor Stand,Accessories,75,2
I-003507,O-01168,Mechanical Keyboard,Accessories,130,1
I-003508,O-01168,Office Chair,Furniture,250,1
I-003509,O-01169,Webcam 1080p,Accessories,80,1
I-003510,O-01169,4K Monitor,Electronics,400,2
I-003511,O-01169,Monitor Stand,Accessories,75,2
I-003512,O-01169,Monitor Stand,Accessories,75,3
I-003513,O-01170,Standing Desk,Furniture,600,2
I-003514,O-01170,Laptop Pro,Electronics,1200,1
I-003515,O-01170,Office Chair,Furniture,250,3
I-003516,O-01170,Wireless Mouse,Accessories,50,2
I-003517,O-01171,Standing Desk,Furniture,600,2
I-003518,O-01171,Monitor Stand,Accessories,75,2
I-003519,O-01171,Noise Cancelling Headphones,Electronics,300,2
I-003520,O-01172,Office Chair,Furniture,250,3
I-003521,O-01173,Monitor Stand,Accessories,75,2
I-003522,O-01173,Noise Cancelling Headphones,Electronics,300,2
I-003523,O-01174,Wireless Mouse,Accessories,50,1
I-003524,O-01174,Noise Cancelling Headphones,Electronics,300,3
I-003525,O-01174,Mechanical Keyboard,Accessories,130,3
I-003526,O-01174,Noise Cancelling Headphones,Electronics,300,2
I-003527,O-01175,4K Monitor,Electronics,400,3
I-003528,O-01175,Laptop Pro,Electronics,1200,1
I-003529,O-01176,Laptop Pro,Electronics,1200,3
I-003530,O-01176,Standing Desk,Furniture,600,1
I-003531,O-01176,Webcam 1080p,Accessories,80,3
I-003532,O-01176,Standing Desk,Furniture,600,1
I-003533,O-01177,Wireless Mouse,Accessories,50,3
I-003534,O-01177,Mechanical Keyboard,Accessories,130,1
I-003535,O-01177,Webcam 1080p,Accessories,80,2
I-003536,O-01177,Noise Cancelling Headphones,Electronics,300,1
I-003537,O-01177,Monitor Stand,Accessories,75,2
I-003538,O-01178,Monitor Stand,Accessories,75,1
I-003539,O-01178,Mechanical Keyboard,Accessories,130,1
I-003540,O-01178,Office Chair,Furniture,250,1
I-003541,O-01179,Laptop Pro,Electronics,1200,1
I-003542,O-01179,Monitor Stand,Accessories,75,3
I-003543,O-01179,Mechanical Keyboard,Accessories,130,3
I-003544,O-01179,Wireless Mouse,Accessories,50,1
I-003545,O-01179,Office Chair,Furniture,250,1
I-003546,O-01180,Standing Desk,Furniture,600,2
I-003547,O-01180,Noise Cancelling Headphones,Electronics,300,1
I-003548,O-01180,Monitor Stand,Accessories,75,3
I-003549,O-01181,Noise Cancelling Headphones,Electronics,300,3
I-003550,O-01181,Laptop Pro,Electronics,1200,3
I-003551,O-01181,Mechanical Keyboard,Accessories,130,2
I-003552,O-01182,Laptop Pro,Electronics,1200,3
I-003553,O-01183,Webcam 1080p,Accessories,80,2
I-003554,O-01183,Laptop Pro,Electronics,1200,2
I-003555,O-01183,4K Monitor,Electronics,400,2
I-003556,O-01183,Monitor Stand,Accessories,75,3
I-003557,O-01183,Noise Cancelling Headphones,Electronics,300,3
I-003558,O-01184,Office Chair,Furniture,250,2
I-003559,O-01185,Laptop Pro,Electronics,1200,3
I-003560,O-01185,Webcam 1080p,Accessories,80,2
I-003561,O-01186,Office Chair,Furniture,250,2
I-003562,O-01186,Laptop Pro,Electronics,1200,2
I-003563,O-01186,Webcam 1080p,Accessories,80,3
I-003564,O-01186,4K Monitor,Electronics,400,3
I-003565,O-01187,Office Chair,Furniture,250,3
I-003566,O-01187,Laptop Pro,Electronics,1200,3
I-003567,O-01187,Mechanical Keyboard,Accessories,130,1
I-003568,O-01187,Monitor Stand,Accessories,75,2
I-003569,O-01187,Monitor Stand,Accessories,75,1
I-003570,O-01188,Webcam 1080p,Accessories,80,3
I-003571,O-01188,Monitor Stand,Accessories,75,2
I-003572,O-01188,Office Chair,Furniture,250,2
I-003573,O-01188,Monitor Stand,Accessories,75,1
I-003574,O-01188,4K Monitor,Electronics,400,3
I-003575,O-01189,Laptop Pro,Electronics,1200,1
I-003576,O-01190,Noise Cancelling Headphones,Electronics,300,1
I-003577,O-01190,Mechanical Keyboard,Accessories,130,1
I-003578,O-01191,Monitor Stand,Accessories,75,3
I-003579,O-01191,Noise Cancelling Headphones,Electronics,300,3
I-003580,O-01192,Standing Desk,Furniture,600,1
I-003581,O-01192,Laptop Pro,Electronics,1200,1
I-003582,O-01192,Mechanical Keyboard,Accessories,130,2
I-003583,O-01192,Monitor Stand,Accessories,75,3
I-003584,O-01192,Standing Desk,Furniture,600,3
I-003585,O-01193,Monitor Stand,Accessories,75,3
I-003586,O-01193,Laptop Pro,Electronics,1200,2
I-003587,O-01193,Standing Desk,Furniture,600,2
I-003588,O-01193,Standing Desk,Furniture,600,3
I-003589,O-01193,Noise Cancelling Headphones,Electronics,300,1
I-003590,O-01194,Mechanical Keyboard,Accessories,130,3
I-003591,O-01194,Mechanical Keyboard,Accessories,130,3
I-003592,O-01194,Mechanical Keyboard,Accessories,130,1
I-003593,O-01195,Monitor Stand,Accessories,75,1
I-003594,O-01196,Wireless Mouse,Accessories,50,1
I-003595,O-01196,Laptop Pro,Electronics,1200,2
I-003596,O-01196,Mechanical Keyboard,Accessories,130,1
I-003597,O-01196,Wireless Mouse,Accessories,50,1
I-003598,O-01197,Mechanical Keyboard,Accessories,130,3
I-003599,O-01197,4K Monitor,Electronics,400,2
I-003600,O-01197,Mechanical Keyboard,Accessories,130,2
I-003601,O-01197,Wireless Mouse,Accessories,50,1
I-003602,O-01198,Wireless Mouse,Accessories,50,3
I-003603,O-01198,Webcam 1080p,Accessories,80,2
I-003604,O-01198,Standing Desk,Furniture,600,3
I-003605,O-01199,4K Monitor,Electronics,400,1
I-003606,O-01199,Monitor Stand,Accessories,75,2
I-003607,O-01199,4K Monitor,Electronics,400,3
I-003608,O-01200,Noise Cancelling Headphones,Electronics,300,2
I-003609,O-01200,Webcam 1080p,Accessories,80,3
I-003610,O-01201,Office Chair,Furniture,250,1
I-003611,O-01201,Mechanical Keyboard,Accessories,130,1
I-003612,O-01201,Webcam 1080p,Accessories,80,3
I-003613,O-01201,Webcam 1080p,Accessories,80,3
I-003614,O-01201,Standing Desk,Furniture,600,2
I-003615,O-01202,Office Chair,Furniture,250,1
I-003616,O-01203,Mechanical Keyboard,Accessories,130,1
I-003617,O-01203,Webcam 1080p,Accessories,80,2
I-003618,O-01204,Wireless Mouse,Accessories,50,2
I-003619,O-01204,Laptop Pro,Electronics,1200,2
I-003620,O-01205,Laptop Pro,Electronics,1200,2
I-003621,O-01206,Wireless Mouse,Accessories,50,1
I-003622,O-01206,Monitor Stand,Accessories,75,2
I-003623,O-01206,4K Monitor,Electronics,400,2
I-003624,O-01206,Office Chair,Furniture,250,2
I-003625,O-01206,4K Monitor,Electronics,400,3
I-003626,O-01207,Monitor Stand,Accessories,75,3
I-003627,O-01207,Standing Desk,Furniture,600,3
I-003628,O-01207,Webcam 1080p,Accessories,80,3
I-003629,O-01208,Laptop Pro,Electronics,1200,3
I-003630,O-01208,Wireless Mouse,Accessories,50,1
I-003631,O-01209,Wireless Mouse,Accessories,50,3
I-003632,O-01209,4K Monitor,Electronics,400,3
I-003633,O-01209,Wireless Mouse,Accessories,50,3
I-003634,O-01210,Office Chair,Furniture,250,3
I-003635,O-01210,Standing Desk,Furniture,600,3
I-003636,O-01210,4K Monitor,Electronics,400,3
I-003637,O-01210,Office Chair,Furniture,250,2
I-003638,O-01211,Wireless Mouse,Accessories,50,1
I-003639,O-01211,Noise Cancelling Headphones,Electronics,300,1
I-003640,O-01212,Wireless Mouse,Accessories,50,1
I-003641,O-01212,Wireless Mouse,Accessories,50,1
I-003642,O-01212,Noise Cancelling Headphones,Electronics,300,3
I-003643,O-01212,Office Chair,Furniture,250,2
I-003644,O-01212,Webcam 1080p,Accessories,80,2
I-003645,O-01213,Office Chair,Furniture,250,2
I-003646,O-01213,Mechanical Keyboard,Accessories,130,2
I-003647,O-01213,Wireless Mouse,Accessories,50,3
I-003648,O-01213,4K Monitor,Electronics,400,2
I-003649,O-01214,Office Chair,Furniture,250,3
I-003650,O-01214,Mechanical Keyboard,Accessories,130,1
I-003651,O-01214,Mechanical Keyboard,Accessories,130,1
I-003652,O-01215,Standing Desk,Furniture,600,2
I-003653,O-01215,Noise Cancelling Headphones,Electronics,300,3
I-003654,O-01215,4K Monitor,Electronics,400,2
I-003655,O-01216,4K Monitor,Electronics,400,2
I-003656,O-01217,Wireless Mouse,Accessories,50,3
I-003657,O-01217,Noise Cancelling Headphones,Electronics,300,2
I-003658,O-01217,Noise Cancelling Headphones,Electronics,300,3
I-003659,O-01218,Wireless Mouse,Accessories,50,2
I-003660,O-01218,4K Monitor,Electronics,400,2
I-003661,O-01218,Webcam 1080p,Accessories,80,1
I-003662,O-01218,Webcam 1080p,Accessories,80,3
I-003663,O-01219,Wireless Mouse,Accessories,50,2
I-003664,O-01220,Wireless Mouse,Accessories,50,3
I-003665,O-01220,4K Monitor,Electronics,400,1
I-003666,O-01220,Office Chair,Furniture,250,3
I-003667,O-01220,Webcam 1080p,Accessories,80,2
I-003668,O-01220,Webcam 1080p,Accessories,80,1
I-003669,O-01221,4K Monitor,Electronics,400,3
I-003670,O-01221,Monitor Stand,Accessories,75,2
I-003671,O-01221,Webcam 1080p,Accessories,80,2
I-003672,O-01222,Webcam 1080p,Accessories,80,1
I-003673,O-01223,Webcam 1080p,Accessories,80,3
I-003674,O-01223,4K Monitor,Electronics,400,3
I-003675,O-01223,Mechanical Keyboard,Accessories,130,1
I-003676,O-01223,Mechanical Keyboard,Accessories,130,1
I-003677,O-01224,Laptop Pro,Electronics,1200,3
I-003678,O-01224,Webcam 1080p,Accessories,80,1
I-003679,O-01224,Wireless Mouse,Accessories,50,1
I-003680,O-01225,Monitor Stand,Accessories,75,1
I-003681,O-01226,Monitor Stand,Accessories,75,3
I-003682,O-01227,Office Chair,Furniture,250,3
I-003683,O-01228,Webcam 1080p,Accessories,80,1
I-003684,O-01228,Wireless Mouse,Accessories,50,2
I-003685,O-01228,4K Monitor,Electronics,400,3
I-003686,O-01229,Webcam 1080p,Accessories,80,3
I-003687,O-01229,Wireless Mouse,Accessories,50,2
I-003688,O-01229,Webcam 1080p,Accessories,80,3
I-003689,O-01230,Webcam 1080p,Accessories,80,2
I-003690,O-01231,Noise Cancelling Headphones,Electronics,300,3
I-003691,O-01231,Standing Desk,Furniture,600,1
I-003692,O-01231,Laptop Pro,Electronics,1200,3
I-003693,O-01231,Noise Cancelling Headphones,Electronics,300,2
I-003694,O-01232,Wireless Mouse,Accessories,50,1
I-003695,O-01233,4K Monitor,Electronics,400,3
I-003696,O-01233,Standing Desk,Furniture,600,3
I-003697,O-01233,Monitor Stand,Accessories,75,1
I-003698,O-01234,Office Chair,Furniture,250,3
I-003699,O-01234,Monitor Stand,Accessories,75,3
I-003700,O-01234,Monitor Stand,Accessories,75,1
I-003701,O-01235,Webcam 1080p,Accessories,80,2
I-003702,O-01235,Laptop Pro,Electronics,1200,3
I-003703,O-01235,Webcam 1080p,Accessories,80,3
I-003704,O-01235,Wireless Mouse,Accessories,50,1
I-003705,O-01235,Laptop Pro,Electronics,1200,1
I-003706,O-01236,Wireless Mouse,Accessories,50,2
I-003707,O-01237,Laptop Pro,Electronics,1200,3
I-003708,O-01237,Standing Desk,Furniture,600,1
I-003709,O-01237,Office Chair,Furniture,250,3
I-003710,O-01237,Noise Cancelling Headphones,Electronics,300,3
I-003711,O-01238,Office Chair,Furniture,250,2
I-003712,O-01238,Monitor Stand,Accessories,75,1
I-003713,O-01239,Wireless Mouse,Accessories,50,1
I-003714,O-01239,Office Chair,Furniture,250,2
I-003715,O-01239,Office Chair,Furniture,250,1
I-003716,O-01240,Webcam 1080p,Accessories,80,2
I-003717,O-01240,Office Chair,Furniture,250,2
I-003718,O-01241,Mechanical Keyboard,Accessories,130,3
I-003719,O-01242,Monitor Stand,Accessories,75,3
I-003720,O-01242,4K Monitor,Electronics,400,3
I-003721,O-01242,Mechanical Keyboard,Accessories,130,1
I-003722,O-01243,Webcam 1080p,Accessories,80,3
I-003723,O-01244,Wireless Mouse,Accessories,50,3
I-003724,O-01244,4K Monitor,Electronics,400,3
I-003725,O-01244,Webcam 1080p,Accessories,80,2
I-003726,O-01244,Monitor Stand,Accessories,75,1
I-003727,O-01245,Standing Desk,Furniture,600,2
I-003728,O-01245,Mechanical Keyboard,Accessories,130,1
I-003729,O-01245,Noise Cancelling Headphones,Electronics,300,3
I-003730,O-01246,Office Chair,Furniture,250,1
I-003731,O-01246,Mechanical Keyboard,Accessories,130,1
I-003732,O-01247,4K Monitor,Electronics,400,2
I-003733,O-01247,Wireless Mouse,Accessories,50,3
I-003734,O-01247,Wireless Mouse,Accessories,50,3
I-003735,O-01247,4K Monitor,Electronics,400,1
I-003736,O-01247,Monitor Stand,Accessories,75,2
I-003737,O-01248,4K Monitor,Electronics,400,1
I-003738,O-01249,Monitor Stand,Accessories,75,3
I-003739,O-01249,Monitor Stand,Accessories,75,1
I-003740,O-01250,Webcam 1080p,Accessories,80,2
I-003741,O-01250,Office Chair,Furniture,250,3
I-003742,O-01251,Standing Desk,Furniture,600,3
I-003743,O-01251,Monitor Stand,Accessories,75,2
I-003744,O-01252,4K Monitor,Electronics,400,2
I-003745,O-01252,Monitor Stand,Accessories,75,3
I-003746,O-01252,Monitor Stand,Accessories,75,2
I-003747,O-01252,Noise Cancelling Headphones,Electronics,300,2
I-003748,O-01252,Office Chair,Furniture,250,3
I-003749,O-01253,Office Chair,Furniture,250,3
I-003750,O-01253,Webcam 1080p,Accessories,80,1
I-003751,O-01253,Noise Cancelling Headphones,Electronics,300,2
I-003752,O-01253,Standing Desk,Furniture,600,2
I-003753,O-01254,Webcam 1080p,Accessories,80,3
I-003754,O-01254,Monitor Stand,Accessories,75,1
I-003755,O-01254,Laptop Pro,Electronics,1200,2
I-003756,O-01255,Webcam 1080p,Accessories,80,1
I-003757,O-01255,Webcam 1080p,Accessories,80,3
I-003758,O-01255,Wireless Mouse,Accessories,50,2
I-003759,O-01255,Webcam 1080p,Accessories,80,1
I-003760,O-01255,Standing Desk,Furniture,600,1
I-003761,O-01256,Noise Cancelling Headphones,Electronics,300,2
I-003762,O-01256,Wireless Mouse,Accessories,50,1
I-003763,O-01256,Monitor Stand,Accessories,75,2
I-003764,O-01257,4K Monitor,Electronics,400,1
I-003765,O-01258,Office Chair,Furniture,250,1
I-003766,O-01258,Laptop Pro,Electronics,1200,1
I-003767,O-01259,Laptop Pro,Electronics,1200,2
I-003768,O-01259,Office Chair,Furniture,250,1
I-003769,O-01259,Standing Desk,Furniture,600,2
I-003770,O-01259,Noise Cancelling Headphones,Electronics,300,1
I-003771,O-01260,Laptop Pro,Electronics,1200,1
I-003772,O-01260,Mechanical Keyboard,Accessories,130,2
I-003773,O-01260,Monitor Stand,Accessories,75,3
I-003774,O-01261,Noise Cancelling Headphones,Electronics,300,1
I-003775,O-01261,Standing Desk,Furniture,600,2
I-003776,O-01261,Standing Desk,Furniture,600,1
I-003777,O-01261,Laptop Pro,Electronics,1200,2
I-003778,O-01262,Webcam 1080p,Accessories,80,2
I-003779,O-01262,Noise Cancelling Headphones,Electronics,300,3
I-003780,O-01262,Standing Desk,Furniture,600,2
I-003781,O-01263,Laptop Pro,Electronics,1200,3
I-003782,O-01263,Mechanical Keyboard,Accessories,130,1
I-003783,O-01263,Standing Desk,Furniture,600,1
I-003784,O-01263,4K Monitor,Electronics,400,2
I-003785,O-01263,Wireless Mouse,Accessories,50,2
I-003786,O-01264,Mechanical Keyboard,Accessories,130,2
I-003787,O-01264,Laptop Pro,Electronics,1200,1
I-003788,O-01264,4K Monitor,Electronics,400,3
I-003789,O-01265,Wireless Mouse,Accessories,50,1
I-003790,O-01265,Wireless Mouse,Accessories,50,2
I-003791,O-01266,Laptop Pro,Electronics,1200,2
I-003792,O-01266,Monitor Stand,Accessories,75,2
I-003793,O-01266,Wireless Mouse,Accessories,50,3
I-003794,O-01266,Wireless Mouse,Accessories,50,2
I-003795,O-01267,Office Chair,Furniture,250,2
I-003796,O-01268,Wireless Mouse,Accessories,50,1
I-003797,O-01268,Standing Desk,Furniture,600,2
I-003798,O-01269,Monitor Stand,Accessories,75,3
I-003799,O-01270,4K Monitor,Electronics,400,2
I-003800,O-01271,Wireless Mouse,Accessories,50,1
I-003801,O-01272,Mechanical Keyboard,Accessories,130,2
I-003802,O-01272,Standing Desk,Furniture,600,1
I-003803,O-01272,Laptop Pro,Electronics,1200,2
I-003804,O-01272,4K Monitor,Electronics,400,2
I-003805,O-01272,Standing Desk,Furniture,600,2
I-003806,O-01273,4K Monitor,Electronics,400,2
I-003807,O-01274,Monitor Stand,Accessories,75,1
I-003808,O-01274,Mechanical Keyboard,Accessories,130,2
I-003809,O-01274,Monitor Stand,Accessories,75,3
I-003810,O-01274,Mechanical Keyboard,Accessories,130,2
I-003811,O-01274,Monitor Stand,Accessories,75,3
I-003812,O-01275,Wireless Mouse,Accessories,50,2
I-003813,O-01276,Office Chair,Furniture,250,2
I-003814,O-01276,Mechanical Keyboard,Accessories,130,2
I-003815,O-01276,4K Monitor,Electronics,400,1
I-003816,O-01276,Noise Cancelling Headphones,Electronics,300,1
I-003817,O-01276,Monitor Stand,Accessories,75,2
I-003818,O-01277,Monitor Stand,Accessories,75,2
I-003819,O-01277,Webcam 1080p,Accessories,80,3
I-003820,O-01277,Standing Desk,Furniture,600,2
I-003821,O-01277,Office Chair,Furniture,250,1
I-003822,O-01278,Office Chair,Furniture,250,1
I-003823,O-01278,Office Chair,Furniture,250,3
I-003824,O-01278,Monitor Stand,Accessories,75,1
I-003825,O-01278,Mechanical Keyboard,Accessories,130,2
I-003826,O-01278,Office Chair,Furniture,250,3
I-003827,O-01279,Mechanical Keyboard,Accessories,130,2
I-003828,O-01280,Wireless Mouse,Accessories,50,1
I-003829,O-01280,Mechanical Keyboard,Accessories,130,3
I-003830,O-01281,4K Monitor,Electronics,400,2
I-003831,O-01281,Monitor Stand,Accessories,75,2
I-003832,O-01282,Standing Desk,Furniture,600,3
I-003833,O-01282,Office Chair,Furniture,250,3
I-003834,O-01282,Noise Cancelling Headphones,Electronics,300,3
I-003835,O-01282,Noise Cancelling Headphones,Electronics,300,2
I-003836,O-01283,Laptop Pro,Electronics,1200,2
I-003837,O-01284,Wireless Mouse,Accessories,50,3
I-003838,O-01285,Monitor Stand,Accessories,75,3
I-003839,O-01286,Monitor Stand,Accessories,75,3
I-003840,O-01287,Monitor Stand,Accessories,75,2
I-003841,O-01287,Laptop Pro,Electronics,1200,3
I-003842,O-01287,Webcam 1080p,Accessories,80,3
I-003843,O-01288,Noise Cancelling Headphones,Electronics,300,2
I-003844,O-01289,Noise Cancelling Headphones,Electronics,300,3
I-003845,O-01290,Webcam 1080p,Accessories,80,1
I-003846,O-01290,4K Monitor,Electronics,400,3
I-003847,O-01290,Mechanical Keyboard,Accessories,130,1
I-003848,O-01291,4K Monitor,Electronics,400,2
I-003849,O-01291,Wireless Mouse,Accessories,50,3
I-003850,O-01291,Webcam 1080p,Accessories,80,3
I-003851,O-01292,Office Chair,Furniture,250,3
I-003852,O-01292,Standing Desk,Furniture,600,2
I-003853,O-01293,Standing Desk,Furniture,600,2
I-003854,O-01293,Office Chair,Furniture,250,1
I-003855,O-01294,Noise Cancelling Headphones,Electronics,300,3
I-003856,O-01295,Office Chair,Furniture,250,3
I-003857,O-01295,Mechanical Keyboard,Accessories,130,2
I-003858,O-01296,Wireless Mouse,Accessories,50,1
I-003859,O-01297,Wireless Mouse,Accessories,50,3
I-003860,O-01297,4K Monitor,Electronics,400,2
I-003861,O-01297,Standing Desk,Furniture,600,3
I-003862,O-01298,4K Monitor,Electronics,400,1
I-003863,O-01298,Office Chair,Furniture,250,2
I-003864,O-01298,Monitor Stand,Accessories,75,2
I-003865,O-01298,Webcam 1080p,Accessories,80,2
I-003866,O-01299,Noise Cancelling Headphones,Electronics,300,2
I-003867,O-01299,Wireless Mouse,Accessories,50,1
I-003868,O-01299,Noise Cancelling Headphones,Electronics,300,3
I-003869,O-01300,Standing Desk,Furniture,600,1
I-003870,O-01300,Office Chair,Furniture,250,3
I-003871,O-01301,Webcam 1080p,Accessories,80,3
I-003872,O-01301,4K Monitor,Electronics,400,2
I-003873,O-01301,4K Monitor,Electronics,400,2
I-003874,O-01301,Monitor Stand,Accessories,75,2
I-003875,O-01301,Wireless Mouse,Accessories,50,2
I-003876,O-01302,Standing Desk,Furniture,600,2
I-003877,O-01302,Laptop Pro,Electronics,1200,3
I-003878,O-01302,4K Monitor,Electronics,400,2
I-003879,O-01302,Wireless Mouse,Accessories,50,2
I-003880,O-01303,Standing Desk,Furniture,600,2
I-003881,O-01304,Standing Desk,Furniture,600,1
I-003882,O-01304,Webcam 1080p,Accessories,80,1
I-003883,O-01304,Monitor Stand,Accessories,75,2
I-003884,O-01304,Mechanical Keyboard,Accessories,130,1
I-003885,O-01304,Monitor Stand,Accessories,75,1
I-003886,O-01305,4K Monitor,Electronics,400,1
I-003887,O-01306,Standing Desk,Furniture,600,2
I-003888,O-01306,Webcam 1080p,Accessories,80,3
I-003889,O-01307,Monitor Stand,Accessories,75,2
I-003890,O-01307,Wireless Mouse,Accessories,50,3
I-003891,O-01307,Webcam 1080p,Accessories,80,1
I-003892,O-01307,Office Chair,Furniture,250,3
I-003893,O-01308,Mechanical Keyboard,Accessories,130,2
I-003894,O-01308,Mechanical Keyboard,Accessories,130,2
I-003895,O-01308,Office Chair,Furniture,250,2
I-003896,O-01309,Noise Cancelling Headphones,Electronics,300,1
I-003897,O-01309,Mechanical Keyboard,Accessories,130,2
I-003898,O-01309,Webcam 1080p,Accessories,80,2
I-003899,O-01310,Mechanical Keyboard,Accessories,130,2
I-003900,O-01311,4K Monitor,Electronics,400,2
I-003901,O-01311,Standing Desk,Furniture,600,2
I-003902,O-01311,Laptop Pro,Electronics,1200,2
I-003903,O-01311,4K Monitor,Electronics,400,1
I-003904,O-01312,4K Monitor,Electronics,400,1
I-003905,O-01313,4K Monitor,Electronics,400,2
I-003906,O-01313,Webcam 1080p,Accessories,80,3
I-003907,O-01313,4K Monitor,Electronics,400,1
I-003908,O-01313,Standing Desk,Furniture,600,1
I-003909,O-01313,Webcam 1080p,Accessories,80,3
I-003910,O-01314,Standing Desk,Furniture,600,3
I-003911,O-01314,Webcam 1080p,Accessories,80,2
I-003912,O-01314,Laptop Pro,Electronics,1200,3
I-003913,O-01314,4K Monitor,Electronics,400,3
I-003914,O-01315,Noise Cancelling Headphones,Electronics,300,2
I-003915,O-01315,Wireless Mouse,Accessories,50,3
I-003916,O-01316,Wireless Mouse,Accessories,50,1
I-003917,O-01316,Webcam 1080p,Accessories,80,2
I-003918,O-01317,Office Chair,Furniture,250,1
I-003919,O-01317,Webcam 1080p,Accessories,80,3
I-003920,O-01318,Mechanical Keyboard,Accessories,130,1
I-003921,O-01318,Standing Desk,Furniture,600,2
I-003922,O-01318,Monitor Stand,Accessories,75,3
I-003923,O-01318,Office Chair,Furniture,250,3
I-003924,O-01319,Noise Cancelling Headphones,Electronics,300,2
I-003925,O-01320,Office Chair,Furniture,250,1
I-003926,O-01320,Standing Desk,Furniture,600,1
I-003927,O-01321,Standing Desk,Furniture,600,2
I-003928,O-01322,Webcam 1080p,Accessories,80,3
I-003929,O-01322,Noise Cancelling Headphones,Electronics,300,3
I-003930,O-01322,Laptop Pro,Electronics,1200,1
I-003931,O-01322,Monitor Stand,Accessories,75,3
I-003932,O-01322,Office Chair,Furniture,250,3
I-003933,O-01323,Standing Desk,Furniture,600,3
I-003934,O-01323,Monitor Stand,Accessories,75,1
I-003935,O-01323,Noise Cancelling Headphones,Electronics,300,2
I-003936,O-01323,Laptop Pro,Electronics,1200,2
I-003937,O-01323,Noise Cancelling Headphones,Electronics,300,3
I-003938,O-01324,4K Monitor,Electronics,400,3
I-003939,O-01324,Monitor Stand,Accessories,75,1
I-003940,O-01324,Noise Cancelling Headphones,Electronics,300,3
I-003941,O-01324,Laptop Pro,Electronics,1200,1
I-003942,O-01324,Noise Cancelling Headphones,Electronics,300,2
I-003943,O-01325,4K Monitor,Electronics,400,2
I-003944,O-01325,Wireless Mouse,Accessories,50,1
I-003945,O-01325,Office Chair,Furniture,250,2
I-003946,O-01325,Mechanical Keyboard,Accessories,130,3
I-003947,O-01326,Mechanical Keyboard,Accessories,130,3
I-003948,O-01327,Standing Desk,Furniture,600,2
I-003949,O-01327,Standing Desk,Furniture,600,2
I-003950,O-01327,Monitor Stand,Accessories,75,3
I-003951,O-01327,Standing Desk,Furniture,600,2
I-003952,O-01328,Office Chair,Furniture,250,2
I-003953,O-01328,Laptop Pro,Electronics,1200,3
I-003954,O-01328,Wireless Mouse,Accessories,50,2
I-003955,O-01328,Mechanical Keyboard,Accessories,130,3
I-003956,O-01328,Laptop Pro,Electronics,1200,2
I-003957,O-01329,Webcam 1080p,Accessories,80,2
I-003958,O-01329,Wireless Mouse,Accessories,50,3
I-003959,O-01329,4K Monitor,Electronics,400,2
I-003960,O-01330,Wireless Mouse,Accessories,50,3
I-003961,O-01330,Noise Cancelling Headphones,Electronics,300,2
I-003962,O-01330,Wireless Mouse,Accessories,50,2
I-003963,O-01331,4K Monitor,Electronics,400,2
I-003964,O-01331,Laptop Pro,Electronics,1200,1
I-003965,O-01331,Wireless Mouse,Accessories,50,3
I-003966,O-01332,Office Chair,Furniture,250,3
I-003967,O-01333,Standing Desk,Furniture,600,2
I-003968,O-01333,Webcam 1080p,Accessories,80,3
I-003969,O-01333,Monitor Stand,Accessories,75,1
I-003970,O-01333,4K Monitor,Electronics,400,3
I-003971,O-01333,Wireless Mouse,Accessories,50,3
I-003972,O-01334,Mechanical Keyboard,Accessories,130,3
I-003973,O-01334,Monitor Stand,Accessories,75,1
I-003974,O-01334,Webcam 1080p,Accessories,80,3
I-003975,O-01335,Wireless Mouse,Accessories,50,2
I-003976,O-01335,Webcam 1080p,Accessories,80,1
I-003977,O-01335,Laptop Pro,Electronics,1200,2
I-003978,O-01335,Webcam 1080p,Accessories,80,1
I-003979,O-01336,Wireless Mouse,Accessories,50,3
I-003980,O-01336,4K Monitor,Electronics,400,1
I-003981,O-01337,Monitor Stand,Accessories,75,3
I-003982,O-01337,Mechanical Keyboard,Accessories,130,1
I-003983,O-01338,Webcam 1080p,Accessories,80,2
I-003984,O-01338,Standing Desk,Furniture,600,3
I-003985,O-01338,Monitor Stand,Accessories,75,1
I-003986,O-01338,Laptop Pro,Electronics,1200,2
I-003987,O-01338,4K Monitor,Electronics,400,3
I-003988,O-01339,Noise Cancelling Headphones,Electronics,300,3
I-003989,O-01339,Mechanical Keyboard,Accessories,130,1
I-003990,O-01339,Laptop Pro,Electronics,1200,1
I-003991,O-01339,Noise Cancelling Headphones,Electronics,300,2
I-003992,O-01339,Mechanical Keyboard,Accessories,130,3
I-003993,O-01340,Standing Desk,Furniture,600,1
I-003994,O-01340,4K Monitor,Electronics,400,1
I-003995,O-01341,Wireless Mouse,Accessories,50,3
I-003996,O-01341,Webcam 1080p,Accessories,80,1
I-003997,O-01341,Office Chair,Furniture,250,3
I-003998,O-01341,Office Chair,Furniture,250,1
I-003999,O-01342,Mechanical Keyboard,Accessories,130,1
I-004000,O-01342,Laptop Pro,Electronics,1200,1
I-004001,O-01343,Standing Desk,Furniture,600,3
I-004002,O-01343,Mechanical Keyboard,Accessories,130,1
I-004003,O-01343,Laptop Pro,Electronics,1200,1
I-004004,O-01343,Noise Cancelling Headphones,Electronics,300,2
I-004005,O-01343,Laptop Pro,Electronics,1200,1
I-004006,O-01344,Laptop Pro,Electronics,1200,2
I-004007,O-01344,Wireless Mouse,Accessories,50,2
I-004008,O-01344,Mechanical Keyboard,Accessories,130,3
I-004009,O-01344,Wireless Mouse,Accessories,50,1
I-004010,O-01345,Monitor Stand,Accessories,75,3
I-004011,O-01345,Webcam 1080p,Accessories,80,3
I-004012,O-01345,Standing Desk,Furniture,600,3
I-004013,O-01345,Monitor Stand,Accessories,75,2
I-004014,O-01345,4K Monitor,Electronics,400,1
I-004015,O-01346,Standing Desk,Furniture,600,1
I-004016,O-01346,4K Monitor,Electronics,400,2
I-004017,O-01346,Mechanical Keyboard,Accessories,130,3
I-004018,O-01347,Mechanical Keyboard,Accessories,130,1
I-004019,O-01347,Webcam 1080p,Accessories,80,2
I-004020,O-01347,Office Chair,Furniture,250,2
I-004021,O-01347,Noise Cancelling Headphones,Electronics,300,3
I-004022,O-01348,Mechanical Keyboard,Accessories,130,1
I-004023,O-01348,4K Monitor,Electronics,400,2
I-004024,O-01348,Wireless Mouse,Accessories,50,3
I-004025,O-01348,Standing Desk,Furniture,600,2
I-004026,O-01348,Wireless Mouse,Accessories,50,2
I-004027,O-01349,Wireless Mouse,Accessories,50,3
I-004028,O-01349,Standing Desk,Furniture,600,2
I-004029,O-01350,Webcam 1080p,Accessories,80,2
I-004030,O-01351,4K Monitor,Electronics,400,1
I-004031,O-01351,Mechanical Keyboard,Accessories,130,1
I-004032,O-01351,Wireless Mouse,Accessories,50,1
I-004033,O-01352,Mechanical Keyboard,Accessories,130,1
I-004034,O-01352,Office Chair,Furniture,250,3
I-004035,O-01352,Mechanical Keyboard,Accessories,130,2
I-004036,O-01353,Wireless Mouse,Accessories,50,1
I-004037,O-01353,Standing Desk,Furniture,600,1
I-004038,O-01353,Office Chair,Furniture,250,3
I-004039,O-01353,Wireless Mouse,Accessories,50,3
I-004040,O-01353,Monitor Stand,Accessories,75,1
I-004041,O-01354,Webcam 1080p,Accessories,80,2
I-004042,O-01354,Webcam 1080p,Accessories,80,3
I-004043,O-01354,4K Monitor,Electronics,400,2
I-004044,O-01355,Webcam 1080p,Accessories,80,2
I-004045,O-01355,Mechanical Keyboard,Accessories,130,2
I-004046,O-01356,Office Chair,Furniture,250,3
I-004047,O-01356,Standing Desk,Furniture,600,2
I-004048,O-01357,Office Chair,Furniture,250,2
I-004049,O-01357,4K Monitor,Electronics,400,1
I-004050,O-01357,Standing Desk,Furniture,600,2
I-004051,O-01357,Laptop Pro,Electronics,1200,2
I-004052,O-01358,Webcam 1080p,Accessories,80,1
I-004053,O-01358,Standing Desk,Furniture,600,3
I-004054,O-01359,Wireless Mouse,Accessories,50,2
I-004055,O-01359,Standing Desk,Furniture,600,2
I-004056,O-01360,Office Chair,Furniture,250,2
I-004057,O-01361,4K Monitor,Electronics,400,3
I-004058,O-01361,Standing Desk,Furniture,600,3
I-004059,O-01361,Noise Cancelling Headphones,Electronics,300,2
I-004060,O-01362,Laptop Pro,Electronics,1200,2
I-004061,O-01362,Office Chair,Furniture,250,3
I-004062,O-01362,Office Chair,Furniture,250,3
I-004063,O-01363,Webcam 1080p,Accessories,80,3
I-004064,O-01363,Webcam 1080p,Accessories,80,2
I-004065,O-01363,Noise Cancelling Headphones,Electronics,300,1
I-004066,O-01363,Monitor Stand,Accessories,75,2
I-004067,O-01364,4K Monitor,Electronics,400,2
I-004068,O-01364,Laptop Pro,Electronics,1200,2
I-004069,O-01364,Laptop Pro,Electronics,1200,1
I-004070,O-01364,Monitor Stand,Accessories,75,2
I-004071,O-01364,Mechanical Keyboard,Accessories,130,1
I-004072,O-01365,Office Chair,Furniture,250,3
I-004073,O-01366,Noise Cancelling Headphones,Electronics,300,3
I-004074,O-01366,Noise Cancelling Headphones,Electronics,300,1
I-004075,O-01366,4K Monitor,Electronics,400,2
I-004076,O-01366,4K Monitor,Electronics,400,1
I-004077,O-01367,4K Monitor,Electronics,400,3
I-004078,O-01367,Standing Desk,Furniture,600,2
I-004079,O-01367,Office Chair,Furniture,250,3
I-004080,O-01368,Wireless Mouse,Accessories,50,1
I-004081,O-01369,Webcam 1080p,Accessories,80,3
I-004082,O-01369,Monitor Stand,Accessories,75,1
I-004083,O-01369,Standing Desk,Furniture,600,1
I-004084,O-01370,Mechanical Keyboard,Accessories,130,3
I-004085,O-01370,Mechanical Keyboard,Accessories,130,3
I-004086,O-01370,Office Chair,Furniture,250,2
I-004087,O-01371,4K Monitor,Electronics,400,3
I-004088,O-01371,Webcam 1080p,Accessories,80,2
I-004089,O-01371,Wireless Mouse,Accessories,50,2
I-004090,O-01372,Noise Cancelling Headphones,Electronics,300,3
I-004091,O-01372,Noise Cancelling Headphones,Electronics,300,2
I-004092,O-01372,Noise Cancelling Headphones,Electronics,300,1
I-004093,O-01372,Laptop Pro,Electronics,1200,3
I-004094,O-01373,Webcam 1080p,Accessories,80,3
I-004095,O-01373,Webcam 1080p,Accessories,80,2
I-004096,O-01373,Noise Cancelling Headphones,Electronics,300,2
I-004097,O-01373,Office Chair,Furniture,250,3
I-004098,O-01374,4K Monitor,Electronics,400,3
I-004099,O-01374,Standing Desk,Furniture,600,1
I-004100,O-01374,4K Monitor,Electronics,400,3
I-004101,O-01375,Noise Cancelling Headphones,Electronics,300,1
I-004102,O-01375,Noise Cancelling Headphones,Electronics,300,3
I-004103,O-01376,4K Monitor,Electronics,400,2
I-004104,O-01376,Webcam 1080p,Accessories,80,2
I-004105,O-01376,Standing Desk,Furniture,600,2
I-004106,O-01376,Standing Desk,Furniture,600,2
I-004107,O-01377,4K Monitor,Electronics,400,3
I-004108,O-01377,Laptop Pro,Electronics,1200,3
I-004109,O-01378,Mechanical Keyboard,Accessories,130,2
I-004110,O-01378,Noise Cancelling Headphones,Electronics,300,1
I-004111,O-01378,Standing Desk,Furniture,600,2
I-004112,O-01379,Office Chair,Furniture,250,1
I-004113,O-01379,4K Monitor,Electronics,400,2
I-004114,O-01379,Monitor Stand,Accessories,75,1
I-004115,O-01379,Laptop Pro,Electronics,1200,3
I-004116,O-01379,Office Chair,Furniture,250,3
I-004117,O-01380,Mechanical Keyboard,Accessories,130,3
I-004118,O-01380,4K Monitor,Electronics,400,2
I-004119,O-01380,Wireless Mouse,Accessories,50,3
I-004120,O-01381,Wireless Mouse,Accessories,50,3
I-004121,O-01381,Standing Desk,Furniture,600,1
I-004122,O-01381,Wireless Mouse,Accessories,50,1
I-004123,O-01381,Wireless Mouse,Accessories,50,3
I-004124,O-01381,Laptop Pro,Electronics,1200,2
I-004125,O-01382,Office Chair,Furniture,250,2
I-004126,O-01383,4K Monitor,Electronics,400,1
I-004127,O-01383,Wireless Mouse,Accessories,50,2
I-004128,O-01384,Office Chair,Furniture,250,1
I-004129,O-01384,Webcam 1080p,Accessories,80,1
I-004130,O-01384,Standing Desk,Furniture,600,2
I-004131,O-01385,Noise Cancelling Headphones,Electronics,300,2
I-004132,O-01386,Monitor Stand,Accessories,75,3
I-004133,O-01387,Monitor Stand,Accessories,75,2
I-004134,O-01387,Mechanical Keyboard,Accessories,130,1
I-004135,O-01388,Standing Desk,Furniture,600,1
I-004136,O-01388,4K Monitor,Electronics,400,1
I-004137,O-01389,Mechanical Keyboard,Accessories,130,3
I-004138,O-01389,4K Monitor,Electronics,400,1
I-004139,O-01390,Standing Desk,Furniture,600,2
I-004140,O-01390,Wireless Mouse,Accessories,50,3
I-004141,O-01391,Monitor Stand,Accessories,75,3
I-004142,O-01391,Webcam 1080p,Accessories,80,2
I-004143,O-01391,Monitor Stand,Accessories,75,2
I-004144,O-01391,Wireless Mouse,Accessories,50,2
I-004145,O-01391,Laptop Pro,Electronics,1200,3
I-004146,O-01392,Webcam 1080p,Accessories,80,1
I-004147,O-01393,Monitor Stand,Accessories,75,2
I-004148,O-01394,Webcam 1080p,Accessories,80,1
I-004149,O-01394,Laptop Pro,Electronics,1200,2
I-004150,O-01394,Monitor Stand,Accessories,75,3
I-004151,O-01394,Office Chair,Furniture,250,2
I-004152,O-01395,Webcam 1080p,Accessories,80,3
I-004153,O-01395,Laptop Pro,Electronics,1200,2
I-004154,O-01396,Laptop Pro,Electronics,1200,1
I-004155,O-01396,Webcam 1080p,Accessories,80,1
I-004156,O-01396,Standing Desk,Furniture,600,1
I-004157,O-01396,Webcam 1080p,Accessories,80,1
I-004158,O-01397,Laptop Pro,Electronics,1200,3
I-004159,O-01397,Mechanical Keyboard,Accessories,130,1
I-004160,O-01397,Wireless Mouse,Accessories,50,3
I-004161,O-01397,Mechanical Keyboard,Accessories,130,3
I-004162,O-01397,Laptop Pro,Electronics,1200,2
I-004163,O-01398,4K Monitor,Electronics,400,1
I-004164,O-01398,Noise Cancelling Headphones,Electronics,300,3
I-004165,O-01398,Monitor Stand,Accessories,75,1
I-004166,O-01399,Monitor Stand,Accessories,75,1
I-004167,O-01399,Webcam 1080p,Accessories,80,1
I-004168,O-01400,Wireless Mouse,Accessories,50,3
I-004169,O-01400,Monitor Stand,Accessories,75,2
I-004170,O-01400,Monitor Stand,Accessories,75,1
I-004171,O-01400,Noise Cancelling Headphones,Electronics,300,1
I-004172,O-01401,Laptop Pro,Electronics,1200,1
I-004173,O-01401,Mechanical Keyboard,Accessories,130,2
I-004174,O-01401,Standing Desk,Furniture,600,1
I-004175,O-01402,Monitor Stand,Accessories,75,1
I-004176,O-01402,4K Monitor,Electronics,400,1
I-004177,O-01402,Mechanical Keyboard,Accessories,130,2
I-004178,O-01402,Wireless Mouse,Accessories,50,1
I-004179,O-01402,Laptop Pro,Electronics,1200,1
I-004180,O-01403,Mechanical Keyboard,Accessories,130,3
I-004181,O-01403,Monitor Stand,Accessories,75,3
I-004182,O-01403,Webcam 1080p,Accessories,80,1
I-004183,O-01403,Monitor Stand,Accessories,75,2
I-004184,O-01404,Mechanical Keyboard,Accessories,130,2
I-004185,O-01404,Webcam 1080p,Accessories,80,3
I-004186,O-01404,Wireless Mouse,Accessories,50,3
I-004187,O-01404,4K Monitor,Electronics,400,3
I-004188,O-01405,Mechanical Keyboard,Accessories,130,3
I-004189,O-01406,Wireless Mouse,Accessories,50,1
I-004190,O-01406,Wireless Mouse,Accessories,50,3
I-004191,O-01406,Wireless Mouse,Accessories,50,1
I-004192,O-01406,Webcam 1080p,Accessories,80,3
I-004193,O-01406,Office Chair,Furniture,250,2
I-004194,O-01407,Noise Cancelling Headphones,Electronics,300,1
I-004195,O-01407,Laptop Pro,Electronics,1200,3
I-004196,O-01407,Office Chair,Furniture,250,3
I-004197,O-01408,Office Chair,Furniture,250,3
I-004198,O-01408,Webcam 1080p,Accessories,80,3
I-004199,O-01408,Standing Desk,Furniture,600,3
I-004200,O-01409,Standing Desk,Furniture,600,3
I-004201,O-01409,Wireless Mouse,Accessories,50,1
I-004202,O-01409,Monitor Stand,Accessories,75,3
I-004203,O-01410,Standing Desk,Furniture,600,2
I-004204,O-01411,Noise Cancelling Headphones,Electronics,300,1
I-004205,O-01412,Wireless Mouse,Accessories,50,1
I-004206,O-01413,Wireless Mouse,Accessories,50,3
I-004207,O-01413,Office Chair,Furniture,250,2
I-004208,O-01414,Noise Cancelling Headphones,Electronics,300,2
I-004209,O-01414,Wireless Mouse,Accessories,50,2
I-004210,O-01414,Noise Cancelling Headphones,Electronics,300,1
I-004211,O-01414,Webcam 1080p,Accessories,80,2
I-004212,O-01415,Office Chair,Furniture,250,2
I-004213,O-01415,Monitor Stand,Accessories,75,2
I-004214,O-01415,Standing Desk,Furniture,600,1
I-004215,O-01415,4K Monitor,Electronics,400,2
I-004216,O-01415,Mechanical Keyboard,Accessories,130,2
I-004217,O-01416,Standing Desk,Furniture,600,3
I-004218,O-01416,Mechanical Keyboard,Accessories,130,2
I-004219,O-01416,Laptop Pro,Electronics,1200,1
I-004220,O-01416,Noise Cancelling Headphones,Electronics,300,2
I-004221,O-01417,4K Monitor,Electronics,400,2
I-004222,O-01417,Webcam 1080p,Accessories,80,1
I-004223,O-01417,Wireless Mouse,Accessories,50,1
I-004224,O-01417,Office Chair,Furniture,250,3
I-004225,O-01418,Wireless Mouse,Accessories,50,3
I-004226,O-01418,Monitor Stand,Accessories,75,1
I-004227,O-01418,Mechanical Keyboard,Accessories,130,3
I-004228,O-01419,Monitor Stand,Accessories,75,3
I-004229,O-01419,Webcam 1080p,Accessories,80,1
I-004230,O-01420,Noise Cancelling Headphones,Electronics,300,1
I-004231,O-01420,Wireless Mouse,Accessories,50,1
I-004232,O-01421,Mechanical Keyboard,Accessories,130,3
I-004233,O-01421,Noise Cancelling Headphones,Electronics,300,3
I-004234,O-01421,4K Monitor,Electronics,400,1
I-004235,O-01422,Monitor Stand,Accessories,75,1
I-004236,O-01422,Office Chair,Furniture,250,3
I-004237,O-01422,Webcam 1080p,Accessories,80,1
I-004238,O-01422,Mechanical Keyboard,Accessories,130,3
I-004239,O-01422,Monitor Stand,Accessories,75,3
I-004240,O-01423,Office Chair,Furniture,250,2
I-004241,O-01423,Webcam 1080p,Accessories,80,1
I-004242,O-01423,Standing Desk,Furniture,600,2
I-004243,O-01423,Mechanical Keyboard,Accessories,130,1
I-004244,O-01423,Webcam 1080p,Accessories,80,2
I-004245,O-01424,Monitor Stand,Accessories,75,2
I-004246,O-01424,Mechanical Keyboard,Accessories,130,2
I-004247,O-01424,Monitor Stand,Accessories,75,2
I-004248,O-01425,Standing Desk,Furniture,600,1
I-004249,O-01425,Office Chair,Furniture,250,2
I-004250,O-01426,Standing Desk,Furniture,600,2
I-004251,O-01426,Wireless Mouse,Accessories,50,1
I-004252,O-01426,Standing Desk,Furniture,600,1
I-004253,O-01426,4K Monitor,Electronics,400,2
I-004254,O-01426,Laptop Pro,Electronics,1200,1
I-004255,O-01427,Monitor Stand,Accessories,75,2
I-004256,O-01427,Wireless Mouse,Accessories,50,2
I-004257,O-01428,Wireless Mouse,Accessories,50,2
I-004258,O-01428,Noise Cancelling Headphones,Electronics,300,1
I-004259,O-01428,Laptop Pro,Electronics,1200,3
I-004260,O-01428,Webcam 1080p,Accessories,80,3
I-004261,O-01428,Office Chair,Furniture,250,3
I-004262,O-01429,Wireless Mouse,Accessories,50,2
I-004263,O-01429,Wireless Mouse,Accessories,50,2
I-004264,O-01430,4K Monitor,Electronics,400,3
I-004265,O-01431,Mechanical Keyboard,Accessories,130,1
I-004266,O-01431,Standing Desk,Furniture,600,3
I-004267,O-01431,4K Monitor,Electronics,400,2
I-004268,O-01432,Noise Cancelling Headphones,Electronics,300,1
I-004269,O-01432,Mechanical Keyboard,Accessories,130,1
I-004270,O-01432,4K Monitor,Electronics,400,3
I-004271,O-01433,Noise Cancelling Headphones,Electronics,300,2
I-004272,O-01433,Webcam 1080p,Accessories,80,1
I-004273,O-01433,Laptop Pro,Electronics,1200,3
I-004274,O-01434,Monitor Stand,Accessories,75,2
I-004275,O-01434,Wireless Mouse,Accessories,50,2
I-004276,O-01434,Standing Desk,Furniture,600,1
I-004277,O-01434,Noise Cancelling Headphones,Electronics,300,3
I-004278,O-01435,Laptop Pro,Electronics,1200,3
I-004279,O-01436,Webcam 1080p,Accessories,80,3
I-004280,O-01436,Noise Cancelling Headphones,Electronics,300,2
I-004281,O-01436,Office Chair,Furniture,250,2
I-004282,O-01436,Noise Cancelling Headphones,Electronics,300,1
I-004283,O-01436,Mechanical Keyboard,Accessories,130,3
I-004284,O-01437,Noise Cancelling Headphones,Electronics,300,2
I-004285,O-01438,Webcam 1080p,Accessories,80,3
I-004286,O-01438,4K Monitor,Electronics,400,2
I-004287,O-01438,Office Chair,Furniture,250,2
I-004288,O-01439,Laptop Pro,Electronics,1200,3
I-004289,O-01440,Office Chair,Furniture,250,1
I-004290,O-01440,Mechanical Keyboard,Accessories,130,3
I-004291,O-01440,4K Monitor,Electronics,400,2
I-004292,O-01440,4K Monitor,Electronics,400,3
I-004293,O-01441,Noise Cancelling Headphones,Electronics,300,3
I-004294,O-01441,Monitor Stand,Accessories,75,1
I-004295,O-01441,Mechanical Keyboard,Accessories,130,3
I-004296,O-01441,Webcam 1080p,Accessories,80,3
I-004297,O-01441,Monitor Stand,Accessories,75,1
I-004298,O-01442,Laptop Pro,Electronics,1200,3
I-004299,O-01442,Webcam 1080p,Accessories,80,2
I-004300,O-01442,Office Chair,Furniture,250,2
I-004301,O-01442,4K Monitor,Electronics,400,3
I-004302,O-01442,Standing Desk,Furniture,600,3
I-004303,O-01443,Monitor Stand,Accessories,75,2
I-004304,O-01444,4K Monitor,Electronics,400,3
I-004305,O-01444,Mechanical Keyboard,Accessories,130,3
I-004306,O-01444,Webcam 1080p,Accessories,80,2
I-004307,O-01444,Noise Cancelling Headphones,Electronics,300,3
I-004308,O-01445,Wireless Mouse,Accessories,50,1
I-004309,O-01446,4K Monitor,Electronics,400,2
I-004310,O-01447,Office Chair,Furniture,250,2
I-004311,O-01448,Standing Desk,Furniture,600,2
I-004312,O-01449,Noise Cancelling Headphones,Electronics,300,1
I-004313,O-01449,Monitor Stand,Accessories,75,2
I-004314,O-01449,Webcam 1080p,Accessories,80,2
I-004315,O-01450,Office Chair,Furniture,250,3
I-004316,O-01451,Standing Desk,Furniture,600,3
I-004317,O-01451,Wireless Mouse,Accessories,50,3
I-004318,O-01451,4K Monitor,Electronics,400,2
I-004319,O-01452,Standing Desk,Furniture,600,1
I-004320,O-01452,Noise Cancelling Headphones,Electronics,300,2
I-004321,O-01452,Wireless Mouse,Accessories,50,2
I-004322,O-01452,Mechanical Keyboard,Accessories,130,3
I-004323,O-01453,Standing Desk,Furniture,600,3
I-004324,O-01453,Noise Cancelling Headphones,Electronics,300,1
I-004325,O-01453,Office Chair,Furniture,250,3
I-004326,O-01453,Noise Cancelling Headphones,Electronics,300,2
I-004327,O-01453,Laptop Pro,Electronics,1200,2
I-004328,O-01454,Mechanical Keyboard,Accessories,130,2
I-004329,O-01454,Wireless Mouse,Accessories,50,2
I-004330,O-01454,Monitor Stand,Accessories,75,2
I-004331,O-01454,Office Chair,Furniture,250,2
I-004332,O-01454,Standing Desk,Furniture,600,1
I-004333,O-01455,Office Chair,Furniture,250,3
I-004334,O-01455,Wireless Mouse,Accessories,50,2
I-004335,O-01456,Standing Desk,Furniture,600,3
I-004336,O-01456,4K Monitor,Electronics,400,1
I-004337,O-01456,Standing Desk,Furniture,600,1
I-004338,O-01456,Mechanical Keyboard,Accessories,130,1
I-004339,O-01456,Monitor Stand,Accessories,75,1
I-004340,O-01457,Webcam 1080p,Accessories,80,2
I-004341,O-01457,4K Monitor,Electronics,400,2
I-004342,O-01457,Noise Cancelling Headphones,Electronics,300,1
I-004343,O-01457,Wireless Mouse,Accessories,50,2
I-004344,O-01457,Monitor Stand,Accessories,75,1
I-004345,O-01458,4K Monitor,Electronics,400,1
I-004346,O-01458,Webcam 1080p,Accessories,80,2
I-004347,O-01458,Office Chair,Furniture,250,1
I-004348,O-01459,Mechanical Keyboard,Accessories,130,2
I-004349,O-01459,Standing Desk,Furniture,600,1
I-004350,O-01460,Office Chair,Furniture,250,2
I-004351,O-01460,Standing Desk,Furniture,600,3
I-004352,O-01460,Wireless Mouse,Accessories,50,1
I-004353,O-01460,Noise Cancelling Headphones,Electronics,300,1
I-004354,O-01461,Office Chair,Furniture,250,1
I-004355,O-01462,Mechanical Keyboard,Accessories,130,1
I-004356,O-01462,Monitor Stand,Accessories,75,3
I-004357,O-01462,4K Monitor,Electronics,400,3
I-004358,O-01462,Webcam 1080p,Accessories,80,2
I-004359,O-01462,Wireless Mouse,Accessories,50,3
I-004360,O-01463,Noise Cancelling Headphones,Electronics,300,2
I-004361,O-01463,Webcam 1080p,Accessories,80,2
I-004362,O-01463,Standing Desk,Furniture,600,2
I-004363,O-01463,Standing Desk,Furniture,600,2
I-004364,O-01463,Webcam 1080p,Accessories,80,1
I-004365,O-01464,Mechanical Keyboard,Accessories,130,2
I-004366,O-01464,Laptop Pro,Electronics,1200,3
I-004367,O-01464,Standing Desk,Furniture,600,1
I-004368,O-01465,4K Monitor,Electronics,400,3
I-004369,O-01465,Laptop Pro,Electronics,1200,2
I-004370,O-01465,Webcam 1080p,Accessories,80,1
I-004371,O-01465,Webcam 1080p,Accessories,80,3
I-004372,O-01465,Standing Desk,Furniture,600,1
I-004373,O-01466,Standing Desk,Furniture,600,1
I-004374,O-01466,4K Monitor,Electronics,400,2
I-004375,O-01466,Mechanical Keyboard,Accessories,130,2
I-004376,O-01467,Noise Cancelling Headphones,Electronics,300,1
I-004377,O-01467,Mechanical Keyboard,Accessories,130,1
I-004378,O-01467,Monitor Stand,Accessories,75,3
I-004379,O-01467,4K Monitor,Electronics,400,2
I-004380,O-01467,Laptop Pro,Electronics,1200,3
I-004381,O-01468,Webcam 1080p,Accessories,80,2
I-004382,O-01469,Laptop Pro,Electronics,1200,3
I-004383,O-01469,Monitor Stand,Accessories,75,2
I-004384,O-01470,Office Chair,Furniture,250,1
I-004385,O-01470,Webcam 1080p,Accessories,80,2
I-004386,O-01470,Laptop Pro,Electronics,1200,1
I-004387,O-01470,4K Monitor,Electronics,400,3
I-004388,O-01470,Monitor Stand,Accessories,75,2
I-004389,O-01471,Mechanical Keyboard,Accessories,130,3
I-004390,O-01471,Standing Desk,Furniture,600,3
I-004391,O-01471,Office Chair,Furniture,250,2
I-004392,O-01472,Standing Desk,Furniture,600,3
I-004393,O-01472,Webcam 1080p,Accessories,80,2
I-004394,O-01473,Webcam 1080p,Accessories,80,1
I-004395,O-01474,4K Monitor,Electronics,400,1
I-004396,O-01474,Standing Desk,Furniture,600,3
I-004397,O-01474,Laptop Pro,Electronics,1200,2
I-004398,O-01475,Standing Desk,Furniture,600,3
I-004399,O-01475,Office Chair,Furniture,250,1
I-004400,O-01476,Laptop Pro,Electronics,1200,3
I-004401,O-01476,Webcam 1080p,Accessories,80,1
I-004402,O-01477,Laptop Pro,Electronics,1200,3
I-004403,O-01477,Webcam 1080p,Accessories,80,2
I-004404,O-01477,4K Monitor,Electronics,400,2
I-004405,O-01478,Standing Desk,Furniture,600,2
I-004406,O-01478,Wireless Mouse,Accessories,50,1
I-004407,O-01478,Monitor Stand,Accessories,75,3
I-004408,O-01478,Laptop Pro,Electronics,1200,2
I-004409,O-01479,Mechanical Keyboard,Accessories,130,1
I-004410,O-01479,Wireless Mouse,Accessories,50,2
I-004411,O-01479,Monitor Stand,Accessories,75,3
I-004412,O-01480,Monitor Stand,Accessories,75,1
I-004413,O-01481,Office Chair,Furniture,250,1
I-004414,O-01481,Noise Cancelling Headphones,Electronics,300,1
I-004415,O-01481,Laptop Pro,Electronics,1200,1
I-004416,O-01481,4K Monitor,Electronics,400,3
I-004417,O-01481,Standing Desk,Furniture,600,1
I-004418,O-01482,Office Chair,Furniture,250,2
I-004419,O-01483,Noise Cancelling Headphones,Electronics,300,3
I-004420,O-01484,Monitor Stand,Accessories,75,3
I-004421,O-01484,Laptop Pro,Electronics,1200,1
I-004422,O-01484,Wireless Mouse,Accessories,50,2
I-004423,O-01484,4K Monitor,Electronics,400,1
I-004424,O-01484,Mechanical Keyboard,Accessories,130,3
I-004425,O-01485,4K Monitor,Electronics,400,2
I-004426,O-01485,4K Monitor,Electronics,400,3
I-004427,O-01486,Mechanical Keyboard,Accessories,130,2
I-004428,O-01486,Noise Cancelling Headphones,Electronics,300,1
I-004429,O-01487,Laptop Pro,Electronics,1200,2
I-004430,O-01487,Mechanical Keyboard,Accessories,130,2
I-004431,O-01487,Webcam 1080p,Accessories,80,1
I-004432,O-01487,Webcam 1080p,Accessories,80,2
I-004433,O-01487,Noise Cancelling Headphones,Electronics,300,3
I-004434,O-01488,4K Monitor,Electronics,400,1
I-004435,O-01488,Wireless Mouse,Accessories,50,2
I-004436,O-01489,4K Monitor,Electronics,400,2
I-004437,O-01489,Webcam 1080p,Accessories,80,2
I-004438,O-01490,Noise Cancelling Headphones,Electronics,300,1
I-004439,O-01490,Noise Cancelling Headphones,Electronics,300,2
I-004440,O-01490,Webcam 1080p,Accessories,80,1
I-004441,O-01490,Standing Desk,Furniture,600,1
I-004442,O-01490,Laptop Pro,Electronics,1200,2
I-004443,O-01491,Noise Cancelling Headphones,Electronics,300,1
I-004444,O-01491,Laptop Pro,Electronics,1200,2
I-004445,O-01492,Laptop Pro,Electronics,1200,3
I-004446,O-01492,Mechanical Keyboard,Accessories,130,3
I-004447,O-01492,4K Monitor,Electronics,400,3
I-004448,O-01492,Office Chair,Furniture,250,3
I-004449,O-01492,Mechanical Keyboard,Accessories,130,2
I-004450,O-01493,4K Monitor,Electronics,400,3
I-004451,O-01493,Office Chair,Furniture,250,2
I-004452,O-01493,Wireless Mouse,Accessories,50,2
I-004453,O-01493,Standing Desk,Furniture,600,2
I-004454,O-01493,Office Chair,Furniture,250,2
I-004455,O-01494,Mechanical Keyboard,Accessories,130,2
I-004456,O-01495,Office Chair,Furniture,250,2
I-004457,O-01496,Monitor Stand,Accessories,75,1
I-004458,O-01496,Mechanical Keyboard,Accessories,130,3
I-004459,O-01496,Noise Cancelling Headphones,Electronics,300,1
I-004460,O-01496,Office Chair,Furniture,250,1
I-004461,O-01496,Standing Desk,Furniture,600,1
I-004462,O-01497,Webcam 1080p,Accessories,80,1
I-004463,O-01497,Standing Desk,Furniture,600,3
I-004464,O-01497,4K Monitor,Electronics,400,2
I-004465,O-01498,Mechanical Keyboard,Accessories,130,1
I-004466,O-01499,Monitor Stand,Accessories,75,3
I-004467,O-01499,Monitor Stand,Accessories,75,2
I-004468,O-01499,Mechanical Keyboard,Accessories,130,3
I-004469,O-01500,Mechanical Keyboard,Accessories,130,1
I-004470,O-01500,Wireless Mouse,Accessories,50,2
I-004471,O-01500,Monitor Stand,Accessories,75,1
I-004472,O-01500,Standing Desk,Furniture,600,1
I-004473,O-01500,Webcam 1080p,Accessories,80,3
I-004474,O-01501,Laptop Pro,Electronics,1200,3
I-004475,O-01501,Wireless Mouse,Accessories,50,3
I-004476,O-01501,Wireless Mouse,Accessories,50,1
I-004477,O-01502,Webcam 1080p,Accessories,80,1
I-004478,O-01503,Webcam 1080p,Accessories,80,1
I-004479,O-01504,4K Monitor,Electronics,400,2
I-004480,O-01504,Webcam 1080p,Accessories,80,1
I-004481,O-01505,Noise Cancelling Headphones,Electronics,300,1
I-004482,O-01505,Monitor Stand,Accessories,75,3
I-004483,O-01505,Noise Cancelling Headphones,Electronics,300,1
I-004484,O-01505,Laptop Pro,Electronics,1200,3
I-004485,O-01506,Noise Cancelling Headphones,Electronics,300,3
I-004486,O-01506,Monitor Stand,Accessories,75,2
I-004487,O-01506,4K Monitor,Electronics,400,1
I-004488,O-01507,Monitor Stand,Accessories,75,2
I-004489,O-01507,Laptop Pro,Electronics,1200,2
I-004490,O-01507,Noise Cancelling Headphones,Electronics,300,1
I-004491,O-01508,Office Chair,Furniture,250,2
I-004492,O-01508,Laptop Pro,Electronics,1200,1
I-004493,O-01508,Standing Desk,Furniture,600,3
I-004494,O-01508,Laptop Pro,Electronics,1200,3
I-004495,O-01509,Laptop Pro,Electronics,1200,1
I-004496,O-01509,Wireless Mouse,Accessories,50,2
I-004497,O-01510,Wireless Mouse,Accessories,50,2
I-004498,O-01511,Webcam 1080p,Accessories,80,3
I-004499,O-01511,Office Chair,Furniture,250,3
I-004500,O-01512,Office Chair,Furniture,250,1
I-004501,O-01512,Office Chair,Furniture,250,2
I-004502,O-01512,Noise Cancelling Headphones,Electronics,300,1
I-004503,O-01512,Office Chair,Furniture,250,1
I-004504,O-01513,Noise Cancelling Headphones,Electronics,300,1
I-004505,O-01513,Wireless Mouse,Accessories,50,1
I-004506,O-01513,Mechanical Keyboard,Accessories,130,1
I-004507,O-01513,Laptop Pro,Electronics,1200,2
I-004508,O-01513,Mechanical Keyboard,Accessories,130,1
I-004509,O-01514,Standing Desk,Furniture,600,1
I-004510,O-01515,Monitor Stand,Accessories,75,3
I-004511,O-01515,Monitor Stand,Accessories,75,1
I-004512,O-01516,4K Monitor,Electronics,400,1
I-004513,O-01516,Laptop Pro,Electronics,1200,1
I-004514,O-01516,Webcam 1080p,Accessories,80,3
I-004515,O-01516,Standing Desk,Furniture,600,2
I-004516,O-01517,4K Monitor,Electronics,400,1
I-004517,O-01518,Noise Cancelling Headphones,Electronics,300,2
I-004518,O-01518,Office Chair,Furniture,250,1
I-004519,O-01518,Wireless Mouse,Accessories,50,3
I-004520,O-01519,Monitor Stand,Accessories,75,1
I-004521,O-01520,Mechanical Keyboard,Accessories,130,2
I-004522,O-01520,Office Chair,Furniture,250,3
I-004523,O-01520,4K Monitor,Electronics,400,3
I-004524,O-01521,Laptop Pro,Electronics,1200,2
I-004525,O-01521,Monitor Stand,Accessories,75,3
I-004526,O-01521,Noise Cancelling Headphones,Electronics,300,1
I-004527,O-01521,4K Monitor,Electronics,400,1
I-004528,O-01522,Webcam 1080p,Accessories,80,3
I-004529,O-01522,Laptop Pro,Electronics,1200,3
I-004530,O-01522,Standing Desk,Furniture,600,1
I-004531,O-01522,Monitor Stand,Accessories,75,3
I-004532,O-01522,Mechanical Keyboard,Accessories,130,2
I-004533,O-01523,Laptop Pro,Electronics,1200,1
I-004534,O-01523,Webcam 1080p,Accessories,80,2
I-004535,O-01523,Standing Desk,Furniture,600,1
I-004536,O-01524,Laptop Pro,Electronics,1200,1
I-004537,O-01524,Monitor Stand,Accessories,75,3
I-004538,O-01524,4K Monitor,Electronics,400,3
I-004539,O-01524,Noise Cancelling Headphones,Electronics,300,1
I-004540,O-01524,Standing Desk,Furniture,600,1
I-004541,O-01525,Webcam 1080p,Accessories,80,2
I-004542,O-01525,4K Monitor,Electronics,400,3
I-004543,O-01525,Office Chair,Furniture,250,1
I-004544,O-01525,4K Monitor,Electronics,400,3
I-004545,O-01526,4K Monitor,Electronics,400,1
I-004546,O-01526,Monitor Stand,Accessories,75,2
I-004547,O-01526,Webcam 1080p,Accessories,80,3
I-004548,O-01526,Mechanical Keyboard,Accessories,130,2
I-004549,O-01527,Wireless Mouse,Accessories,50,1
I-004550,O-01527,4K Monitor,Electronics,400,2
I-004551,O-01528,Noise Cancelling Headphones,Electronics,300,2
I-004552,O-01528,Monitor Stand,Accessories,75,1
I-004553,O-01528,Laptop Pro,Electronics,1200,1
I-004554,O-01529,Monitor Stand,Accessories,75,1
I-004555,O-01529,Noise Cancelling Headphones,Electronics,300,3
I-004556,O-01529,Noise Cancelling Headphones,Electronics,300,2
I-004557,O-01529,Webcam 1080p,Accessories,80,1
I-004558,O-01530,Monitor Stand,Accessories,75,2
I-004559,O-01530,Monitor Stand,Accessories,75,2
I-004560,O-01530,Standing Desk,Furniture,600,2
I-004561,O-01530,Monitor Stand,Accessories,75,2
I-004562,O-01531,4K Monitor,Electronics,400,1
I-004563,O-01531,Wireless Mouse,Accessories,50,1
I-004564,O-01531,Mechanical Keyboard,Accessories,130,3
I-004565,O-01532,4K Monitor,Electronics,400,3
I-004566,O-01532,Webcam 1080p,Accessories,80,3
I-004567,O-01533,Monitor Stand,Accessories,75,2
I-004568,O-01533,Mechanical Keyboard,Accessories,130,1
I-004569,O-01533,Noise Cancelling Headphones,Electronics,300,2
I-004570,O-01533,Noise Cancelling Headphones,Electronics,300,1
I-004571,O-01533,Monitor Stand,Accessories,75,2
I-004572,O-01534,Mechanical Keyboard,Accessories,130,2
I-004573,O-01535,Webcam 1080p,Accessories,80,2
I-004574,O-01535,Webcam 1080p,Accessories,80,1
I-004575,O-01535,Noise Cancelling Headphones,Electronics,300,1
I-004576,O-01536,Monitor Stand,Accessories,75,3
I-004577,O-01536,Webcam 1080p,Accessories,80,2
I-004578,O-01537,Monitor Stand,Accessories,75,1
I-004579,O-01537,Webcam 1080p,Accessories,80,2
I-004580,O-01537,Laptop Pro,Electronics,1200,3
I-004581,O-01537,Wireless Mouse,Accessories,50,3
I-004582,O-01537,4K Monitor,Electronics,400,3
I-004583,O-01538,4K Monitor,Electronics,400,1
I-004584,O-01538,4K Monitor,Electronics,400,1
I-004585,O-01539,Office Chair,Furniture,250,2
I-004586,O-01539,Office Chair,Furniture,250,2
I-004587,O-01539,Standing Desk,Furniture,600,3
I-004588,O-01539,Standing Desk,Furniture,600,3
I-004589,O-01540,Standing Desk,Furniture,600,1
I-004590,O-01540,Noise Cancelling Headphones,Electronics,300,1
I-004591,O-01540,Standing Desk,Furniture,600,2
I-004592,O-01540,Noise Cancelling Headphones,Electronics,300,1
I-004593,O-01540,Laptop Pro,Electronics,1200,2
I-004594,O-01541,Wireless Mouse,Accessories,50,1
I-004595,O-01541,Wireless Mouse,Accessories,50,2
I-004596,O-01541,Wireless Mouse,Accessories,50,3
I-004597,O-01542,4K Monitor,Electronics,400,3
I-004598,O-01542,Noise Cancelling Headphones,Electronics,300,1
I-004599,O-01542,Mechanical Keyboard,Accessories,130,2
I-004600,O-01543,Laptop Pro,Electronics,1200,1
I-004601,O-01543,4K Monitor,Electronics,400,1
I-004602,O-01543,Webcam 1080p,Accessories,80,2
I-004603,O-01544,Mechanical Keyboard,Accessories,130,3
I-004604,O-01545,Wireless Mouse,Accessories,50,3
I-004605,O-01545,Mechanical Keyboard,Accessories,130,1
I-004606,O-01545,Mechanical Keyboard,Accessories,130,1
I-004607,O-01545,Webcam 1080p,Accessories,80,3
I-004608,O-01546,Webcam 1080p,Accessories,80,1
I-004609,O-01546,Laptop Pro,Electronics,1200,1
I-004610,O-01547,Mechanical Keyboard,Accessories,130,2
I-004611,O-01547,Mechanical Keyboard,Accessories,130,2
I-004612,O-01547,Standing Desk,Furniture,600,3
I-004613,O-01547,4K Monitor,Electronics,400,3
I-004614,O-01548,Mechanical Keyboard,Accessories,130,2
I-004615,O-01548,Laptop Pro,Electronics,1200,3
I-004616,O-01549,Monitor Stand,Accessories,75,3
I-004617,O-01549,Monitor Stand,Accessories,75,2
I-004618,O-01549,Laptop Pro,Electronics,1200,3
I-004619,O-01549,Monitor Stand,Accessories,75,2
I-004620,O-01549,Wireless Mouse,Accessories,50,1
I-004621,O-01550,Webcam 1080p,Accessories,80,3
I-004622,O-01551,Webcam 1080p,Accessories,80,3
I-004623,O-01551,Office Chair,Furniture,250,1
I-004624,O-01552,4K Monitor,Electronics,400,3
I-004625,O-01552,Noise Cancelling Headphones,Electronics,300,2
I-004626,O-01552,Laptop Pro,Electronics,1200,1
I-004627,O-01553,Noise Cancelling Headphones,Electronics,300,3
I-004628,O-01553,Wireless Mouse,Accessories,50,1
I-004629,O-01553,Office Chair,Furniture,250,2
I-004630,O-01554,Webcam 1080p,Accessories,80,2
I-004631,O-01554,Laptop Pro,Electronics,1200,2
I-004632,O-01554,Office Chair,Furniture,250,2
I-004633,O-01555,Monitor Stand,Accessories,75,3
I-004634,O-01555,Office Chair,Furniture,250,1
I-004635,O-01555,Webcam 1080p,Accessories,80,2
I-004636,O-01555,4K Monitor,Electronics,400,3
I-004637,O-01556,Wireless Mouse,Accessories,50,3
I-004638,O-01557,Standing Desk,Furniture,600,1
I-004639,O-01558,Monitor Stand,Accessories,75,1
I-004640,O-01558,Webcam 1080p,Accessories,80,3
I-004641,O-01558,Monitor Stand,Accessories,75,3
I-004642,O-01559,Standing Desk,Furniture,600,2
I-004643,O-01559,Monitor Stand,Accessories,75,2
I-004644,O-01559,Noise Cancelling Headphones,Electronics,300,3
I-004645,O-01560,Wireless Mouse,Accessories,50,1
I-004646,O-01560,Monitor Stand,Accessories,75,2
I-004647,O-01560,Office Chair,Furniture,250,2
I-004648,O-01561,Laptop Pro,Electronics,1200,3
I-004649,O-01561,Mechanical Keyboard,Accessories,130,2
I-004650,O-01561,Standing Desk,Furniture,600,3
I-004651,O-01562,Laptop Pro,Electronics,1200,1
I-004652,O-01563,Office Chair,Furniture,250,1
I-004653,O-01564,Laptop Pro,Electronics,1200,1
I-004654,O-01564,4K Monitor,Electronics,400,1
I-004655,O-01564,Office Chair,Furniture,250,1
I-004656,O-01565,Standing Desk,Furniture,600,2
I-004657,O-01566,Laptop Pro,Electronics,1200,2
I-004658,O-01566,4K Monitor,Electronics,400,3
I-004659,O-01566,Webcam 1080p,Accessories,80,1
I-004660,O-01566,Webcam 1080p,Accessories,80,3
I-004661,O-01566,4K Monitor,Electronics,400,1
I-004662,O-01567,Standing Desk,Furniture,600,1
I-004663,O-01568,Wireless Mouse,Accessories,50,3
I-004664,O-01569,Laptop Pro,Electronics,1200,3
I-004665,O-01570,Wireless Mouse,Accessories,50,2
I-004666,O-01570,Standing Desk,Furniture,600,2
I-004667,O-01571,Wireless Mouse,Accessories,50,2
I-004668,O-01571,Noise Cancelling Headphones,Electronics,300,2
I-004669,O-01571,Standing Desk,Furniture,600,3
I-004670,O-01571,Mechanical Keyboard,Accessories,130,3
I-004671,O-01571,Standing Desk,Furniture,600,3
I-004672,O-01572,Monitor Stand,Accessories,75,3
I-004673,O-01573,Laptop Pro,Electronics,1200,1
I-004674,O-01574,Wireless Mouse,Accessories,50,3
I-004675,O-01574,Mechanical Keyboard,Accessories,130,1
I-004676,O-01574,Webcam 1080p,Accessories,80,3
I-004677,O-01575,Wireless Mouse,Accessories,50,2
I-004678,O-01576,Wireless Mouse,Accessories,50,3
I-004679,O-01576,4K Monitor,Electronics,400,2
I-004680,O-01577,Monitor Stand,Accessories,75,1
I-004681,O-01577,4K Monitor,Electronics,400,3
I-004682,O-01577,Wireless Mouse,Accessories,50,1
I-004683,O-01577,Office Chair,Furniture,250,3
I-004684,O-01577,Monitor Stand,Accessories,75,3
I-004685,O-01578,Office Chair,Furniture,250,2
I-004686,O-01578,Wireless Mouse,Accessories,50,2
I-004687,O-01578,Laptop Pro,Electronics,1200,3
I-004688,O-01579,4K Monitor,Electronics,400,2
I-004689,O-01580,Standing Desk,Furniture,600,3
I-004690,O-01581,Laptop Pro,Electronics,1200,2
I-004691,O-01581,Standing Desk,Furniture,600,3
I-004692,O-01581,Laptop Pro,Electronics,1200,3
I-004693,O-01581,4K Monitor,Electronics,400,3
I-004694,O-01582,4K Monitor,Electronics,400,3
I-004695,O-01583,Mechanical Keyboard,Accessories,130,2
I-004696,O-01583,Standing Desk,Furniture,600,2
I-004697,O-01583,Mechanical Keyboard,Accessories,130,2
I-004698,O-01584,Mechanical Keyboard,Accessories,130,1
I-004699,O-01584,Standing Desk,Furniture,600,1
I-004700,O-01584,Office Chair,Furniture,250,3
I-004701,O-01585,Monitor Stand,Accessories,75,2
I-004702,O-01585,Noise Cancelling Headphones,Electronics,300,2
I-004703,O-01585,Office Chair,Furniture,250,2
I-004704,O-01586,Wireless Mouse,Accessories,50,1
I-004705,O-01586,Standing Desk,Furniture,600,2
I-004706,O-01586,Monitor Stand,Accessories,75,2
I-004707,O-01586,Webcam 1080p,Accessories,80,3
I-004708,O-01587,Monitor Stand,Accessories,75,3
I-004709,O-01587,Laptop Pro,Electronics,1200,1
I-004710,O-01588,4K Monitor,Electronics,400,1
I-004711,O-01588,Wireless Mouse,Accessories,50,1
I-004712,O-01589,Mechanical Keyboard,Accessories,130,1
I-004713,O-01589,Office Chair,Furniture,250,2
I-004714,O-01589,Wireless Mouse,Accessories,50,3
I-004715,O-01589,Mechanical Keyboard,Accessories,130,2
I-004716,O-01590,Wireless Mouse,Accessories,50,2
I-004717,O-01590,4K Monitor,Electronics,400,2
I-004718,O-01591,Webcam 1080p,Accessories,80,1
I-004719,O-01591,Wireless Mouse,Accessories,50,1
I-004720,O-01591,Webcam 1080p,Accessories,80,2
I-004721,O-01591,Laptop Pro,Electronics,1200,3
I-004722,O-01592,4K Monitor,Electronics,400,1
I-004723,O-01592,Wireless Mouse,Accessories,50,2
I-004724,O-01592,Mechanical Keyboard,Accessories,130,2
I-004725,O-01592,Mechanical Keyboard,Accessories,130,1
I-004726,O-01593,4K Monitor,Electronics,400,3
I-004727,O-01593,Monitor Stand,Accessories,75,2
I-004728,O-01593,Office Chair,Furniture,250,3
I-004729,O-01594,4K Monitor,Electronics,400,3
I-004730,O-01595,Monitor Stand,Accessories,75,1
I-004731,O-01595,Monitor Stand,Accessories,75,2
I-004732,O-01595,Standing Desk,Furniture,600,3
I-004733,O-01596,Laptop Pro,Electronics,1200,2
I-004734,O-01596,Mechanical Keyboard,Accessories,130,3
I-004735,O-01596,Monitor Stand,Accessories,75,1
I-004736,O-01596,Wireless Mouse,Accessories,50,2
I-004737,O-01597,Noise Cancelling Headphones,Electronics,300,1
I-004738,O-01597,Mechanical Keyboard,Accessories,130,1
I-004739,O-01597,4K Monitor,Electronics,400,2
I-004740,O-01597,Office Chair,Furniture,250,3
I-004741,O-01598,Webcam 1080p,Accessories,80,2
I-004742,O-01598,Office Chair,Furniture,250,3
I-004743,O-01598,4K Monitor,Electronics,400,2
I-004744,O-01598,Office Chair,Furniture,250,1
I-004745,O-01598,Noise Cancelling Headphones,Electronics,300,2
I-004746,O-01599,Noise Cancelling Headphones,Electronics,300,2
I-004747,O-01599,Monitor Stand,Accessories,75,3
I-004748,O-01599,Wireless Mouse,Accessories,50,3
I-004749,O-01599,Office Chair,Furniture,250,2
I-004750,O-01599,Mechanical Keyboard,Accessories,130,1
I-004751,O-01600,Monitor Stand,Accessories,75,2
I-004752,O-01600,Wireless Mouse,Accessories,50,1
I-004753,O-01600,Standing Desk,Furniture,600,2
I-004754,O-01600,Standing Desk,Furniture,600,1
I-004755,O-01601,4K Monitor,Electronics,400,3
I-004756,O-01601,Office Chair,Furniture,250,2
I-004757,O-01602,Wireless Mouse,Accessories,50,3
I-004758,O-01602,Office Chair,Furniture,250,1
I-004759,O-01602,Office Chair,Furniture,250,3
I-004760,O-01602,Webcam 1080p,Accessories,80,1
I-004761,O-01602,4K Monitor,Electronics,400,3
I-004762,O-01603,Wireless Mouse,Accessories,50,2
I-004763,O-01603,Standing Desk,Furniture,600,1
I-004764,O-01603,Standing Desk,Furniture,600,2
I-004765,O-01603,Wireless Mouse,Accessories,50,2
I-004766,O-01603,Noise Cancelling Headphones,Electronics,300,3
I-004767,O-01604,Office Chair,Furniture,250,1
I-004768,O-01605,Office Chair,Furniture,250,3
I-004769,O-01605,Laptop Pro,Electronics,1200,2
I-004770,O-01606,Monitor Stand,Accessories,75,1
I-004771,O-01607,4K Monitor,Electronics,400,1
I-004772,O-01607,Mechanical Keyboard,Accessories,130,2
I-004773,O-01607,4K Monitor,Electronics,400,2
I-004774,O-01607,Standing Desk,Furniture,600,2
I-004775,O-01608,Standing Desk,Furniture,600,1
I-004776,O-01608,Mechanical Keyboard,Accessories,130,3
I-004777,O-01609,Office Chair,Furniture,250,1
I-004778,O-01609,Laptop Pro,Electronics,1200,2
I-004779,O-01610,Mechanical Keyboard,Accessories,130,2
I-004780,O-01610,Wireless Mouse,Accessories,50,3
I-004781,O-01610,Noise Cancelling Headphones,Electronics,300,2
I-004782,O-01610,Monitor Stand,Accessories,75,2
I-004783,O-01610,Laptop Pro,Electronics,1200,1
I-004784,O-01611,4K Monitor,Electronics,400,2
I-004785,O-01611,Standing Desk,Furniture,600,3
I-004786,O-01611,4K Monitor,Electronics,400,3
I-004787,O-01612,Noise Cancelling Headphones,Electronics,300,1
I-004788,O-01613,Mechanical Keyboard,Accessories,130,1
I-004789,O-01613,Webcam 1080p,Accessories,80,1
I-004790,O-01614,Mechanical Keyboard,Accessories,130,3
I-004791,O-01615,Laptop Pro,Electronics,1200,2
I-004792,O-01615,Monitor Stand,Accessories,75,2
I-004793,O-01616,Monitor Stand,Accessories,75,1
I-004794,O-01617,Monitor Stand,Accessories,75,3
I-004795,O-01617,Laptop Pro,Electronics,1200,1
I-004796,O-01617,Monitor Stand,Accessories,75,3
I-004797,O-01617,Noise Cancelling Headphones,Electronics,300,1
I-004798,O-01618,Mechanical Keyboard,Accessories,130,2
I-004799,O-01618,Wireless Mouse,Accessories,50,1
I-004800,O-01619,Laptop Pro,Electronics,1200,1
I-004801,O-01619,Standing Desk,Furniture,600,1
I-004802,O-01620,Mechanical Keyboard,Accessories,130,1
I-004803,O-01620,Laptop Pro,Electronics,1200,1
I-004804,O-01621,Mechanical Keyboard,Accessories,130,3
I-004805,O-01621,Office Chair,Furniture,250,3
I-004806,O-01622,Laptop Pro,Electronics,1200,3
I-004807,O-01622,Standing Desk,Furniture,600,2
I-004808,O-01622,Mechanical Keyboard,Accessories,130,3
I-004809,O-01622,Standing Desk,Furniture,600,1
I-004810,O-01623,Wireless Mouse,Accessories,50,1
I-004811,O-01624,Office Chair,Furniture,250,2
I-004812,O-01624,Mechanical Keyboard,Accessories,130,3
I-004813,O-01625,4K Monitor,Electronics,400,2
I-004814,O-01626,Webcam 1080p,Accessories,80,3
I-004815,O-01626,Wireless Mouse,Accessories,50,3
I-004816,O-01626,Wireless Mouse,Accessories,50,2
I-004817,O-01626,Mechanical Keyboard,Accessories,130,2
I-004818,O-01626,Webcam 1080p,Accessories,80,3
I-004819,O-01627,Mechanical Keyboard,Accessories,130,3
I-004820,O-01627,Wireless Mouse,Accessories,50,2
I-004821,O-01627,Wireless Mouse,Accessories,50,2
I-004822,O-01628,Office Chair,Furniture,250,1
I-004823,O-01628,Office Chair,Furniture,250,3
I-004824,O-01629,Mechanical Keyboard,Accessories,130,3
I-004825,O-01629,Mechanical Keyboard,Accessories,130,3
I-004826,O-01629,Webcam 1080p,Accessories,80,2
I-004827,O-01630,Wireless Mouse,Accessories,50,1
I-004828,O-01630,Laptop Pro,Electronics,1200,3
I-004829,O-01631,Wireless Mouse,Accessories,50,3
I-004830,O-01631,4K Monitor,Electronics,400,2
I-004831,O-01632,Noise Cancelling Headphones,Electronics,300,2
I-004832,O-01632,Noise Cancelling Headphones,Electronics,300,2
I-004833,O-01633,4K Monitor,Electronics,400,1
I-004834,O-01634,Webcam 1080p,Accessories,80,1
I-004835,O-01634,Noise Cancelling Headphones,Electronics,300,2
I-004836,O-01634,Wireless Mouse,Accessories,50,1
I-004837,O-01634,Laptop Pro,Electronics,1200,2
I-004838,O-01634,Laptop Pro,Electronics,1200,3
I-004839,O-01635,Standing Desk,Furniture,600,2
I-004840,O-01635,Mechanical Keyboard,Accessories,130,2
I-004841,O-01635,Monitor Stand,Accessories,75,3
I-004842,O-01635,Standing Desk,Furniture,600,3
I-004843,O-01636,Noise Cancelling Headphones,Electronics,300,1
I-004844,O-01636,Standing Desk,Furniture,600,3
I-004845,O-01636,Webcam 1080p,Accessories,80,1
I-004846,O-01637,Noise Cancelling Headphones,Electronics,300,3
I-004847,O-01638,Noise Cancelling Headphones,Electronics,300,2
I-004848,O-01639,Office Chair,Furniture,250,2
I-004849,O-01640,Webcam 1080p,Accessories,80,3
I-004850,O-01640,Laptop Pro,Electronics,1200,2
I-004851,O-01640,Monitor Stand,Accessories,75,1
I-004852,O-01640,4K Monitor,Electronics,400,2
I-004853,O-01640,Webcam 1080p,Accessories,80,2
I-004854,O-01641,Office Chair,Furniture,250,1
I-004855,O-01642,Office Chair,Furniture,250,2
I-004856,O-01643,Webcam 1080p,Accessories,80,3
I-004857,O-01643,Noise Cancelling Headphones,Electronics,300,3
I-004858,O-01643,Noise Cancelling Headphones,Electronics,300,3
I-004859,O-01643,Wireless Mouse,Accessories,50,1
I-004860,O-01644,Wireless Mouse,Accessories,50,3
I-004861,O-01644,Wireless Mouse,Accessories,50,3
I-004862,O-01644,Standing Desk,Furniture,600,3
I-004863,O-01644,Mechanical Keyboard,Accessories,130,2
I-004864,O-01645,Laptop Pro,Electronics,1200,3
I-004865,O-01645,4K Monitor,Electronics,400,1
I-004866,O-01645,Laptop Pro,Electronics,1200,1
I-004867,O-01646,Monitor Stand,Accessories,75,2
I-004868,O-01647,Laptop Pro,Electronics,1200,2
I-004869,O-01648,Monitor Stand,Accessories,75,1
I-004870,O-01648,Webcam 1080p,Accessories,80,2
I-004871,O-01648,4K Monitor,Electronics,400,3
I-004872,O-01648,Laptop Pro,Electronics,1200,2
I-004873,O-01649,Wireless Mouse,Accessories,50,1
I-004874,O-01649,Office Chair,Furniture,250,1
I-004875,O-01649,Standing Desk,Furniture,600,3
I-004876,O-01649,Webcam 1080p,Accessories,80,2
I-004877,O-01650,Webcam 1080p,Accessories,80,1
I-004878,O-01651,Noise Cancelling Headphones,Electronics,300,3
I-004879,O-01651,Monitor Stand,Accessories,75,1
I-004880,O-01651,Webcam 1080p,Accessories,80,2
I-004881,O-01651,Mechanical Keyboard,Accessories,130,2
I-004882,O-01651,Office Chair,Furniture,250,1
I-004883,O-01652,Monitor Stand,Accessories,75,3
I-004884,O-01652,Noise Cancelling Headphones,Electronics,300,3
I-004885,O-01652,Mechanical Keyboard,Accessories,130,3
I-004886,O-01652,Monitor Stand,Accessories,75,1
I-004887,O-01652,Webcam 1080p,Accessories,80,2
I-004888,O-01653,Monitor Stand,Accessories,75,2
I-004889,O-01653,4K Monitor,Electronics,400,2
I-004890,O-01653,Monitor Stand,Accessories,75,1
I-004891,O-01654,Standing Desk,Furniture,600,2
I-004892,O-01654,Monitor Stand,Accessories,75,1
I-004893,O-01654,Webcam 1080p,Accessories,80,2
I-004894,O-01654,Laptop Pro,Electronics,1200,2
I-004895,O-01655,Mechanical Keyboard,Accessories,130,2
I-004896,O-01655,Mechanical Keyboard,Accessories,130,3
I-004897,O-01655,Standing Desk,Furniture,600,3
I-004898,O-01655,Webcam 1080p,Accessories,80,1
I-004899,O-01656,Monitor Stand,Accessories,75,1
I-004900,O-01656,4K Monitor,Electronics,400,3
I-004901,O-01656,Standing Desk,Furniture,600,2
I-004902,O-01656,Noise Cancelling Headphones,Electronics,300,1
I-004903,O-01656,4K Monitor,Electronics,400,2
I-004904,O-01657,Webcam 1080p,Accessories,80,3
I-004905,O-01658,Mechanical Keyboard,Accessories,130,3
I-004906,O-01659,Office Chair,Furniture,250,3
I-004907,O-01660,Standing Desk,Furniture,600,2
I-004908,O-01660,Standing Desk,Furniture,600,2
I-004909,O-01661,Office Chair,Furniture,250,2
I-004910,O-01662,Webcam 1080p,Accessories,80,2
I-004911,O-01662,Mechanical Keyboard,Accessories,130,3
I-004912,O-01662,Noise Cancelling Headphones,Electronics,300,1
I-004913,O-01662,Wireless Mouse,Accessories,50,1
I-004914,O-01662,Monitor Stand,Accessories,75,3
I-004915,O-01663,Wireless Mouse,Accessories,50,3
I-004916,O-01663,Standing Desk,Furniture,600,1
I-004917,O-01663,Standing Desk,Furniture,600,2
I-004918,O-01663,Standing Desk,Furniture,600,1
I-004919,O-01664,Standing Desk,Furniture,600,2
I-004920,O-01665,Standing Desk,Furniture,600,1
I-004921,O-01665,Office Chair,Furniture,250,3
I-004922,O-01666,Webcam 1080p,Accessories,80,1
I-004923,O-01667,Laptop Pro,Electronics,1200,2
I-004924,O-01668,Wireless Mouse,Accessories,50,3
I-004925,O-01669,Laptop Pro,Electronics,1200,2
I-004926,O-01670,Monitor Stand,Accessories,75,2
I-004927,O-01671,Laptop Pro,Electronics,1200,2
I-004928,O-01671,4K Monitor,Electronics,400,2
I-004929,O-01671,Monitor Stand,Accessories,75,3
I-004930,O-01671,Monitor Stand,Accessories,75,3
I-004931,O-01672,4K Monitor,Electronics,400,2
I-004932,O-01672,4K Monitor,Electronics,400,2
I-004933,O-01672,Standing Desk,Furniture,600,2
I-004934,O-01672,Webcam 1080p,Accessories,80,1
I-004935,O-01673,Standing Desk,Furniture,600,3
I-004936,O-01673,Noise Cancelling Headphones,Electronics,300,1
I-004937,O-01673,Monitor Stand,Accessories,75,2
I-004938,O-01674,4K Monitor,Electronics,400,1
I-004939,O-01674,Monitor Stand,Accessories,75,2
I-004940,O-01674,Webcam 1080p,Accessories,80,1
I-004941,O-01674,Mechanical Keyboard,Accessories,130,2
I-004942,O-01674,Laptop Pro,Electronics,1200,2
I-004943,O-01675,Laptop Pro,Electronics,1200,2
I-004944,O-01675,Office Chair,Furniture,250,3
I-004945,O-01675,Noise Cancelling Headphones,Electronics,300,2
I-004946,O-01675,4K Monitor,Electronics,400,1
I-004947,O-01675,Laptop Pro,Electronics,1200,3
I-004948,O-01676,Laptop Pro,Electronics,1200,1
I-004949,O-01676,Office Chair,Furniture,250,3
I-004950,O-01676,Standing Desk,Furniture,600,2
I-004951,O-01676,Noise Cancelling Headphones,Electronics,300,1
I-004952,O-01677,Standing Desk,Furniture,600,3
I-004953,O-01678,Webcam 1080p,Accessories,80,2
I-004954,O-01679,Mechanical Keyboard,Accessories,130,2
I-004955,O-01680,Standing Desk,Furniture,600,3
I-004956,O-01680,Monitor Stand,Accessories,75,3
I-004957,O-01680,Webcam 1080p,Accessories,80,1
I-004958,O-01681,4K Monitor,Electronics,400,2
I-004959,O-01681,Standing Desk,Furniture,600,2
I-004960,O-01681,Mechanical Keyboard,Accessories,130,1
I-004961,O-01682,Office Chair,Furniture,250,2
I-004962,O-01683,Laptop Pro,Electronics,1200,2
I-004963,O-01683,Wireless Mouse,Accessories,50,1
I-004964,O-01683,Noise Cancelling Headphones,Electronics,300,1
I-004965,O-01683,Wireless Mouse,Accessories,50,2
I-004966,O-01684,Standing Desk,Furniture,600,1
I-004967,O-01684,Laptop Pro,Electronics,1200,1
I-004968,O-01685,Noise Cancelling Headphones,Electronics,300,3
I-004969,O-01685,4K Monitor,Electronics,400,2
I-004970,O-01685,Mechanical Keyboard,Accessories,130,3
I-004971,O-01686,Laptop Pro,Electronics,1200,1
I-004972,O-01687,Standing Desk,Furniture,600,3
I-004973,O-01687,Webcam 1080p,Accessories,80,1
I-004974,O-01688,Mechanical Keyboard,Accessories,130,3
I-004975,O-01688,Noise Cancelling Headphones,Electronics,300,2
I-004976,O-01688,Monitor Stand,Accessories,75,3
I-004977,O-01688,Standing Desk,Furniture,600,3
I-004978,O-01689,Monitor Stand,Accessories,75,1
I-004979,O-01690,Monitor Stand,Accessories,75,1
I-004980,O-01690,Standing Desk,Furniture,600,2
I-004981,O-01690,Laptop Pro,Electronics,1200,3
I-004982,O-01691,Mechanical Keyboard,Accessories,130,1
I-004983,O-01691,Mechanical Keyboard,Accessories,130,1
I-004984,O-01691,Office Chair,Furniture,250,1
I-004985,O-01692,Laptop Pro,Electronics,1200,1
I-004986,O-01692,Wireless Mouse,Accessories,50,2
I-004987,O-01693,Monitor Stand,Accessories,75,2
I-004988,O-01693,Office Chair,Furniture,250,1
I-004989,O-01693,Laptop Pro,Electronics,1200,3
I-004990,O-01693,Noise Cancelling Headphones,Electronics,300,1
I-004991,O-01693,Wireless Mouse,Accessories,50,1
I-004992,O-01694,Wireless Mouse,Accessories,50,3
I-004993,O-01694,Wireless Mouse,Accessories,50,2
I-004994,O-01695,Monitor Stand,Accessories,75,3
I-004995,O-01696,Wireless Mouse,Accessories,50,3
I-004996,O-01697,4K Monitor,Electronics,400,1
I-004997,O-01697,Laptop Pro,Electronics,1200,2
I-004998,O-01697,Noise Cancelling Headphones,Electronics,300,1
I-004999,O-01698,Noise Cancelling Headphones,Electronics,300,1
I-005000,O-01698,Wireless Mouse,Accessories,50,1
I-005001,O-01698,Mechanical Keyboard,Accessories,130,2
I-005002,O-01698,Mechanical Keyboard,Accessories,130,3
I-005003,O-01699,Noise Cancelling Headphones,Electronics,300,1
I-005004,O-01699,Laptop Pro,Electronics,1200,2
I-005005,O-01699,Standing Desk,Furniture,600,3
I-005006,O-01699,Noise Cancelling Headphones,Electronics,300,1
I-005007,O-01699,Wireless Mouse,Accessories,50,3
I-005008,O-01700,Office Chair,Furniture,250,3
I-005009,O-01700,Standing Desk,Furniture,600,2
I-005010,O-01701,Noise Cancelling Headphones,Electronics,300,2
I-005011,O-01701,Monitor Stand,Accessories,75,1
I-005012,O-01702,Noise Cancelling Headphones,Electronics,300,2
I-005013,O-01702,Laptop Pro,Electronics,1200,2
I-005014,O-01702,Standing Desk,Furniture,600,2
I-005015,O-01703,Noise Cancelling Headphones,Electronics,300,3
I-005016,O-01703,Office Chair,Furniture,250,2
I-005017,O-01703,Webcam 1080p,Accessories,80,3
I-005018,O-01703,Mechanical Keyboard,Accessories,130,3
I-005019,O-01703,Webcam 1080p,Accessories,80,1
I-005020,O-01704,4K Monitor,Electronics,400,1
I-005021,O-01704,Office Chair,Furniture,250,2
I-005022,O-01705,Laptop Pro,Electronics,1200,3
I-005023,O-01705,Laptop Pro,Electronics,1200,1
I-005024,O-01705,Laptop Pro,Electronics,1200,2
I-005025,O-01705,Webcam 1080p,Accessories,80,2
I-005026,O-01705,Wireless Mouse,Accessories,50,2
I-005027,O-01706,Mechanical Keyboard,Accessories,130,2
I-005028,O-01706,Noise Cancelling Headphones,Electronics,300,3
I-005029,O-01706,Webcam 1080p,Accessories,80,3
I-005030,O-01707,Webcam 1080p,Accessories,80,2
I-005031,O-01707,Noise Cancelling Headphones,Electronics,300,2
I-005032,O-01707,Mechanical Keyboard,Accessories,130,3
I-005033,O-01708,Standing Desk,Furniture,600,2
I-005034,O-01708,Webcam 1080p,Accessories,80,2
I-005035,O-01708,4K Monitor,Electronics,400,1
I-005036,O-01708,4K Monitor,Electronics,400,3
I-005037,O-01708,4K Monitor,Electronics,400,2
I-005038,O-01709,Mechanical Keyboard,Accessories,130,3
I-005039,O-01709,4K Monitor,Electronics,400,2
I-005040,O-01709,Laptop Pro,Electronics,1200,2
I-005041,O-01710,4K Monitor,Electronics,400,2
I-005042,O-01710,Office Chair,Furniture,250,1
I-005043,O-01710,Webcam 1080p,Accessories,80,3
I-005044,O-01711,Monitor Stand,Accessories,75,2
I-005045,O-01711,Office Chair,Furniture,250,3
I-005046,O-01712,Office Chair,Furniture,250,3
I-005047,O-01712,4K Monitor,Electronics,400,1
I-005048,O-01712,Standing Desk,Furniture,600,3
I-005049,O-01712,Wireless Mouse,Accessories,50,2
I-005050,O-01713,Standing Desk,Furniture,600,3
I-005051,O-01713,Monitor Stand,Accessories,75,3
I-005052,O-01714,Wireless Mouse,Accessories,50,1
I-005053,O-01714,Mechanical Keyboard,Accessories,130,3
I-005054,O-01714,Mechanical Keyboard,Accessories,130,3
I-005055,O-01715,4K Monitor,Electronics,400,2
I-005056,O-01715,Wireless Mouse,Accessories,50,1
I-005057,O-01715,Noise Cancelling Headphones,Electronics,300,3
I-005058,O-01716,Monitor Stand,Accessories,75,2
I-005059,O-01716,Monitor Stand,Accessories,75,3
I-005060,O-01716,Standing Desk,Furniture,600,2
I-005061,O-01716,Webcam 1080p,Accessories,80,1
I-005062,O-01717,4K Monitor,Electronics,400,3
I-005063,O-01717,Office Chair,Furniture,250,2
I-005064,O-01717,Webcam 1080p,Accessories,80,1
I-005065,O-01718,Wireless Mouse,Accessories,50,2
I-005066,O-01719,Mechanical Keyboard,Accessories,130,3
I-005067,O-01719,Webcam 1080p,Accessories,80,2
I-005068,O-01719,4K Monitor,Electronics,400,1
I-005069,O-01719,Office Chair,Furniture,250,2
I-005070,O-01720,Webcam 1080p,Accessories,80,3
I-005071,O-01721,4K Monitor,Electronics,400,1
I-005072,O-01721,Mechanical Keyboard,Accessories,130,1
I-005073,O-01721,Monitor Stand,Accessories,75,2
I-005074,O-01721,Wireless Mouse,Accessories,50,1
I-005075,O-01722,Noise Cancelling Headphones,Electronics,300,2
I-005076,O-01723,Mechanical Keyboard,Accessories,130,2
I-005077,O-01724,Noise Cancelling Headphones,Electronics,300,3
I-005078,O-01724,Webcam 1080p,Accessories,80,2
I-005079,O-01725,Laptop Pro,Electronics,1200,1
I-005080,O-01725,4K Monitor,Electronics,400,1
I-005081,O-01726,Monitor Stand,Accessories,75,3
I-005082,O-01727,Office Chair,Furniture,250,3
I-005083,O-01727,Office Chair,Furniture,250,3
I-005084,O-01727,Wireless Mouse,Accessories,50,2
I-005085,O-01728,Monitor Stand,Accessories,75,1
I-005086,O-01728,Office Chair,Furniture,250,2
I-005087,O-01728,Laptop Pro,Electronics,1200,1
I-005088,O-01728,4K Monitor,Electronics,400,3
I-005089,O-01728,Standing Desk,Furniture,600,3
I-005090,O-01729,Webcam 1080p,Accessories,80,1
I-005091,O-01730,Standing Desk,Furniture,600,2
I-005092,O-01730,Webcam 1080p,Accessories,80,1
I-005093,O-01730,Office Chair,Furniture,250,1
I-005094,O-01730,Mechanical Keyboard,Accessories,130,2
I-005095,O-01730,Laptop Pro,Electronics,1200,3
I-005096,O-01731,Webcam 1080p,Accessories,80,2
I-005097,O-01731,Webcam 1080p,Accessories,80,1
I-005098,O-01732,Office Chair,Furniture,250,2
I-005099,O-01733,4K Monitor,Electronics,400,1
I-005100,O-01733,4K Monitor,Electronics,400,1
I-005101,O-01733,Monitor Stand,Accessories,75,2
I-005102,O-01733,Wireless Mouse,Accessories,50,3
I-005103,O-01734,Monitor Stand,Accessories,75,2
I-005104,O-01734,Standing Desk,Furniture,600,1
I-005105,O-01734,Monitor Stand,Accessories,75,3
I-005106,O-01734,4K Monitor,Electronics,400,2
I-005107,O-01735,Noise Cancelling Headphones,Electronics,300,3
I-005108,O-01735,Mechanical Keyboard,Accessories,130,2
I-005109,O-01736,Laptop Pro,Electronics,1200,2
I-005110,O-01736,Mechanical Keyboard,Accessories,130,3
I-005111,O-01736,Monitor Stand,Accessories,75,1
I-005112,O-01737,Wireless Mouse,Accessories,50,3
I-005113,O-01737,Laptop Pro,Electronics,1200,2
I-005114,O-01737,Noise Cancelling Headphones,Electronics,300,1
I-005115,O-01738,Wireless Mouse,Accessories,50,2
I-005116,O-01738,Office Chair,Furniture,250,1
I-005117,O-01738,Monitor Stand,Accessories,75,2
I-005118,O-01738,Office Chair,Furniture,250,3
I-005119,O-01739,Webcam 1080p,Accessories,80,1
I-005120,O-01739,Standing Desk,Furniture,600,2
I-005121,O-01739,4K Monitor,Electronics,400,3
I-005122,O-01739,4K Monitor,Electronics,400,1
I-005123,O-01740,4K Monitor,Electronics,400,2
I-005124,O-01740,Monitor Stand,Accessories,75,2
I-005125,O-01740,Laptop Pro,Electronics,1200,1
I-005126,O-01740,Monitor Stand,Accessories,75,2
I-005127,O-01741,Monitor Stand,Accessories,75,2
I-005128,O-01741,Office Chair,Furniture,250,2
I-005129,O-01741,Webcam 1080p,Accessories,80,1
I-005130,O-01742,Wireless Mouse,Accessories,50,3
I-005131,O-01742,4K Monitor,Electronics,400,3
I-005132,O-01743,Noise Cancelling Headphones,Electronics,300,1
I-005133,O-01743,Noise Cancelling Headphones,Electronics,300,3
I-005134,O-01743,Webcam 1080p,Accessories,80,1
I-005135,O-01743,Monitor Stand,Accessories,75,1
I-005136,O-01743,Standing Desk,Furniture,600,3
I-005137,O-01744,Laptop Pro,Electronics,1200,2
I-005138,O-01744,Laptop Pro,Electronics,1200,2
I-005139,O-01744,Webcam 1080p,Accessories,80,1
I-005140,O-01744,Mechanical Keyboard,Accessories,130,1
I-005141,O-01744,Office Chair,Furniture,250,2
I-005142,O-01745,Wireless Mouse,Accessories,50,3
I-005143,O-01745,Laptop Pro,Electronics,1200,1
I-005144,O-01745,Noise Cancelling Headphones,Electronics,300,3
I-005145,O-01746,Office Chair,Furniture,250,2
I-005146,O-01746,Mechanical Keyboard,Accessories,130,1
I-005147,O-01747,Laptop Pro,Electronics,1200,3
I-005148,O-01747,Webcam 1080p,Accessories,80,3
I-005149,O-01748,Laptop Pro,Electronics,1200,1
I-005150,O-01749,Noise Cancelling Headphones,Electronics,300,2
I-005151,O-01749,Wireless Mouse,Accessories,50,3
I-005152,O-01749,Wireless Mouse,Accessories,50,2
I-005153,O-01750,Wireless Mouse,Accessories,50,1
I-005154,O-01750,Webcam 1080p,Accessories,80,1
I-005155,O-01751,Noise Cancelling Headphones,Electronics,300,1
I-005156,O-01751,Standing Desk,Furniture,600,3
I-005157,O-01751,Mechanical Keyboard,Accessories,130,3
I-005158,O-01752,Monitor Stand,Accessories,75,1
I-005159,O-01753,Mechanical Keyboard,Accessories,130,1
I-005160,O-01754,Noise Cancelling Headphones,Electronics,300,3
I-005161,O-01754,Noise Cancelling Headphones,Electronics,300,2
I-005162,O-01755,Office Chair,Furniture,250,3
I-005163,O-01755,Wireless Mouse,Accessories,50,3
I-005164,O-01755,Laptop Pro,Electronics,1200,1
I-005165,O-01755,Office Chair,Furniture,250,1
I-005166,O-01756,Wireless Mouse,Accessories,50,2
I-005167,O-01756,Office Chair,Furniture,250,3
I-005168,O-01756,Mechanical Keyboard,Accessories,130,3
I-005169,O-01756,Mechanical Keyboard,Accessories,130,3
I-005170,O-01757,Noise Cancelling Headphones,Electronics,300,3
I-005171,O-01757,Mechanical Keyboard,Accessories,130,3
I-005172,O-01757,4K Monitor,Electronics,400,3
I-005173,O-01757,Mechanical Keyboard,Accessories,130,3
I-005174,O-01758,Standing Desk,Furniture,600,2
I-005175,O-01758,Mechanical Keyboard,Accessories,130,1
I-005176,O-01758,Monitor Stand,Accessories,75,1
I-005177,O-01758,Mechanical Keyboard,Accessories,130,1
I-005178,O-01759,4K Monitor,Electronics,400,2
I-005179,O-01760,Wireless Mouse,Accessories,50,2
I-005180,O-01760,Webcam 1080p,Accessories,80,2
I-005181,O-01760,Monitor Stand,Accessories,75,1
I-005182,O-01761,Mechanical Keyboard,Accessories,130,3
I-005183,O-01761,Standing Desk,Furniture,600,1
I-005184,O-01761,Wireless Mouse,Accessories,50,2
I-005185,O-01762,Noise Cancelling Headphones,Electronics,300,1
I-005186,O-01762,Standing Desk,Furniture,600,1
I-005187,O-01762,4K Monitor,Electronics,400,2
I-005188,O-01762,Office Chair,Furniture,250,2
I-005189,O-01762,Office Chair,Furniture,250,2
I-005190,O-01763,Mechanical Keyboard,Accessories,130,2
I-005191,O-01763,Mechanical Keyboard,Accessories,130,1
I-005192,O-01763,Noise Cancelling Headphones,Electronics,300,1
I-005193,O-01763,Mechanical Keyboard,Accessories,130,1
I-005194,O-01764,Office Chair,Furniture,250,1
I-005195,O-01765,Mechanical Keyboard,Accessories,130,2
I-005196,O-01765,Monitor Stand,Accessories,75,1
I-005197,O-01765,4K Monitor,Electronics,400,3
I-005198,O-01766,Monitor Stand,Accessories,75,2
I-005199,O-01766,Mechanical Keyboard,Accessories,130,1
I-005200,O-01766,Mechanical Keyboard,Accessories,130,2
I-005201,O-01767,Wireless Mouse,Accessories,50,1
I-005202,O-01767,Webcam 1080p,Accessories,80,1
I-005203,O-01767,Wireless Mouse,Accessories,50,3
I-005204,O-01768,Office Chair,Furniture,250,2
I-005205,O-01768,Laptop Pro,Electronics,1200,2
I-005206,O-01768,Wireless Mouse,Accessories,50,3
I-005207,O-01768,Mechanical Keyboard,Accessories,130,2
I-005208,O-01768,Laptop Pro,Electronics,1200,2
I-005209,O-01769,Office Chair,Furniture,250,2
I-005210,O-01769,Monitor Stand,Accessories,75,2
I-005211,O-01769,Noise Cancelling Headphones,Electronics,300,3
I-005212,O-01769,4K Monitor,Electronics,400,1
I-005213,O-01769,Noise Cancelling Headphones,Electronics,300,3
I-005214,O-01770,Standing Desk,Furniture,600,2
I-005215,O-01770,4K Monitor,Electronics,400,2
I-005216,O-01770,Laptop Pro,Electronics,1200,3
I-005217,O-01770,Webcam 1080p,Accessories,80,3
I-005218,O-01770,Webcam 1080p,Accessories,80,2
I-005219,O-01771,Wireless Mouse,Accessories,50,3
I-005220,O-01771,Standing Desk,Furniture,600,2
I-005221,O-01771,Wireless Mouse,Accessories,50,2
I-005222,O-01772,Wireless Mouse,Accessories,50,2
I-005223,O-01772,Laptop Pro,Electronics,1200,3
I-005224,O-01772,Laptop Pro,Electronics,1200,1
I-005225,O-01772,Wireless Mouse,Accessories,50,2
I-005226,O-01773,Monitor Stand,Accessories,75,1
I-005227,O-01773,4K Monitor,Electronics,400,1
I-005228,O-01774,Wireless Mouse,Accessories,50,1
I-005229,O-01775,Standing Desk,Furniture,600,1
I-005230,O-01775,Noise Cancelling Headphones,Electronics,300,3
I-005231,O-01775,Wireless Mouse,Accessories,50,2
I-005232,O-01776,Laptop Pro,Electronics,1200,2
I-005233,O-01777,4K Monitor,Electronics,400,2
I-005234,O-01777,Webcam 1080p,Accessories,80,3
I-005235,O-01777,Noise Cancelling Headphones,Electronics,300,3
I-005236,O-01778,Webcam 1080p,Accessories,80,3
I-005237,O-01778,Noise Cancelling Headphones,Electronics,300,3
I-005238,O-01778,Office Chair,Furniture,250,3
I-005239,O-01778,4K Monitor,Electronics,400,3
I-005240,O-01778,Mechanical Keyboard,Accessories,130,3
I-005241,O-01779,Noise Cancelling Headphones,Electronics,300,1
I-005242,O-01779,Noise Cancelling Headphones,Electronics,300,2
I-005243,O-01779,Office Chair,Furniture,250,2
I-005244,O-01780,Office Chair,Furniture,250,3
I-005245,O-01780,Mechanical Keyboard,Accessories,130,2
I-005246,O-01780,Mechanical Keyboard,Accessories,130,1
I-005247,O-01781,Office Chair,Furniture,250,1
I-005248,O-01781,Noise Cancelling Headphones,Electronics,300,1
I-005249,O-01781,Laptop Pro,Electronics,1200,2
I-005250,O-01781,Wireless Mouse,Accessories,50,1
I-005251,O-01781,Office Chair,Furniture,250,1
I-005252,O-01782,Mechanical Keyboard,Accessories,130,1
I-005253,O-01782,Monitor Stand,Accessories,75,1
I-005254,O-01782,Monitor Stand,Accessories,75,3
I-005255,O-01782,4K Monitor,Electronics,400,2
I-005256,O-01782,Office Chair,Furniture,250,3
I-005257,O-01783,Standing Desk,Furniture,600,1
I-005258,O-01784,Monitor Stand,Accessories,75,2
I-005259,O-01784,Monitor Stand,Accessories,75,2
I-005260,O-01784,Monitor Stand,Accessories,75,1
I-005261,O-01784,Webcam 1080p,Accessories,80,2
I-005262,O-01785,Mechanical Keyboard,Accessories,130,2
I-005263,O-01785,Webcam 1080p,Accessories,80,3
I-005264,O-01786,Monitor Stand,Accessories,75,2
I-005265,O-01786,Noise Cancelling Headphones,Electronics,300,1
I-005266,O-01787,Noise Cancelling Headphones,Electronics,300,1
I-005267,O-01787,Monitor Stand,Accessories,75,1
I-005268,O-01787,4K Monitor,Electronics,400,1
I-005269,O-01787,4K Monitor,Electronics,400,3
I-005270,O-01787,Noise Cancelling Headphones,Electronics,300,1
I-005271,O-01788,Mechanical Keyboard,Accessories,130,1
I-005272,O-01788,Mechanical Keyboard,Accessories,130,3
I-005273,O-01789,Webcam 1080p,Accessories,80,1
I-005274,O-01789,Laptop Pro,Electronics,1200,1
I-005275,O-01790,Office Chair,Furniture,250,3
I-005276,O-01790,Noise Cancelling Headphones,Electronics,300,3
I-005277,O-01791,4K Monitor,Electronics,400,2
I-005278,O-01791,Laptop Pro,Electronics,1200,2
I-005279,O-01791,Wireless Mouse,Accessories,50,1
I-005280,O-01792,Webcam 1080p,Accessories,80,1
I-005281,O-01793,4K Monitor,Electronics,400,1
I-005282,O-01794,Webcam 1080p,Accessories,80,2
I-005283,O-01794,Noise Cancelling Headphones,Electronics,300,1
I-005284,O-01795,4K Monitor,Electronics,400,3
I-005285,O-01795,4K Monitor,Electronics,400,2
I-005286,O-01795,Mechanical Keyboard,Accessories,130,1
I-005287,O-01796,Mechanical Keyboard,Accessories,130,2
I-005288,O-01797,4K Monitor,Electronics,400,1
I-005289,O-01797,Standing Desk,Furniture,600,2
I-005290,O-01798,Office Chair,Furniture,250,2
I-005291,O-01798,Office Chair,Furniture,250,2
I-005292,O-01798,Monitor Stand,Accessories,75,2
I-005293,O-01798,Monitor Stand,Accessories,75,3
I-005294,O-01798,Wireless Mouse,Accessories,50,2
I-005295,O-01799,4K Monitor,Electronics,400,1
I-005296,O-01799,Noise Cancelling Headphones,Electronics,300,2
I-005297,O-01799,Monitor Stand,Accessories,75,3
I-005298,O-01800,Wireless Mouse,Accessories,50,1
I-005299,O-01800,Mechanical Keyboard,Accessories,130,1
I-005300,O-01800,Standing Desk,Furniture,600,1
I-005301,O-01801,Noise Cancelling Headphones,Electronics,300,2
I-005302,O-01801,Wireless Mouse,Accessories,50,2
I-005303,O-01801,Webcam 1080p,Accessories,80,3
I-005304,O-01801,Wireless Mouse,Accessories,50,2
I-005305,O-01801,Standing Desk,Furniture,600,3
I-005306,O-01802,Standing Desk,Furniture,600,1
I-005307,O-01802,Monitor Stand,Accessories,75,3
I-005308,O-01803,Standing Desk,Furniture,600,2
I-005309,O-01803,Office Chair,Furniture,250,1
I-005310,O-01803,Standing Desk,Furniture,600,2
I-005311,O-01803,Webcam 1080p,Accessories,80,1
I-005312,O-01803,4K Monitor,Electronics,400,2
I-005313,O-01804,Laptop Pro,Electronics,1200,2
I-005314,O-01805,Wireless Mouse,Accessories,50,3
I-005315,O-01805,Mechanical Keyboard,Accessories,130,2
I-005316,O-01805,4K Monitor,Electronics,400,2
I-005317,O-01805,Monitor Stand,Accessories,75,1
I-005318,O-01806,Standing Desk,Furniture,600,3
I-005319,O-01806,Standing Desk,Furniture,600,3
I-005320,O-01806,4K Monitor,Electronics,400,1
I-005321,O-01807,Noise Cancelling Headphones,Electronics,300,1
I-005322,O-01808,Monitor Stand,Accessories,75,1
I-005323,O-01808,Mechanical Keyboard,Accessories,130,1
I-005324,O-01808,Webcam 1080p,Accessories,80,1
I-005325,O-01809,Mechanical Keyboard,Accessories,130,2
I-005326,O-01809,Mechanical Keyboard,Accessories,130,1
I-005327,O-01810,Monitor Stand,Accessories,75,3
I-005328,O-01810,Standing Desk,Furniture,600,2
I-005329,O-01811,Noise Cancelling Headphones,Electronics,300,2
I-005330,O-01811,Monitor Stand,Accessories,75,3
I-005331,O-01811,Laptop Pro,Electronics,1200,1
I-005332,O-01812,Wireless Mouse,Accessories,50,3
I-005333,O-01812,Standing Desk,Furniture,600,3
I-005334,O-01813,Office Chair,Furniture,250,1
I-005335,O-01813,Monitor Stand,Accessories,75,2
I-005336,O-01813,Mechanical Keyboard,Accessories,130,3
I-005337,O-01813,4K Monitor,Electronics,400,1
I-005338,O-01813,Webcam 1080p,Accessories,80,2
I-005339,O-01814,Mechanical Keyboard,Accessories,130,2
I-005340,O-01814,Mechanical Keyboard,Accessories,130,3
I-005341,O-01814,Standing Desk,Furniture,600,3
I-005342,O-01814,Laptop Pro,Electronics,1200,1
I-005343,O-01814,Office Chair,Furniture,250,2
I-005344,O-01815,Webcam 1080p,Accessories,80,2
I-005345,O-01815,Webcam 1080p,Accessories,80,3
I-005346,O-01815,4K Monitor,Electronics,400,1
I-005347,O-01815,Office Chair,Furniture,250,2
I-005348,O-01816,Office Chair,Furniture,250,1
I-005349,O-01816,4K Monitor,Electronics,400,3
I-005350,O-01816,Laptop Pro,Electronics,1200,3
I-005351,O-01817,Monitor Stand,Accessories,75,1
I-005352,O-01817,Laptop Pro,Electronics,1200,2
I-005353,O-01817,Office Chair,Furniture,250,1
I-005354,O-01818,Laptop Pro,Electronics,1200,3
I-005355,O-01818,Laptop Pro,Electronics,1200,3
I-005356,O-01818,Laptop Pro,Electronics,1200,2
I-005357,O-01818,Noise Cancelling Headphones,Electronics,300,1
I-005358,O-01819,Noise Cancelling Headphones,Electronics,300,3
I-005359,O-01819,Standing Desk,Furniture,600,1
I-005360,O-01819,Standing Desk,Furniture,600,2
I-005361,O-01819,Noise Cancelling Headphones,Electronics,300,3
I-005362,O-01819,Standing Desk,Furniture,600,1
I-005363,O-01820,4K Monitor,Electronics,400,3
I-005364,O-01820,Office Chair,Furniture,250,3
I-005365,O-01820,Wireless Mouse,Accessories,50,2
I-005366,O-01820,Office Chair,Furniture,250,1
I-005367,O-01820,Webcam 1080p,Accessories,80,3
I-005368,O-01821,Laptop Pro,Electronics,1200,2
I-005369,O-01821,Monitor Stand,Accessories,75,3
I-005370,O-01822,Webcam 1080p,Accessories,80,1
I-005371,O-01822,Laptop Pro,Electronics,1200,3
I-005372,O-01823,Wireless Mouse,Accessories,50,1
I-005373,O-01823,Office Chair,Furniture,250,2
I-005374,O-01823,Office Chair,Furniture,250,1
I-005375,O-01824,Monitor Stand,Accessories,75,2
I-005376,O-01824,Standing Desk,Furniture,600,2
I-005377,O-01825,Standing Desk,Furniture,600,1
I-005378,O-01825,4K Monitor,Electronics,400,1
I-005379,O-01825,Laptop Pro,Electronics,1200,1
I-005380,O-01825,Wireless Mouse,Accessories,50,2
I-005381,O-01825,Wireless Mouse,Accessories,50,1
I-005382,O-01826,Standing Desk,Furniture,600,2
I-005383,O-01827,Mechanical Keyboard,Accessories,130,3
I-005384,O-01828,Mechanical Keyboard,Accessories,130,2
I-005385,O-01828,Mechanical Keyboard,Accessories,130,1
I-005386,O-01828,4K Monitor,Electronics,400,2
I-005387,O-01828,Noise Cancelling Headphones,Electronics,300,1
I-005388,O-01829,Noise Cancelling Headphones,Electronics,300,3
I-005389,O-01829,Mechanical Keyboard,Accessories,130,1
I-005390,O-01829,Office Chair,Furniture,250,1
I-005391,O-01829,Laptop Pro,Electronics,1200,1
I-005392,O-01830,Monitor Stand,Accessories,75,3
I-005393,O-01830,Mechanical Keyboard,Accessories,130,3
I-005394,O-01831,Mechanical Keyboard,Accessories,130,3
I-005395,O-01831,Webcam 1080p,Accessories,80,2
I-005396,O-01832,Monitor Stand,Accessories,75,2
I-005397,O-01833,Laptop Pro,Electronics,1200,1
I-005398,O-01833,Mechanical Keyboard,Accessories,130,3
I-005399,O-01833,Noise Cancelling Headphones,Electronics,300,3
I-005400,O-01833,Wireless Mouse,Accessories,50,2
I-005401,O-01834,Standing Desk,Furniture,600,2
I-005402,O-01834,Laptop Pro,Electronics,1200,3
I-005403,O-01834,Webcam 1080p,Accessories,80,2
I-005404,O-01834,Office Chair,Furniture,250,2
I-005405,O-01834,4K Monitor,Electronics,400,2
I-005406,O-01835,Wireless Mouse,Accessories,50,1
I-005407,O-01835,Laptop Pro,Electronics,1200,3
I-005408,O-01835,Mechanical Keyboard,Accessories,130,2
I-005409,O-01836,Webcam 1080p,Accessories,80,2
I-005410,O-01837,Monitor Stand,Accessories,75,2
I-005411,O-01837,Noise Cancelling Headphones,Electronics,300,1
I-005412,O-01837,Webcam 1080p,Accessories,80,1
I-005413,O-01838,4K Monitor,Electronics,400,3
I-005414,O-01839,4K Monitor,Electronics,400,2
I-005415,O-01840,Mechanical Keyboard,Accessories,130,1
I-005416,O-01840,Mechanical Keyboard,Accessories,130,3
I-005417,O-01840,Standing Desk,Furniture,600,2
I-005418,O-01840,Wireless Mouse,Accessories,50,1
I-005419,O-01841,Mechanical Keyboard,Accessories,130,1
I-005420,O-01841,Monitor Stand,Accessories,75,1
I-005421,O-01841,Laptop Pro,Electronics,1200,2
I-005422,O-01842,Standing Desk,Furniture,600,1
I-005423,O-01842,Noise Cancelling Headphones,Electronics,300,2
I-005424,O-01843,Noise Cancelling Headphones,Electronics,300,2
I-005425,O-01843,Webcam 1080p,Accessories,80,1
I-005426,O-01843,Webcam 1080p,Accessories,80,2
I-005427,O-01844,Standing Desk,Furniture,600,2
I-005428,O-01844,Monitor Stand,Accessories,75,2
I-005429,O-01844,Laptop Pro,Electronics,1200,1
I-005430,O-01845,Noise Cancelling Headphones,Electronics,300,3
I-005431,O-01846,4K Monitor,Electronics,400,2
I-005432,O-01846,Laptop Pro,Electronics,1200,1
I-005433,O-01846,Wireless Mouse,Accessories,50,1
I-005434,O-01846,Webcam 1080p,Accessories,80,3
I-005435,O-01846,Standing Desk,Furniture,600,1
I-005436,O-01847,Noise Cancelling Headphones,Electronics,300,3
I-005437,O-01847,Office Chair,Furniture,250,1
I-005438,O-01847,Office Chair,Furniture,250,3
I-005439,O-01847,Noise Cancelling Headphones,Electronics,300,3
I-005440,O-01847,Mechanical Keyboard,Accessories,130,3
I-005441,O-01848,Office Chair,Furniture,250,1
I-005442,O-01848,Mechanical Keyboard,Accessories,130,2
I-005443,O-01848,Office Chair,Furniture,250,2
I-005444,O-01848,Webcam 1080p,Accessories,80,1
I-005445,O-01848,Standing Desk,Furniture,600,3
I-005446,O-01849,Office Chair,Furniture,250,3
I-005447,O-01849,Laptop Pro,Electronics,1200,1
I-005448,O-01849,Laptop Pro,Electronics,1200,1
I-005449,O-01850,Laptop Pro,Electronics,1200,1
I-005450,O-01850,Noise Cancelling Headphones,Electronics,300,3
I-005451,O-01850,Monitor Stand,Accessories,75,3
I-005452,O-01850,Laptop Pro,Electronics,1200,1
I-005453,O-01851,Monitor Stand,Accessories,75,1
I-005454,O-01852,Standing Desk,Furniture,600,1
I-005455,O-01852,Laptop Pro,Electronics,1200,1
I-005456,O-01852,Noise Cancelling Headphones,Electronics,300,3
I-005457,O-01852,Mechanical Keyboard,Accessories,130,3
I-005458,O-01852,Standing Desk,Furniture,600,3
I-005459,O-01853,Webcam 1080p,Accessories,80,3
I-005460,O-01853,Laptop Pro,Electronics,1200,2
I-005461,O-01854,Noise Cancelling Headphones,Electronics,300,1
I-005462,O-01854,Standing Desk,Furniture,600,3
I-005463,O-01854,Wireless Mouse,Accessories,50,3
I-005464,O-01854,Mechanical Keyboard,Accessories,130,2
I-005465,O-01854,Laptop Pro,Electronics,1200,1
I-005466,O-01855,Office Chair,Furniture,250,2
I-005467,O-01855,Wireless Mouse,Accessories,50,1
I-005468,O-01855,Webcam 1080p,Accessories,80,3
I-005469,O-01855,Monitor Stand,Accessories,75,1
I-005470,O-01855,4K Monitor,Electronics,400,3
I-005471,O-01856,Office Chair,Furniture,250,3
I-005472,O-01856,4K Monitor,Electronics,400,1
I-005473,O-01856,Laptop Pro,Electronics,1200,3
I-005474,O-01856,Wireless Mouse,Accessories,50,2
I-005475,O-01857,4K Monitor,Electronics,400,3
I-005476,O-01857,Noise Cancelling Headphones,Electronics,300,1
I-005477,O-01858,Wireless Mouse,Accessories,50,1
I-005478,O-01858,Laptop Pro,Electronics,1200,3
I-005479,O-01859,Standing Desk,Furniture,600,3
I-005480,O-01860,Wireless Mouse,Accessories,50,3
I-005481,O-01860,Wireless Mouse,Accessories,50,1
I-005482,O-01860,Webcam 1080p,Accessories,80,3
I-005483,O-01860,4K Monitor,Electronics,400,1
I-005484,O-01861,Monitor Stand,Accessories,75,2
I-005485,O-01862,Mechanical Keyboard,Accessories,130,3
I-005486,O-01862,Wireless Mouse,Accessories,50,1
I-005487,O-01863,Office Chair,Furniture,250,3
I-005488,O-01863,Monitor Stand,Accessories,75,2
I-005489,O-01863,4K Monitor,Electronics,400,2
I-005490,O-01864,Noise Cancelling Headphones,Electronics,300,2
I-005491,O-01864,Wireless Mouse,Accessories,50,2
I-005492,O-01865,Noise Cancelling Headphones,Electronics,300,3
I-005493,O-01865,Noise Cancelling Headphones,Electronics,300,1
I-005494,O-01866,Mechanical Keyboard,Accessories,130,2
I-005495,O-01866,Office Chair,Furniture,250,1
I-005496,O-01866,Laptop Pro,Electronics,1200,1
I-005497,O-01866,Laptop Pro,Electronics,1200,1
I-005498,O-01867,Mechanical Keyboard,Accessories,130,2
I-005499,O-01867,Wireless Mouse,Accessories,50,2
I-005500,O-01867,Laptop Pro,Electronics,1200,1
I-005501,O-01867,Office Chair,Furniture,250,2
I-005502,O-01868,Mechanical Keyboard,Accessories,130,3
I-005503,O-01869,4K Monitor,Electronics,400,2
I-005504,O-01870,4K Monitor,Electronics,400,2
I-005505,O-01870,Mechanical Keyboard,Accessories,130,2
I-005506,O-01870,Standing Desk,Furniture,600,2
I-005507,O-01871,Wireless Mouse,Accessories,50,1
I-005508,O-01871,Wireless Mouse,Accessories,50,1
I-005509,O-01871,Webcam 1080p,Accessories,80,3
I-005510,O-01872,Monitor Stand,Accessories,75,1
I-005511,O-01872,Webcam 1080p,Accessories,80,1
I-005512,O-01872,Mechanical Keyboard,Accessories,130,2
I-005513,O-01872,4K Monitor,Electronics,400,3
I-005514,O-01873,Mechanical Keyboard,Accessories,130,3
I-005515,O-01873,Standing Desk,Furniture,600,3
I-005516,O-01873,Office Chair,Furniture,250,2
I-005517,O-01874,Laptop Pro,Electronics,1200,2
I-005518,O-01874,4K Monitor,Electronics,400,2
I-005519,O-01874,Noise Cancelling Headphones,Electronics,300,1
I-005520,O-01874,Office Chair,Furniture,250,3
I-005521,O-01875,Noise Cancelling Headphones,Electronics,300,3
I-005522,O-01875,4K Monitor,Electronics,400,1
I-005523,O-01875,Webcam 1080p,Accessories,80,1
I-005524,O-01875,Webcam 1080p,Accessories,80,1
I-005525,O-01875,4K Monitor,Electronics,400,2
I-005526,O-01876,Monitor Stand,Accessories,75,3
I-005527,O-01876,Monitor Stand,Accessories,75,2
I-005528,O-01876,Mechanical Keyboard,Accessories,130,2
I-005529,O-01876,Wireless Mouse,Accessories,50,3
I-005530,O-01876,Standing Desk,Furniture,600,2
I-005531,O-01877,Wireless Mouse,Accessories,50,1
I-005532,O-01877,Monitor Stand,Accessories,75,2
I-005533,O-01877,Noise Cancelling Headphones,Electronics,300,2
I-005534,O-01877,4K Monitor,Electronics,400,3
I-005535,O-01877,4K Monitor,Electronics,400,1
I-005536,O-01878,Office Chair,Furniture,250,2
I-005537,O-01878,Noise Cancelling Headphones,Electronics,300,2
I-005538,O-01879,Mechanical Keyboard,Accessories,130,2
I-005539,O-01879,Mechanical Keyboard,Accessories,130,3
I-005540,O-01880,Standing Desk,Furniture,600,1
I-005541,O-01881,Webcam 1080p,Accessories,80,3
I-005542,O-01881,Office Chair,Furniture,250,1
I-005543,O-01881,Noise Cancelling Headphones,Electronics,300,1
I-005544,O-01881,Wireless Mouse,Accessories,50,3
I-005545,O-01881,Monitor Stand,Accessories,75,3
I-005546,O-01882,Standing Desk,Furniture,600,1
I-005547,O-01882,Wireless Mouse,Accessories,50,2
I-005548,O-01882,Wireless Mouse,Accessories,50,1
I-005549,O-01882,Monitor Stand,Accessories,75,3
I-005550,O-01883,Wireless Mouse,Accessories,50,1
I-005551,O-01883,Office Chair,Furniture,250,1
I-005552,O-01883,4K Monitor,Electronics,400,2
I-005553,O-01883,Mechanical Keyboard,Accessories,130,1
I-005554,O-01884,Wireless Mouse,Accessories,50,1
I-005555,O-01884,Noise Cancelling Headphones,Electronics,300,1
I-005556,O-01884,Noise Cancelling Headphones,Electronics,300,2
I-005557,O-01884,Mechanical Keyboard,Accessories,130,3
I-005558,O-01884,4K Monitor,Electronics,400,2
I-005559,O-01885,Wireless Mouse,Accessories,50,1
I-005560,O-01885,Standing Desk,Furniture,600,2
I-005561,O-01885,Standing Desk,Furniture,600,2
I-005562,O-01885,Webcam 1080p,Accessories,80,1
I-005563,O-01885,Mechanical Keyboard,Accessories,130,1
I-005564,O-01886,4K Monitor,Electronics,400,2
I-005565,O-01886,Webcam 1080p,Accessories,80,2
I-005566,O-01886,Office Chair,Furniture,250,3
I-005567,O-01886,Monitor Stand,Accessories,75,3
I-005568,O-01886,Monitor Stand,Accessories,75,1
I-005569,O-01887,Standing Desk,Furniture,600,3
I-005570,O-01888,Laptop Pro,Electronics,1200,3
I-005571,O-01888,Office Chair,Furniture,250,1
I-005572,O-01888,Wireless Mouse,Accessories,50,1
I-005573,O-01888,Wireless Mouse,Accessories,50,1
I-005574,O-01888,Standing Desk,Furniture,600,1
I-005575,O-01889,Office Chair,Furniture,250,2
I-005576,O-01889,Laptop Pro,Electronics,1200,1
I-005577,O-01890,Wireless Mouse,Accessories,50,2
I-005578,O-01890,Wireless Mouse,Accessories,50,3
I-005579,O-01890,Webcam 1080p,Accessories,80,2
I-005580,O-01890,Wireless Mouse,Accessories,50,1
I-005581,O-01890,4K Monitor,Electronics,400,3
I-005582,O-01891,Noise Cancelling Headphones,Electronics,300,1
I-005583,O-01892,Monitor Stand,Accessories,75,2
I-005584,O-01892,Wireless Mouse,Accessories,50,1
I-005585,O-01892,Laptop Pro,Electronics,1200,1
I-005586,O-01892,Wireless Mouse,Accessories,50,1
I-005587,O-01893,Laptop Pro,Electronics,1200,2
I-005588,O-01893,Monitor Stand,Accessories,75,1
I-005589,O-01894,Office Chair,Furniture,250,3
I-005590,O-01894,Mechanical Keyboard,Accessories,130,3
I-005591,O-01895,Webcam 1080p,Accessories,80,2
I-005592,O-01895,Webcam 1080p,Accessories,80,1
I-005593,O-01895,Webcam 1080p,Accessories,80,3
I-005594,O-01895,Webcam 1080p,Accessories,80,3
I-005595,O-01895,Webcam 1080p,Accessories,80,3
I-005596,O-01896,Wireless Mouse,Accessories,50,2
I-005597,O-01896,Mechanical Keyboard,Accessories,130,2
I-005598,O-01896,Wireless Mouse,Accessories,50,3
I-005599,O-01896,Noise Cancelling Headphones,Electronics,300,1
I-005600,O-01896,Mechanical Keyboard,Accessories,130,3
I-005601,O-01897,Wireless Mouse,Accessories,50,2
I-005602,O-01898,Standing Desk,Furniture,600,3
I-005603,O-01898,Mechanical Keyboard,Accessories,130,1
I-005604,O-01898,Laptop Pro,Electronics,1200,1
I-005605,O-01898,4K Monitor,Electronics,400,1
I-005606,O-01899,Webcam 1080p,Accessories,80,3
I-005607,O-01899,Wireless Mouse,Accessories,50,1
I-005608,O-01899,Mechanical Keyboard,Accessories,130,1
I-005609,O-01899,Webcam 1080p,Accessories,80,3
I-005610,O-01899,4K Monitor,Electronics,400,1
I-005611,O-01900,Noise Cancelling Headphones,Electronics,300,3
I-005612,O-01900,Noise Cancelling Headphones,Electronics,300,1
I-005613,O-01900,Office Chair,Furniture,250,1
I-005614,O-01900,Laptop Pro,Electronics,1200,3
I-005615,O-01900,Noise Cancelling Headphones,Electronics,300,3
I-005616,O-01901,Monitor Stand,Accessories,75,3
I-005617,O-01902,Office Chair,Furniture,250,2
I-005618,O-01903,Wireless Mouse,Accessories,50,1
I-005619,O-01903,Wireless Mouse,Accessories,50,3
I-005620,O-01903,Monitor Stand,Accessories,75,3
I-005621,O-01903,Noise Cancelling Headphones,Electronics,300,1
I-005622,O-01903,Wireless Mouse,Accessories,50,3
I-005623,O-01904,4K Monitor,Electronics,400,3
I-005624,O-01904,Laptop Pro,Electronics,1200,3
I-005625,O-01905,Laptop Pro,Electronics,1200,2
I-005626,O-01905,Standing Desk,Furniture,600,1
I-005627,O-01905,Mechanical Keyboard,Accessories,130,1
I-005628,O-01905,Standing Desk,Furniture,600,1
I-005629,O-01905,Webcam 1080p,Accessories,80,1
I-005630,O-01906,Noise Cancelling Headphones,Electronics,300,3
I-005631,O-01907,Laptop Pro,Electronics,1200,1
I-005632,O-01908,Laptop Pro,Electronics,1200,3
I-005633,O-01908,Standing Desk,Furniture,600,3
I-005634,O-01908,Mechanical Keyboard,Accessories,130,2
I-005635,O-01908,Noise Cancelling Headphones,Electronics,300,1
I-005636,O-01908,Monitor Stand,Accessories,75,3
I-005637,O-01909,Laptop Pro,Electronics,1200,3
I-005638,O-01909,Wireless Mouse,Accessories,50,3
I-005639,O-01909,Monitor Stand,Accessories,75,2
I-005640,O-01909,Monitor Stand,Accessories,75,2
I-005641,O-01909,Wireless Mouse,Accessories,50,2
I-005642,O-01910,Laptop Pro,Electronics,1200,3
I-005643,O-01910,Noise Cancelling Headphones,Electronics,300,3
I-005644,O-01911,Mechanical Keyboard,Accessories,130,2
I-005645,O-01911,Office Chair,Furniture,250,3
I-005646,O-01911,Mechanical Keyboard,Accessories,130,3
I-005647,O-01911,Standing Desk,Furniture,600,1
I-005648,O-01911,Wireless Mouse,Accessories,50,2
I-005649,O-01912,Mechanical Keyboard,Accessories,130,1
I-005650,O-01912,Mechanical Keyboard,Accessories,130,1
I-005651,O-01912,Mechanical Keyboard,Accessories,130,3
I-005652,O-01912,Laptop Pro,Electronics,1200,2
I-005653,O-01913,Monitor Stand,Accessories,75,1
I-005654,O-01913,4K Monitor,Electronics,400,2
I-005655,O-01914,Office Chair,Furniture,250,2
I-005656,O-01914,Wireless Mouse,Accessories,50,3
I-005657,O-01914,Monitor Stand,Accessories,75,1
I-005658,O-01914,Wireless Mouse,Accessories,50,2
I-005659,O-01914,Monitor Stand,Accessories,75,2
I-005660,O-01915,Monitor Stand,Accessories,75,1
I-005661,O-01916,Monitor Stand,Accessories,75,1
I-005662,O-01916,Laptop Pro,Electronics,1200,1
I-005663,O-01916,Standing Desk,Furniture,600,2
I-005664,O-01916,4K Monitor,Electronics,400,3
I-005665,O-01916,Laptop Pro,Electronics,1200,3
I-005666,O-01917,Mechanical Keyboard,Accessories,130,3
I-005667,O-01917,Monitor Stand,Accessories,75,1
I-005668,O-01917,Webcam 1080p,Accessories,80,1
I-005669,O-01917,Standing Desk,Furniture,600,1
I-005670,O-01917,Noise Cancelling Headphones,Electronics,300,1
I-005671,O-01918,Noise Cancelling Headphones,Electronics,300,2
I-005672,O-01918,Webcam 1080p,Accessories,80,3
I-005673,O-01918,Noise Cancelling Headphones,Electronics,300,1
I-005674,O-01919,Webcam 1080p,Accessories,80,3
I-005675,O-01919,Standing Desk,Furniture,600,1
I-005676,O-01919,Office Chair,Furniture,250,3
I-005677,O-01919,Standing Desk,Furniture,600,2
I-005678,O-01919,Webcam 1080p,Accessories,80,2
I-005679,O-01920,Mechanical Keyboard,Accessories,130,1
I-005680,O-01920,Monitor Stand,Accessories,75,3
I-005681,O-01921,Monitor Stand,Accessories,75,1
I-005682,O-01922,Standing Desk,Furniture,600,2
I-005683,O-01922,Wireless Mouse,Accessories,50,3
I-005684,O-01923,Standing Desk,Furniture,600,3
I-005685,O-01923,Mechanical Keyboard,Accessories,130,3
I-005686,O-01923,4K Monitor,Electronics,400,2
I-005687,O-01924,Office Chair,Furniture,250,1
I-005688,O-01924,Laptop Pro,Electronics,1200,2
I-005689,O-01924,Noise Cancelling Headphones,Electronics,300,3
I-005690,O-01924,Standing Desk,Furniture,600,3
I-005691,O-01925,Monitor Stand,Accessories,75,1
I-005692,O-01925,Laptop Pro,Electronics,1200,2
I-005693,O-01925,Webcam 1080p,Accessories,80,2
I-005694,O-01925,Office Chair,Furniture,250,3
I-005695,O-01925,Mechanical Keyboard,Accessories,130,2
I-005696,O-01926,Monitor Stand,Accessories,75,2
I-005697,O-01926,Standing Desk,Furniture,600,1
I-005698,O-01927,Monitor Stand,Accessories,75,3
I-005699,O-01927,Office Chair,Furniture,250,2
I-005700,O-01928,Mechanical Keyboard,Accessories,130,3
I-005701,O-01928,Wireless Mouse,Accessories,50,1
I-005702,O-01928,Wireless Mouse,Accessories,50,3
I-005703,O-01929,Mechanical Keyboard,Accessories,130,2
I-005704,O-01930,Noise Cancelling Headphones,Electronics,300,3
I-005705,O-01930,Noise Cancelling Headphones,Electronics,300,3
I-005706,O-01930,Mechanical Keyboard,Accessories,130,1
I-005707,O-01930,Webcam 1080p,Accessories,80,1
I-005708,O-01931,Monitor Stand,Accessories,75,3
I-005709,O-01932,Mechanical Keyboard,Accessories,130,3
I-005710,O-01932,Noise Cancelling Headphones,Electronics,300,3
I-005711,O-01932,Office Chair,Furniture,250,1
I-005712,O-01932,Standing Desk,Furniture,600,3
I-005713,O-01932,Wireless Mouse,Accessories,50,3
I-005714,O-01933,Laptop Pro,Electronics,1200,2
I-005715,O-01933,Standing Desk,Furniture,600,1
I-005716,O-01933,Laptop Pro,Electronics,1200,1
I-005717,O-01934,Wireless Mouse,Accessories,50,2
I-005718,O-01934,Standing Desk,Furniture,600,1
I-005719,O-01935,Office Chair,Furniture,250,1
I-005720,O-01935,Office Chair,Furniture,250,1
I-005721,O-01935,Standing Desk,Furniture,600,1
I-005722,O-01935,Monitor Stand,Accessories,75,1
I-005723,O-01935,Wireless Mouse,Accessories,50,3
I-005724,O-01936,Mechanical Keyboard,Accessories,130,1
I-005725,O-01936,Mechanical Keyboard,Accessories,130,1
I-005726,O-01936,Noise Cancelling Headphones,Electronics,300,3
I-005727,O-01936,Wireless Mouse,Accessories,50,1
I-005728,O-01936,Laptop Pro,Electronics,1200,3
I-005729,O-01937,Mechanical Keyboard,Accessories,130,3
I-005730,O-01937,Wireless Mouse,Accessories,50,2
I-005731,O-01938,Laptop Pro,Electronics,1200,1
I-005732,O-01938,Monitor Stand,Accessories,75,3
I-005733,O-01939,Webcam 1080p,Accessories,80,3
I-005734,O-01940,Mechanical Keyboard,Accessories,130,2
I-005735,O-01940,Webcam 1080p,Accessories,80,3
I-005736,O-01940,Webcam 1080p,Accessories,80,3
I-005737,O-01940,Laptop Pro,Electronics,1200,3
I-005738,O-01940,Webcam 1080p,Accessories,80,1
I-005739,O-01941,Webcam 1080p,Accessories,80,1
I-005740,O-01942,Webcam 1080p,Accessories,80,1
I-005741,O-01943,Laptop Pro,Electronics,1200,1
I-005742,O-01943,Noise Cancelling Headphones,Electronics,300,1
I-005743,O-01943,Wireless Mouse,Accessories,50,3
I-005744,O-01943,Wireless Mouse,Accessories,50,2
I-005745,O-01943,4K Monitor,Electronics,400,2
I-005746,O-01944,4K Monitor,Electronics,400,3
I-005747,O-01944,Mechanical Keyboard,Accessories,130,1
I-005748,O-01944,Standing Desk,Furniture,600,3
I-005749,O-01944,Noise Cancelling Headphones,Electronics,300,2
I-005750,O-01945,Noise Cancelling Headphones,Electronics,300,3
I-005751,O-01946,Monitor Stand,Accessories,75,2
I-005752,O-01946,4K Monitor,Electronics,400,1
I-005753,O-01947,Laptop Pro,Electronics,1200,3
I-005754,O-01948,Noise Cancelling Headphones,Electronics,300,3
I-005755,O-01949,Office Chair,Furniture,250,1
I-005756,O-01949,Mechanical Keyboard,Accessories,130,3
I-005757,O-01949,Office Chair,Furniture,250,1
I-005758,O-01949,Monitor Stand,Accessories,75,2
I-005759,O-01949,Mechanical Keyboard,Accessories,130,1
I-005760,O-01950,Noise Cancelling Headphones,Electronics,300,1
I-005761,O-01950,Wireless Mouse,Accessories,50,3
I-005762,O-01951,Mechanical Keyboard,Accessories,130,1
I-005763,O-01951,Laptop Pro,Electronics,1200,2
I-005764,O-01951,Mechanical Keyboard,Accessories,130,1
I-005765,O-01951,Monitor Stand,Accessories,75,3
I-005766,O-01951,Monitor Stand,Accessories,75,3
I-005767,O-01952,Wireless Mouse,Accessories,50,1
I-005768,O-01952,Mechanical Keyboard,Accessories,130,2
I-005769,O-01952,Webcam 1080p,Accessories,80,3
I-005770,O-01953,Noise Cancelling Headphones,Electronics,300,2
I-005771,O-01954,Mechanical Keyboard,Accessories,130,2
I-005772,O-01954,Monitor Stand,Accessories,75,3
I-005773,O-01955,Mechanical Keyboard,Accessories,130,1
I-005774,O-01956,Standing Desk,Furniture,600,2
I-005775,O-01957,Webcam 1080p,Accessories,80,1
I-005776,O-01958,Mechanical Keyboard,Accessories,130,1
I-005777,O-01959,Monitor Stand,Accessories,75,1
I-005778,O-01959,Noise Cancelling Headphones,Electronics,300,2
I-005779,O-01959,Laptop Pro,Electronics,1200,1
I-005780,O-01960,Laptop Pro,Electronics,1200,1
I-005781,O-01960,Webcam 1080p,Accessories,80,2
I-005782,O-01960,Wireless Mouse,Accessories,50,2
I-005783,O-01960,Webcam 1080p,Accessories,80,2
I-005784,O-01961,Noise Cancelling Headphones,Electronics,300,3
I-005785,O-01962,Wireless Mouse,Accessories,50,3
I-005786,O-01962,4K Monitor,Electronics,400,3
I-005787,O-01962,Mechanical Keyboard,Accessories,130,1
I-005788,O-01962,Noise Cancelling Headphones,Electronics,300,3
I-005789,O-01962,Monitor Stand,Accessories,75,1
I-005790,O-01963,Noise Cancelling Headphones,Electronics,300,3
I-005791,O-01963,Office Chair,Furniture,250,1
I-005792,O-01963,Webcam 1080p,Accessories,80,3
I-005793,O-01963,Wireless Mouse,Accessories,50,2
I-005794,O-01963,Office Chair,Furniture,250,1
I-005795,O-01964,Office Chair,Furniture,250,3
I-005796,O-01964,Mechanical Keyboard,Accessories,130,3
I-005797,O-01964,Standing Desk,Furniture,600,3
I-005798,O-01965,Monitor Stand,Accessories,75,3
I-005799,O-01965,Wireless Mouse,Accessories,50,2
I-005800,O-01966,Standing Desk,Furniture,600,3
I-005801,O-01966,Laptop Pro,Electronics,1200,1
I-005802,O-01966,Standing Desk,Furniture,600,3
I-005803,O-01966,Mechanical Keyboard,Accessories,130,2
I-005804,O-01966,Standing Desk,Furniture,600,3
I-005805,O-01967,Standing Desk,Furniture,600,2
I-005806,O-01967,Noise Cancelling Headphones,Electronics,300,2
I-005807,O-01967,Office Chair,Furniture,250,3
I-005808,O-01967,Wireless Mouse,Accessories,50,1
I-005809,O-01967,Laptop Pro,Electronics,1200,2
I-005810,O-01968,Standing Desk,Furniture,600,2
I-005811,O-01968,4K Monitor,Electronics,400,3
I-005812,O-01968,4K Monitor,Electronics,400,2
I-005813,O-01968,Standing Desk,Furniture,600,3
I-005814,O-01968,4K Monitor,Electronics,400,3
I-005815,O-01969,Standing Desk,Furniture,600,1
I-005816,O-01969,Standing Desk,Furniture,600,3
I-005817,O-01969,Standing Desk,Furniture,600,2
I-005818,O-01969,Standing Desk,Furniture,600,1
I-005819,O-01969,Noise Cancelling Headphones,Electronics,300,3
I-005820,O-01970,4K Monitor,Electronics,400,1
I-005821,O-01970,4K Monitor,Electronics,400,2
I-005822,O-01970,4K Monitor,Electronics,400,3
I-005823,O-01971,Office Chair,Furniture,250,3
I-005824,O-01972,4K Monitor,Electronics,400,1
I-005825,O-01972,Noise Cancelling Headphones,Electronics,300,1
I-005826,O-01972,Noise Cancelling Headphones,Electronics,300,1
I-005827,O-01973,Noise Cancelling Headphones,Electronics,300,1
I-005828,O-01973,Noise Cancelling Headphones,Electronics,300,2
I-005829,O-01974,Standing Desk,Furniture,600,3
I-005830,O-01974,Monitor Stand,Accessories,75,3
I-005831,O-01975,Monitor Stand,Accessories,75,3
I-005832,O-01976,Webcam 1080p,Accessories,80,2
I-005833,O-01977,Monitor Stand,Accessories,75,2
I-005834,O-01977,Wireless Mouse,Accessories,50,1
I-005835,O-01978,Wireless Mouse,Accessories,50,1
I-005836,O-01978,Wireless Mouse,Accessories,50,3
I-005837,O-01978,4K Monitor,Electronics,400,3
I-005838,O-01978,Webcam 1080p,Accessories,80,1
I-005839,O-01979,Standing Desk,Furniture,600,1
I-005840,O-01979,4K Monitor,Electronics,400,3
I-005841,O-01979,Monitor Stand,Accessories,75,1
I-005842,O-01980,Standing Desk,Furniture,600,2
I-005843,O-01980,Noise Cancelling Headphones,Electronics,300,3
I-005844,O-01980,Webcam 1080p,Accessories,80,1
I-005845,O-01980,Noise Cancelling Headphones,Electronics,300,1
I-005846,O-01980,Webcam 1080p,Accessories,80,3
I-005847,O-01981,4K Monitor,Electronics,400,3
I-005848,O-01981,Monitor Stand,Accessories,75,2
I-005849,O-01981,Mechanical Keyboard,Accessories,130,3
I-005850,O-01981,Noise Cancelling Headphones,Electronics,300,3
I-005851,O-01981,Wireless Mouse,Accessories,50,1
I-005852,O-01982,4K Monitor,Electronics,400,2
I-005853,O-01982,Laptop Pro,Electronics,1200,2
I-005854,O-01982,Mechanical Keyboard,Accessories,130,3
I-005855,O-01982,4K Monitor,Electronics,400,1
I-005856,O-01983,Laptop Pro,Electronics,1200,2
I-005857,O-01983,Mechanical Keyboard,Accessories,130,1
I-005858,O-01984,Standing Desk,Furniture,600,2
I-005859,O-01984,Noise Cancelling Headphones,Electronics,300,3
I-005860,O-01985,Webcam 1080p,Accessories,80,1
I-005861,O-01985,Standing Desk,Furniture,600,2
I-005862,O-01985,Office Chair,Furniture,250,2
I-005863,O-01986,Wireless Mouse,Accessories,50,1
I-005864,O-01986,4K Monitor,Electronics,400,1
I-005865,O-01986,Standing Desk,Furniture,600,1
I-005866,O-01986,Noise Cancelling Headphones,Electronics,300,2
I-005867,O-01986,Office Chair,Furniture,250,1
I-005868,O-01987,Laptop Pro,Electronics,1200,3
I-005869,O-01988,4K Monitor,Electronics,400,1
I-005870,O-01988,Webcam 1080p,Accessories,80,2
I-005871,O-01988,Monitor Stand,Accessories,75,3
I-005872,O-01988,Webcam 1080p,Accessories,80,1
I-005873,O-01989,Laptop Pro,Electronics,1200,1
I-005874,O-01990,Monitor Stand,Accessories,75,3
I-005875,O-01990,Webcam 1080p,Accessories,80,1
I-005876,O-01990,Noise Cancelling Headphones,Electronics,300,3
I-005877,O-01990,Laptop Pro,Electronics,1200,3
I-005878,O-01990,Laptop Pro,Electronics,1200,2
I-005879,O-01991,Office Chair,Furniture,250,3
I-005880,O-01992,Noise Cancelling Headphones,Electronics,300,2
I-005881,O-01993,Mechanical Keyboard,Accessories,130,1
I-005882,O-01994,Wireless Mouse,Accessories,50,3
I-005883,O-01994,4K Monitor,Electronics,400,2
I-005884,O-01994,Monitor Stand,Accessories,75,1
I-005885,O-01994,Monitor Stand,Accessories,75,3
I-005886,O-01994,Wireless Mouse,Accessories,50,2
I-005887,O-01995,Laptop Pro,Electronics,1200,2
I-005888,O-01995,Mechanical Keyboard,Accessories,130,2
I-005889,O-01995,Monitor Stand,Accessories,75,1
I-005890,O-01996,Standing Desk,Furniture,600,2
I-005891,O-01997,Standing Desk,Furniture,600,2
I-005892,O-01997,Standing Desk,Furniture,600,3
I-005893,O-01998,4K Monitor,Electronics,400,3
I-005894,O-01998,Monitor Stand,Accessories,75,1
I-005895,O-01999,Standing Desk,Furniture,600,1
I-005896,O-01999,Noise Cancelling Headphones,Electronics,300,3
I-005897,O-01999,Webcam 1080p,Accessories,80,3
I-005898,O-01999,Webcam 1080p,Accessories,80,3
I-005899,O-02000,Standing Desk,Furniture,600,2
I-005900,O-02001,Monitor Stand,Accessories,75,3
I-005901,O-02002,Office Chair,Furniture,250,1
I-005902,O-02002,Webcam 1080p,Accessories,80,2
I-005903,O-02002,Wireless Mouse,Accessories,50,2
I-005904,O-02002,Mechanical Keyboard,Accessories,130,3
I-005905,O-02002,Laptop Pro,Electronics,1200,1
I-005906,O-02003,Monitor Stand,Accessories,75,1
I-005907,O-02003,Webcam 1080p,Accessories,80,2
I-005908,O-02004,Webcam 1080p,Accessories,80,3
I-005909,O-02004,Mechanical Keyboard,Accessories,130,1
I-005910,O-02004,Wireless Mouse,Accessories,50,1
I-005911,O-02004,Webcam 1080p,Accessories,80,3
I-005912,O-02004,Webcam 1080p,Accessories,80,1
I-005913,O-02005,Monitor Stand,Accessories,75,1
I-005914,O-02006,Office Chair,Furniture,250,2
I-005915,O-02006,Mechanical Keyboard,Accessories,130,3
I-005916,O-02006,Standing Desk,Furniture,600,3
I-005917,O-02006,Wireless Mouse,Accessories,50,2
I-005918,O-02007,Wireless Mouse,Accessories,50,2
I-005919,O-02007,Wireless Mouse,Accessories,50,2
I-005920,O-02007,Laptop Pro,Electronics,1200,2
I-005921,O-02007,Standing Desk,Furniture,600,3
I-005922,O-02008,Standing Desk,Furniture,600,1
I-005923,O-02009,Office Chair,Furniture,250,1
I-005924,O-02009,Wireless Mouse,Accessories,50,2
I-005925,O-02009,Monitor Stand,Accessories,75,2
I-005926,O-02009,Mechanical Keyboard,Accessories,130,2
I-005927,O-02009,Webcam 1080p,Accessories,80,1
I-005928,O-02010,Mechanical Keyboard,Accessories,130,1
I-005929,O-02010,Standing Desk,Furniture,600,2
I-005930,O-02011,Mechanical Keyboard,Accessories,130,2
I-005931,O-02011,Webcam 1080p,Accessories,80,3
I-005932,O-02011,Webcam 1080p,Accessories,80,3
I-005933,O-02011,Standing Desk,Furniture,600,1
I-005934,O-02012,Laptop Pro,Electronics,1200,3
I-005935,O-02012,Noise Cancelling Headphones,Electronics,300,1
I-005936,O-02013,Webcam 1080p,Accessories,80,1
I-005937,O-02013,4K Monitor,Electronics,400,2
I-005938,O-02013,Noise Cancelling Headphones,Electronics,300,3
I-005939,O-02013,Laptop Pro,Electronics,1200,2
I-005940,O-02014,4K Monitor,Electronics,400,2
I-005941,O-02014,Monitor Stand,Accessories,75,3
I-005942,O-02015,Monitor Stand,Accessories,75,1
I-005943,O-02015,Standing Desk,Furniture,600,1
I-005944,O-02015,Noise Cancelling Headphones,Electronics,300,3
I-005945,O-02015,Office Chair,Furniture,250,1
I-005946,O-02015,Noise Cancelling Headphones,Electronics,300,3
I-005947,O-02016,Monitor Stand,Accessories,75,2
I-005948,O-02016,Monitor Stand,Accessories,75,3
I-005949,O-02016,4K Monitor,Electronics,400,1
I-005950,O-02017,Noise Cancelling Headphones,Electronics,300,3
I-005951,O-02017,4K Monitor,Electronics,400,1
I-005952,O-02017,Standing Desk,Furniture,600,2
I-005953,O-02017,Monitor Stand,Accessories,75,2
I-005954,O-02018,Monitor Stand,Accessories,75,2
I-005955,O-02019,Webcam 1080p,Accessories,80,1
I-005956,O-02019,Mechanical Keyboard,Accessories,130,1
I-005957,O-02020,Standing Desk,Furniture,600,3
I-005958,O-02020,Monitor Stand,Accessories,75,1
I-005959,O-02020,Wireless Mouse,Accessories,50,1
I-005960,O-02021,4K Monitor,Electronics,400,1
I-005961,O-02021,Office Chair,Furniture,250,1
I-005962,O-02022,Standing Desk,Furniture,600,2
I-005963,O-02022,4K Monitor,Electronics,400,1
I-005964,O-02022,Laptop Pro,Electronics,1200,3
I-005965,O-02022,Monitor Stand,Accessories,75,2
I-005966,O-02023,4K Monitor,Electronics,400,1
I-005967,O-02023,Standing Desk,Furniture,600,1
I-005968,O-02023,Mechanical Keyboard,Accessories,130,3
I-005969,O-02023,Standing Desk,Furniture,600,1
I-005970,O-02024,4K Monitor,Electronics,400,1
I-005971,O-02024,Webcam 1080p,Accessories,80,3
I-005972,O-02024,Standing Desk,Furniture,600,3
I-005973,O-02025,Standing Desk,Furniture,600,3
I-005974,O-02025,Office Chair,Furniture,250,1
I-005975,O-02025,Monitor Stand,Accessories,75,1
I-005976,O-02025,4K Monitor,Electronics,400,1
I-005977,O-02025,Office Chair,Furniture,250,1
I-005978,O-02026,Noise Cancelling Headphones,Electronics,300,1
I-005979,O-02026,Webcam 1080p,Accessories,80,3
I-005980,O-02026,Standing Desk,Furniture,600,3
I-005981,O-02027,Webcam 1080p,Accessories,80,2
I-005982,O-02027,4K Monitor,Electronics,400,3
I-005983,O-02027,Standing Desk,Furniture,600,1
I-005984,O-02027,Mechanical Keyboard,Accessories,130,2
I-005985,O-02028,Monitor Stand,Accessories,75,2
I-005986,O-02028,Standing Desk,Furniture,600,2
I-005987,O-02028,Mechanical Keyboard,Accessories,130,2
I-005988,O-02028,4K Monitor,Electronics,400,3
I-005989,O-02028,4K Monitor,Electronics,400,3
I-005990,O-02029,Mechanical Keyboard,Accessories,130,2
I-005991,O-02029,Noise Cancelling Headphones,Electronics,300,1
I-005992,O-02029,Webcam 1080p,Accessories,80,1
I-005993,O-02029,Standing Desk,Furniture,600,3
I-005994,O-02029,Monitor Stand,Accessories,75,2
I-005995,O-02030,Monitor Stand,Accessories,75,1
I-005996,O-02030,Wireless Mouse,Accessories,50,3
I-005997,O-02030,Standing Desk,Furniture,600,2
I-005998,O-02030,4K Monitor,Electronics,400,2
I-005999,O-02031,Noise Cancelling Headphones,Electronics,300,2
I-006000,O-02031,Webcam 1080p,Accessories,80,2
I-006001,O-02031,Laptop Pro,Electronics,1200,3
I-006002,O-02031,4K Monitor,Electronics,400,3
I-006003,O-02032,Monitor Stand,Accessories,75,3
I-006004,O-02032,Wireless Mouse,Accessories,50,2
I-006005,O-02032,4K Monitor,Electronics,400,3
I-006006,O-02032,Webcam 1080p,Accessories,80,1
I-006007,O-02033,Office Chair,Furniture,250,2
I-006008,O-02033,4K Monitor,Electronics,400,3
I-006009,O-02034,Noise Cancelling Headphones,Electronics,300,3
I-006010,O-02035,Standing Desk,Furniture,600,3
I-006011,O-02035,Laptop Pro,Electronics,1200,3
I-006012,O-02035,4K Monitor,Electronics,400,1
I-006013,O-02036,Laptop Pro,Electronics,1200,2
I-006014,O-02036,Office Chair,Furniture,250,2
I-006015,O-02036,Laptop Pro,Electronics,1200,2
I-006016,O-02037,Office Chair,Furniture,250,3
I-006017,O-02037,Mechanical Keyboard,Accessories,130,1
I-006018,O-02037,Laptop Pro,Electronics,1200,3
I-006019,O-02037,Standing Desk,Furniture,600,2
I-006020,O-02037,Wireless Mouse,Accessories,50,2
I-006021,O-02038,Office Chair,Furniture,250,3
I-006022,O-02038,Webcam 1080p,Accessories,80,2
I-006023,O-02038,Monitor Stand,Accessories,75,1
I-006024,O-02039,Monitor Stand,Accessories,75,2
I-006025,O-02039,Noise Cancelling Headphones,Electronics,300,1
I-006026,O-02040,4K Monitor,Electronics,400,3
I-006027,O-02040,Wireless Mouse,Accessories,50,3
I-006028,O-02041,Noise Cancelling Headphones,Electronics,300,3
I-006029,O-02041,Noise Cancelling Headphones,Electronics,300,3
I-006030,O-02041,Noise Cancelling Headphones,Electronics,300,1
I-006031,O-02041,Wireless Mouse,Accessories,50,2
I-006032,O-02041,Webcam 1080p,Accessories,80,2
I-006033,O-02042,Office Chair,Furniture,250,2
I-006034,O-02042,Standing Desk,Furniture,600,1
I-006035,O-02043,Standing Desk,Furniture,600,2
I-006036,O-02043,Standing Desk,Furniture,600,1
I-006037,O-02043,Webcam 1080p,Accessories,80,3
I-006038,O-02043,Wireless Mouse,Accessories,50,1
I-006039,O-02043,Webcam 1080p,Accessories,80,2
I-006040,O-02044,Wireless Mouse,Accessories,50,1
I-006041,O-02044,Standing Desk,Furniture,600,1
I-006042,O-02044,Monitor Stand,Accessories,75,3
I-006043,O-02044,4K Monitor,Electronics,400,1
I-006044,O-02044,Standing Desk,Furniture,600,3
I-006045,O-02045,Monitor Stand,Accessories,75,2
I-006046,O-02045,Laptop Pro,Electronics,1200,3
I-006047,O-02045,4K Monitor,Electronics,400,2
I-006048,O-02045,Mechanical Keyboard,Accessories,130,1
I-006049,O-02046,Office Chair,Furniture,250,1
I-006050,O-02046,Mechanical Keyboard,Accessories,130,2
I-006051,O-02046,Standing Desk,Furniture,600,3
I-006052,O-02046,Noise Cancelling Headphones,Electronics,300,3
I-006053,O-02046,Office Chair,Furniture,250,1
I-006054,O-02047,Noise Cancelling Headphones,Electronics,300,1
I-006055,O-02047,Laptop Pro,Electronics,1200,1
I-006056,O-02047,Noise Cancelling Headphones,Electronics,300,1
I-006057,O-02047,Webcam 1080p,Accessories,80,3
I-006058,O-02047,4K Monitor,Electronics,400,3
I-006059,O-02048,4K Monitor,Electronics,400,2
I-006060,O-02048,Office Chair,Furniture,250,1
I-006061,O-02048,Laptop Pro,Electronics,1200,2
I-006062,O-02049,Laptop Pro,Electronics,1200,2
I-006063,O-02049,Office Chair,Furniture,250,1
I-006064,O-02049,Laptop Pro,Electronics,1200,1
I-006065,O-02050,Standing Desk,Furniture,600,1
I-006066,O-02050,Monitor Stand,Accessories,75,2
I-006067,O-02051,Standing Desk,Furniture,600,2
I-006068,O-02051,Webcam 1080p,Accessories,80,2
I-006069,O-02051,Laptop Pro,Electronics,1200,1
I-006070,O-02051,Noise Cancelling Headphones,Electronics,300,1
I-006071,O-02052,Office Chair,Furniture,250,1
I-006072,O-02052,Noise Cancelling Headphones,Electronics,300,1
I-006073,O-02052,Standing Desk,Furniture,600,2
I-006074,O-02052,4K Monitor,Electronics,400,1
I-006075,O-02052,Laptop Pro,Electronics,1200,2
I-006076,O-02053,4K Monitor,Electronics,400,2
I-006077,O-02053,Webcam 1080p,Accessories,80,3
I-006078,O-02053,Wireless Mouse,Accessories,50,1
I-006079,O-02053,4K Monitor,Electronics,400,3
I-006080,O-02054,Standing Desk,Furniture,600,2
I-006081,O-02054,Laptop Pro,Electronics,1200,1
I-006082,O-02055,Noise Cancelling Headphones,Electronics,300,2
I-006083,O-02055,Mechanical Keyboard,Accessories,130,2
I-006084,O-02056,Webcam 1080p,Accessories,80,3
I-006085,O-02056,Webcam 1080p,Accessories,80,2
I-006086,O-02057,Laptop Pro,Electronics,1200,2
I-006087,O-02057,Office Chair,Furniture,250,3
I-006088,O-02057,Standing Desk,Furniture,600,2
I-006089,O-02057,Mechanical Keyboard,Accessories,130,2
I-006090,O-02058,Noise Cancelling Headphones,Electronics,300,3
I-006091,O-02058,Wireless Mouse,Accessories,50,2
I-006092,O-02058,Standing Desk,Furniture,600,3
I-006093,O-02059,Mechanical Keyboard,Accessories,130,2
I-006094,O-02059,Monitor Stand,Accessories,75,2
I-006095,O-02059,4K Monitor,Electronics,400,3
I-006096,O-02060,Office Chair,Furniture,250,1
I-006097,O-02060,Mechanical Keyboard,Accessories,130,3
I-006098,O-02060,Office Chair,Furniture,250,2
I-006099,O-02060,4K Monitor,Electronics,400,2
I-006100,O-02060,Wireless Mouse,Accessories,50,1
I-006101,O-02061,Webcam 1080p,Accessories,80,1
I-006102,O-02061,Laptop Pro,Electronics,1200,1
I-006103,O-02062,Noise Cancelling Headphones,Electronics,300,1
I-006104,O-02062,Monitor Stand,Accessories,75,3
I-006105,O-02063,Laptop Pro,Electronics,1200,3
I-006106,O-02063,Office Chair,Furniture,250,1
I-006107,O-02064,Noise Cancelling Headphones,Electronics,300,2
I-006108,O-02064,Laptop Pro,Electronics,1200,2
I-006109,O-02064,Laptop Pro,Electronics,1200,1
I-006110,O-02065,Wireless Mouse,Accessories,50,2
I-006111,O-02065,4K Monitor,Electronics,400,2
I-006112,O-02065,Mechanical Keyboard,Accessories,130,3
I-006113,O-02065,Wireless Mouse,Accessories,50,3
I-006114,O-02065,Laptop Pro,Electronics,1200,3
I-006115,O-02066,Monitor Stand,Accessories,75,3
I-006116,O-02066,4K Monitor,Electronics,400,1
I-006117,O-02066,Standing Desk,Furniture,600,2
I-006118,O-02066,Wireless Mouse,Accessories,50,2
I-006119,O-02067,Standing Desk,Furniture,600,1
I-006120,O-02067,Office Chair,Furniture,250,2
I-006121,O-02067,Monitor Stand,Accessories,75,3
I-006122,O-02067,Standing Desk,Furniture,600,3
I-006123,O-02068,Webcam 1080p,Accessories,80,1
I-006124,O-02068,Office Chair,Furniture,250,3
I-006125,O-02069,Noise Cancelling Headphones,Electronics,300,3
I-006126,O-02069,Wireless Mouse,Accessories,50,1
I-006127,O-02070,Wireless Mouse,Accessories,50,1
I-006128,O-02070,Laptop Pro,Electronics,1200,3
I-006129,O-02071,Noise Cancelling Headphones,Electronics,300,3
I-006130,O-02071,4K Monitor,Electronics,400,2
I-006131,O-02072,Laptop Pro,Electronics,1200,2
I-006132,O-02072,Monitor Stand,Accessories,75,2
I-006133,O-02072,Laptop Pro,Electronics,1200,1
I-006134,O-02072,Laptop Pro,Electronics,1200,1
I-006135,O-02072,Office Chair,Furniture,250,3
I-006136,O-02073,Mechanical Keyboard,Accessories,130,1
I-006137,O-02073,Laptop Pro,Electronics,1200,3
I-006138,O-02073,Wireless Mouse,Accessories,50,2
I-006139,O-02073,Mechanical Keyboard,Accessories,130,1
I-006140,O-02073,Mechanical Keyboard,Accessories,130,1
I-006141,O-02074,Mechanical Keyboard,Accessories,130,2
I-006142,O-02074,Office Chair,Furniture,250,3
I-006143,O-02074,Standing Desk,Furniture,600,3
I-006144,O-02075,Mechanical Keyboard,Accessories,130,1
I-006145,O-02075,Monitor Stand,Accessories,75,2
I-006146,O-02075,Noise Cancelling Headphones,Electronics,300,1
I-006147,O-02076,Laptop Pro,Electronics,1200,3
I-006148,O-02076,Noise Cancelling Headphones,Electronics,300,3
I-006149,O-02076,Noise Cancelling Headphones,Electronics,300,1
I-006150,O-02076,Standing Desk,Furniture,600,3
I-006151,O-02076,Monitor Stand,Accessories,75,1
I-006152,O-02077,Laptop Pro,Electronics,1200,3
I-006153,O-02077,Noise Cancelling Headphones,Electronics,300,2
I-006154,O-02077,Standing Desk,Furniture,600,1
I-006155,O-02077,Webcam 1080p,Accessories,80,1
I-006156,O-02078,Standing Desk,Furniture,600,3
I-006157,O-02078,Wireless Mouse,Accessories,50,3
I-006158,O-02078,Noise Cancelling Headphones,Electronics,300,3
I-006159,O-02078,Standing Desk,Furniture,600,1
I-006160,O-02079,Office Chair,Furniture,250,1
I-006161,O-02080,4K Monitor,Electronics,400,3
I-006162,O-02080,4K Monitor,Electronics,400,1
I-006163,O-02081,Noise Cancelling Headphones,Electronics,300,3
I-006164,O-02081,Webcam 1080p,Accessories,80,3
I-006165,O-02081,Standing Desk,Furniture,600,1
I-006166,O-02081,Noise Cancelling Headphones,Electronics,300,3
I-006167,O-02082,Office Chair,Furniture,250,1
I-006168,O-02082,Mechanical Keyboard,Accessories,130,2
I-006169,O-02082,Office Chair,Furniture,250,3
I-006170,O-02083,Standing Desk,Furniture,600,3
I-006171,O-02083,Office Chair,Furniture,250,1
I-006172,O-02083,4K Monitor,Electronics,400,2
I-006173,O-02084,Webcam 1080p,Accessories,80,3
I-006174,O-02084,Office Chair,Furniture,250,2
I-006175,O-02084,Wireless Mouse,Accessories,50,1
I-006176,O-02084,Standing Desk,Furniture,600,1
I-006177,O-02084,Mechanical Keyboard,Accessories,130,2
I-006178,O-02085,Office Chair,Furniture,250,2
I-006179,O-02085,Laptop Pro,Electronics,1200,3
I-006180,O-02085,Office Chair,Furniture,250,2
I-006181,O-02086,Standing Desk,Furniture,600,3
I-006182,O-02086,Wireless Mouse,Accessories,50,2
I-006183,O-02086,Webcam 1080p,Accessories,80,1
I-006184,O-02086,4K Monitor,Electronics,400,1
I-006185,O-02086,Noise Cancelling Headphones,Electronics,300,3
I-006186,O-02087,Monitor Stand,Accessories,75,2
I-006187,O-02087,Wireless Mouse,Accessories,50,1
I-006188,O-02088,Mechanical Keyboard,Accessories,130,2
I-006189,O-02088,Mechanical Keyboard,Accessories,130,1
I-006190,O-02088,Mechanical Keyboard,Accessories,130,3
I-006191,O-02088,Wireless Mouse,Accessories,50,3
I-006192,O-02088,Mechanical Keyboard,Accessories,130,3
I-006193,O-02089,Wireless Mouse,Accessories,50,3
I-006194,O-02089,Laptop Pro,Electronics,1200,1
I-006195,O-02090,Noise Cancelling Headphones,Electronics,300,3
I-006196,O-02090,Monitor Stand,Accessories,75,1
I-006197,O-02091,Wireless Mouse,Accessories,50,3
I-006198,O-02091,Laptop Pro,Electronics,1200,2
I-006199,O-02091,Laptop Pro,Electronics,1200,3
I-006200,O-02091,Standing Desk,Furniture,600,3
I-006201,O-02091,Mechanical Keyboard,Accessories,130,3
I-006202,O-02092,Monitor Stand,Accessories,75,3
I-006203,O-02092,Standing Desk,Furniture,600,3
I-006204,O-02092,Standing Desk,Furniture,600,2
I-006205,O-02092,Standing Desk,Furniture,600,1
I-006206,O-02092,Noise Cancelling Headphones,Electronics,300,1
I-006207,O-02093,Monitor Stand,Accessories,75,1
I-006208,O-02093,Laptop Pro,Electronics,1200,1
I-006209,O-02093,Noise Cancelling Headphones,Electronics,300,1
I-006210,O-02093,Standing Desk,Furniture,600,2
I-006211,O-02093,Webcam 1080p,Accessories,80,2
I-006212,O-02094,Webcam 1080p,Accessories,80,3
I-006213,O-02094,4K Monitor,Electronics,400,3
I-006214,O-02095,Laptop Pro,Electronics,1200,1
I-006215,O-02095,Laptop Pro,Electronics,1200,1
I-006216,O-02095,Noise Cancelling Headphones,Electronics,300,3
I-006217,O-02096,Webcam 1080p,Accessories,80,3
I-006218,O-02096,Noise Cancelling Headphones,Electronics,300,3
I-006219,O-02096,Laptop Pro,Electronics,1200,3
I-006220,O-02096,Wireless Mouse,Accessories,50,2
I-006221,O-02096,4K Monitor,Electronics,400,3
I-006222,O-02097,Laptop Pro,Electronics,1200,1
I-006223,O-02098,Office Chair,Furniture,250,1
I-006224,O-02098,Noise Cancelling Headphones,Electronics,300,1
I-006225,O-02098,Mechanical Keyboard,Accessories,130,3
I-006226,O-02098,Laptop Pro,Electronics,1200,2
I-006227,O-02099,Laptop Pro,Electronics,1200,1
I-006228,O-02099,Standing Desk,Furniture,600,1
I-006229,O-02099,Mechanical Keyboard,Accessories,130,2
I-006230,O-02099,4K Monitor,Electronics,400,1
I-006231,O-02100,Standing Desk,Furniture,600,1
I-006232,O-02100,Wireless Mouse,Accessories,50,1
I-006233,O-02101,Monitor Stand,Accessories,75,3
I-006234,O-02101,Standing Desk,Furniture,600,3
I-006235,O-02101,Wireless Mouse,Accessories,50,1
I-006236,O-02101,Wireless Mouse,Accessories,50,1
I-006237,O-02102,Monitor Stand,Accessories,75,1
I-006238,O-02103,Webcam 1080p,Accessories,80,3
I-006239,O-02103,Laptop Pro,Electronics,1200,3
I-006240,O-02104,Mechanical Keyboard,Accessories,130,3
I-006241,O-02105,4K Monitor,Electronics,400,1
I-006242,O-02105,Webcam 1080p,Accessories,80,1
I-006243,O-02105,Standing Desk,Furniture,600,3
I-006244,O-02106,Laptop Pro,Electronics,1200,2
I-006245,O-02106,4K Monitor,Electronics,400,2
I-006246,O-02107,Wireless Mouse,Accessories,50,3
I-006247,O-02107,Laptop Pro,Electronics,1200,3
I-006248,O-02107,Wireless Mouse,Accessories,50,2
I-006249,O-02108,Laptop Pro,Electronics,1200,3
I-006250,O-02108,Standing Desk,Furniture,600,3
I-006251,O-02108,Office Chair,Furniture,250,2
I-006252,O-02108,Laptop Pro,Electronics,1200,3
I-006253,O-02108,Office Chair,Furniture,250,3
I-006254,O-02109,Webcam 1080p,Accessories,80,3
I-006255,O-02109,Noise Cancelling Headphones,Electronics,300,3
I-006256,O-02110,Webcam 1080p,Accessories,80,1
I-006257,O-02110,Wireless Mouse,Accessories,50,1
I-006258,O-02110,Office Chair,Furniture,250,3
I-006259,O-02111,Standing Desk,Furniture,600,2
I-006260,O-02111,Monitor Stand,Accessories,75,3
I-006261,O-02112,Noise Cancelling Headphones,Electronics,300,1
I-006262,O-02112,Laptop Pro,Electronics,1200,3
I-006263,O-02112,Standing Desk,Furniture,600,3
I-006264,O-02112,4K Monitor,Electronics,400,3
I-006265,O-02113,Monitor Stand,Accessories,75,1
I-006266,O-02113,Noise Cancelling Headphones,Electronics,300,2
I-006267,O-02113,4K Monitor,Electronics,400,1
I-006268,O-02113,Noise Cancelling Headphones,Electronics,300,1
I-006269,O-02113,Standing Desk,Furniture,600,2
I-006270,O-02114,Monitor Stand,Accessories,75,2
I-006271,O-02114,Monitor Stand,Accessories,75,3
I-006272,O-02115,Monitor Stand,Accessories,75,1
I-006273,O-02115,Standing Desk,Furniture,600,2
I-006274,O-02115,Wireless Mouse,Accessories,50,1
I-006275,O-02116,Laptop Pro,Electronics,1200,1
I-006276,O-02116,Webcam 1080p,Accessories,80,2
I-006277,O-02117,Monitor Stand,Accessories,75,1
I-006278,O-02118,Office Chair,Furniture,250,1
I-006279,O-02118,Mechanical Keyboard,Accessories,130,2
I-006280,O-02118,Laptop Pro,Electronics,1200,3
I-006281,O-02118,4K Monitor,Electronics,400,3
I-006282,O-02119,Monitor Stand,Accessories,75,3
I-006283,O-02120,Monitor Stand,Accessories,75,1
I-006284,O-02121,Noise Cancelling Headphones,Electronics,300,1
I-006285,O-02121,Mechanical Keyboard,Accessories,130,2
I-006286,O-02122,Office Chair,Furniture,250,3
I-006287,O-02122,Noise Cancelling Headphones,Electronics,300,3
I-006288,O-02122,Noise Cancelling Headphones,Electronics,300,3
I-006289,O-02123,Wireless Mouse,Accessories,50,3
I-006290,O-02124,Laptop Pro,Electronics,1200,2
I-006291,O-02124,Laptop Pro,Electronics,1200,2
I-006292,O-02124,Laptop Pro,Electronics,1200,2
I-006293,O-02125,Webcam 1080p,Accessories,80,1
I-006294,O-02125,4K Monitor,Electronics,400,2
I-006295,O-02125,Monitor Stand,Accessories,75,2
I-006296,O-02125,Webcam 1080p,Accessories,80,3
I-006297,O-02125,Office Chair,Furniture,250,3
I-006298,O-02126,Monitor Stand,Accessories,75,1
I-006299,O-02126,Monitor Stand,Accessories,75,2
I-006300,O-02126,Wireless Mouse,Accessories,50,2
I-006301,O-02127,Wireless Mouse,Accessories,50,2
I-006302,O-02128,Monitor Stand,Accessories,75,3
I-006303,O-02128,Laptop Pro,Electronics,1200,1
I-006304,O-02128,Mechanical Keyboard,Accessories,130,1
I-006305,O-02128,Standing Desk,Furniture,600,1
I-006306,O-02129,Noise Cancelling Headphones,Electronics,300,3
I-006307,O-02130,Mechanical Keyboard,Accessories,130,1
I-006308,O-02130,Laptop Pro,Electronics,1200,2
I-006309,O-02130,Monitor Stand,Accessories,75,1
I-006310,O-02130,Standing Desk,Furniture,600,2
I-006311,O-02131,Laptop Pro,Electronics,1200,1
I-006312,O-02131,Laptop Pro,Electronics,1200,1
I-006313,O-02131,Laptop Pro,Electronics,1200,3
I-006314,O-02131,Standing Desk,Furniture,600,1
I-006315,O-02131,Monitor Stand,Accessories,75,3
I-006316,O-02132,Webcam 1080p,Accessories,80,3
I-006317,O-02133,Mechanical Keyboard,Accessories,130,1
I-006318,O-02134,Laptop Pro,Electronics,1200,1
I-006319,O-02134,Mechanical Keyboard,Accessories,130,1
I-006320,O-02134,Office Chair,Furniture,250,2
I-006321,O-02134,Mechanical Keyboard,Accessories,130,2
I-006322,O-02134,Office Chair,Furniture,250,3
I-006323,O-02135,Mechanical Keyboard,Accessories,130,1
I-006324,O-02135,Wireless Mouse,Accessories,50,3
I-006325,O-02135,Monitor Stand,Accessories,75,1
I-006326,O-02136,Laptop Pro,Electronics,1200,2
I-006327,O-02137,Monitor Stand,Accessories,75,3
I-006328,O-02137,Noise Cancelling Headphones,Electronics,300,2
I-006329,O-02138,Monitor Stand,Accessories,75,1
I-006330,O-02138,Monitor Stand,Accessories,75,3
I-006331,O-02138,Office Chair,Furniture,250,1
I-006332,O-02138,Laptop Pro,Electronics,1200,2
I-006333,O-02139,Webcam 1080p,Accessories,80,1
I-006334,O-02139,Noise Cancelling Headphones,Electronics,300,3
I-006335,O-02140,Wireless Mouse,Accessories,50,2
I-006336,O-02140,Noise Cancelling Headphones,Electronics,300,2
I-006337,O-02140,Webcam 1080p,Accessories,80,2
I-006338,O-02140,Webcam 1080p,Accessories,80,1
I-006339,O-02141,Monitor Stand,Accessories,75,1
I-006340,O-02142,Office Chair,Furniture,250,2
I-006341,O-02142,Wireless Mouse,Accessories,50,2
I-006342,O-02142,Noise Cancelling Headphones,Electronics,300,2
I-006343,O-02142,Laptop Pro,Electronics,1200,2
I-006344,O-02142,Laptop Pro,Electronics,1200,1
I-006345,O-02143,Webcam 1080p,Accessories,80,1
I-006346,O-02143,4K Monitor,Electronics,400,1
I-006347,O-02143,Laptop Pro,Electronics,1200,1
I-006348,O-02144,4K Monitor,Electronics,400,1
I-006349,O-02144,4K Monitor,Electronics,400,3
I-006350,O-02144,Wireless Mouse,Accessories,50,3
I-006351,O-02144,Office Chair,Furniture,250,2
I-006352,O-02145,Office Chair,Furniture,250,3
I-006353,O-02145,Standing Desk,Furniture,600,3
I-006354,O-02145,Mechanical Keyboard,Accessories,130,3
I-006355,O-02145,Noise Cancelling Headphones,Electronics,300,3
I-006356,O-02145,4K Monitor,Electronics,400,2
I-006357,O-02146,Laptop Pro,Electronics,1200,1
I-006358,O-02146,Office Chair,Furniture,250,2
I-006359,O-02146,Webcam 1080p,Accessories,80,3
I-006360,O-02146,Laptop Pro,Electronics,1200,3
I-006361,O-02146,Noise Cancelling Headphones,Electronics,300,3
I-006362,O-02147,Noise Cancelling Headphones,Electronics,300,2
I-006363,O-02148,Noise Cancelling Headphones,Electronics,300,3
I-006364,O-02148,Webcam 1080p,Accessories,80,1
I-006365,O-02148,Monitor Stand,Accessories,75,3
I-006366,O-02148,4K Monitor,Electronics,400,1
I-006367,O-02148,Webcam 1080p,Accessories,80,1
I-006368,O-02149,4K Monitor,Electronics,400,3
I-006369,O-02149,Standing Desk,Furniture,600,3
I-006370,O-02149,Noise Cancelling Headphones,Electronics,300,2
I-006371,O-02149,Monitor Stand,Accessories,75,1
I-006372,O-02150,Webcam 1080p,Accessories,80,1
I-006373,O-02150,Webcam 1080p,Accessories,80,2
I-006374,O-02150,Wireless Mouse,Accessories,50,2
I-006375,O-02150,Mechanical Keyboard,Accessories,130,3
I-006376,O-02151,Office Chair,Furniture,250,2
I-006377,O-02151,Noise Cancelling Headphones,Electronics,300,1
I-006378,O-02151,Standing Desk,Furniture,600,1
I-006379,O-02152,Standing Desk,Furniture,600,2
I-006380,O-02152,4K Monitor,Electronics,400,1
I-006381,O-02152,4K Monitor,Electronics,400,1
I-006382,O-02152,Webcam 1080p,Accessories,80,3
I-006383,O-02152,Webcam 1080p,Accessories,80,2
I-006384,O-02153,Noise Cancelling Headphones,Electronics,300,3
I-006385,O-02153,Noise Cancelling Headphones,Electronics,300,1
I-006386,O-02154,Wireless Mouse,Accessories,50,1
I-006387,O-02155,Mechanical Keyboard,Accessories,130,1
I-006388,O-02155,Webcam 1080p,Accessories,80,3
I-006389,O-02155,Noise Cancelling Headphones,Electronics,300,3
I-006390,O-02155,Laptop Pro,Electronics,1200,3
I-006391,O-02155,Monitor Stand,Accessories,75,1
I-006392,O-02156,Laptop Pro,Electronics,1200,1
I-006393,O-02156,Webcam 1080p,Accessories,80,1
I-006394,O-02156,Webcam 1080p,Accessories,80,2
I-006395,O-02157,4K Monitor,Electronics,400,1
I-006396,O-02157,4K Monitor,Electronics,400,1
I-006397,O-02157,Noise Cancelling Headphones,Electronics,300,1
I-006398,O-02157,Noise Cancelling Headphones,Electronics,300,2
I-006399,O-02157,Mechanical Keyboard,Accessories,130,1
I-006400,O-02158,Mechanical Keyboard,Accessories,130,1
I-006401,O-02158,4K Monitor,Electronics,400,3
I-006402,O-02158,Office Chair,Furniture,250,2
I-006403,O-02158,4K Monitor,Electronics,400,2
I-006404,O-02158,Laptop Pro,Electronics,1200,2
I-006405,O-02159,Wireless Mouse,Accessories,50,3
I-006406,O-02159,Standing Desk,Furniture,600,3
I-006407,O-02159,Mechanical Keyboard,Accessories,130,1
I-006408,O-02159,Noise Cancelling Headphones,Electronics,300,3
I-006409,O-02159,Monitor Stand,Accessories,75,2
I-006410,O-02160,Monitor Stand,Accessories,75,3
I-006411,O-02160,Webcam 1080p,Accessories,80,1
I-006412,O-02160,Mechanical Keyboard,Accessories,130,2
I-006413,O-02160,Laptop Pro,Electronics,1200,2
I-006414,O-02160,Laptop Pro,Electronics,1200,2
I-006415,O-02161,4K Monitor,Electronics,400,3
I-006416,O-02161,Noise Cancelling Headphones,Electronics,300,1
I-006417,O-02161,Wireless Mouse,Accessories,50,2
I-006418,O-02161,Wireless Mouse,Accessories,50,3
I-006419,O-02162,Laptop Pro,Electronics,1200,2
I-006420,O-02162,4K Monitor,Electronics,400,3
I-006421,O-02162,Laptop Pro,Electronics,1200,3
I-006422,O-02162,Wireless Mouse,Accessories,50,2
I-006423,O-02163,4K Monitor,Electronics,400,3
I-006424,O-02163,Monitor Stand,Accessories,75,1
I-006425,O-02164,Standing Desk,Furniture,600,2
I-006426,O-02164,Monitor Stand,Accessories,75,3
I-006427,O-02164,Webcam 1080p,Accessories,80,3
I-006428,O-02164,Standing Desk,Furniture,600,1
I-006429,O-02165,Laptop Pro,Electronics,1200,2
I-006430,O-02165,Monitor Stand,Accessories,75,1
I-006431,O-02165,Standing Desk,Furniture,600,3
I-006432,O-02166,Wireless Mouse,Accessories,50,1
I-006433,O-02166,Monitor Stand,Accessories,75,1
I-006434,O-02166,Mechanical Keyboard,Accessories,130,2
I-006435,O-02166,Mechanical Keyboard,Accessories,130,2
I-006436,O-02167,4K Monitor,Electronics,400,3
I-006437,O-02167,Office Chair,Furniture,250,3
I-006438,O-02167,Monitor Stand,Accessories,75,3
I-006439,O-02167,Laptop Pro,Electronics,1200,3
I-006440,O-02167,Webcam 1080p,Accessories,80,2
I-006441,O-02168,Office Chair,Furniture,250,3
I-006442,O-02168,Laptop Pro,Electronics,1200,2
I-006443,O-02169,Noise Cancelling Headphones,Electronics,300,3
I-006444,O-02169,Monitor Stand,Accessories,75,2
I-006445,O-02169,Mechanical Keyboard,Accessories,130,3
I-006446,O-02170,Laptop Pro,Electronics,1200,1
I-006447,O-02170,Mechanical Keyboard,Accessories,130,1
I-006448,O-02170,Office Chair,Furniture,250,3
I-006449,O-02170,Laptop Pro,Electronics,1200,2
I-006450,O-02171,Monitor Stand,Accessories,75,1
I-006451,O-02172,4K Monitor,Electronics,400,2
I-006452,O-02172,Office Chair,Furniture,250,3
I-006453,O-02172,4K Monitor,Electronics,400,3
I-006454,O-02173,Laptop Pro,Electronics,1200,1
I-006455,O-02173,Webcam 1080p,Accessories,80,2
I-006456,O-02174,Monitor Stand,Accessories,75,2
I-006457,O-02174,Standing Desk,Furniture,600,2
I-006458,O-02174,Office Chair,Furniture,250,2
I-006459,O-02174,Laptop Pro,Electronics,1200,1
I-006460,O-02174,Monitor Stand,Accessories,75,3
I-006461,O-02175,4K Monitor,Electronics,400,1
I-006462,O-02175,Laptop Pro,Electronics,1200,2
I-006463,O-02175,Laptop Pro,Electronics,1200,1
I-006464,O-02175,Noise Cancelling Headphones,Electronics,300,1
I-006465,O-02176,4K Monitor,Electronics,400,3
I-006466,O-02177,Monitor Stand,Accessories,75,3
I-006467,O-02177,Standing Desk,Furniture,600,3
I-006468,O-02178,Webcam 1080p,Accessories,80,3
I-006469,O-02178,Noise Cancelling Headphones,Electronics,300,2
I-006470,O-02179,Office Chair,Furniture,250,2
I-006471,O-02180,Webcam 1080p,Accessories,80,2
I-006472,O-02180,Monitor Stand,Accessories,75,2
I-006473,O-02180,Webcam 1080p,Accessories,80,3
I-006474,O-02180,Laptop Pro,Electronics,1200,3
I-006475,O-02181,Monitor Stand,Accessories,75,3
I-006476,O-02182,Webcam 1080p,Accessories,80,2
I-006477,O-02183,Standing Desk,Furniture,600,3
I-006478,O-02183,Mechanical Keyboard,Accessories,130,1
I-006479,O-02183,Office Chair,Furniture,250,2
I-006480,O-02184,4K Monitor,Electronics,400,2
I-006481,O-02184,Noise Cancelling Headphones,Electronics,300,1
I-006482,O-02184,Standing Desk,Furniture,600,3
I-006483,O-02185,Monitor Stand,Accessories,75,3
I-006484,O-02185,Laptop Pro,Electronics,1200,1
I-006485,O-02185,Standing Desk,Furniture,600,3
I-006486,O-02185,Mechanical Keyboard,Accessories,130,1
I-006487,O-02186,4K Monitor,Electronics,400,1
I-006488,O-02186,4K Monitor,Electronics,400,3
I-006489,O-02186,Mechanical Keyboard,Accessories,130,3
I-006490,O-02187,Noise Cancelling Headphones,Electronics,300,2
I-006491,O-02188,Wireless Mouse,Accessories,50,1
I-006492,O-02188,Office Chair,Furniture,250,1
I-006493,O-02188,Monitor Stand,Accessories,75,2
I-006494,O-02188,Monitor Stand,Accessories,75,3
I-006495,O-02188,Noise Cancelling Headphones,Electronics,300,1
I-006496,O-02189,4K Monitor,Electronics,400,3
I-006497,O-02189,Webcam 1080p,Accessories,80,3
I-006498,O-02189,Mechanical Keyboard,Accessories,130,1
I-006499,O-02189,4K Monitor,Electronics,400,3
I-006500,O-02190,Monitor Stand,Accessories,75,2
I-006501,O-02190,4K Monitor,Electronics,400,3
I-006502,O-02190,Monitor Stand,Accessories,75,1
I-006503,O-02190,Webcam 1080p,Accessories,80,2
I-006504,O-02190,Monitor Stand,Accessories,75,2
I-006505,O-02191,Office Chair,Furniture,250,3
I-006506,O-02191,Office Chair,Furniture,250,3
I-006507,O-02191,4K Monitor,Electronics,400,3
I-006508,O-02191,Laptop Pro,Electronics,1200,1
I-006509,O-02191,4K Monitor,Electronics,400,1
I-006510,O-02192,Webcam 1080p,Accessories,80,1
I-006511,O-02192,Office Chair,Furniture,250,2
I-006512,O-02192,Webcam 1080p,Accessories,80,1
I-006513,O-02192,Webcam 1080p,Accessories,80,1
I-006514,O-02193,Laptop Pro,Electronics,1200,3
I-006515,O-02193,Standing Desk,Furniture,600,3
I-006516,O-02193,Laptop Pro,Electronics,1200,2
I-006517,O-02193,Noise Cancelling Headphones,Electronics,300,1
I-006518,O-02194,Office Chair,Furniture,250,3
I-006519,O-02194,Monitor Stand,Accessories,75,3
I-006520,O-02194,Standing Desk,Furniture,600,2
I-006521,O-02194,Wireless Mouse,Accessories,50,2
I-006522,O-02195,4K Monitor,Electronics,400,1
I-006523,O-02195,Monitor Stand,Accessories,75,3
I-006524,O-02195,Laptop Pro,Electronics,1200,3
I-006525,O-02196,Office Chair,Furniture,250,2
I-006526,O-02196,Wireless Mouse,Accessories,50,2
I-006527,O-02196,Mechanical Keyboard,Accessories,130,2
I-006528,O-02196,4K Monitor,Electronics,400,3
I-006529,O-02196,Wireless Mouse,Accessories,50,2
I-006530,O-02197,4K Monitor,Electronics,400,1
I-006531,O-02197,Monitor Stand,Accessories,75,1
I-006532,O-02197,Monitor Stand,Accessories,75,2
I-006533,O-02197,Office Chair,Furniture,250,2
I-006534,O-02197,Monitor Stand,Accessories,75,2
I-006535,O-02198,Mechanical Keyboard,Accessories,130,1
I-006536,O-02198,Monitor Stand,Accessories,75,3
I-006537,O-02198,Mechanical Keyboard,Accessories,130,2
I-006538,O-02199,Standing Desk,Furniture,600,3
I-006539,O-02199,Webcam 1080p,Accessories,80,3
I-006540,O-02199,Wireless Mouse,Accessories,50,1
I-006541,O-02200,Wireless Mouse,Accessories,50,2
I-006542,O-02200,Noise Cancelling Headphones,Electronics,300,1
I-006543,O-02200,Monitor Stand,Accessories,75,3
I-006544,O-02200,Noise Cancelling Headphones,Electronics,300,1
I-006545,O-02201,Monitor Stand,Accessories,75,3
I-006546,O-02201,Office Chair,Furniture,250,3
I-006547,O-02201,Laptop Pro,Electronics,1200,2
I-006548,O-02201,4K Monitor,Electronics,400,1
I-006549,O-02202,Laptop Pro,Electronics,1200,3
I-006550,O-02203,Wireless Mouse,Accessories,50,2
I-006551,O-02203,Wireless Mouse,Accessories,50,2
I-006552,O-02203,Wireless Mouse,Accessories,50,2
I-006553,O-02203,Office Chair,Furniture,250,3
I-006554,O-02204,Office Chair,Furniture,250,1
I-006555,O-02204,Wireless Mouse,Accessories,50,1
I-006556,O-02204,Office Chair,Furniture,250,1
I-006557,O-02204,Laptop Pro,Electronics,1200,1
I-006558,O-02205,Standing Desk,Furniture,600,3
I-006559,O-02205,Laptop Pro,Electronics,1200,2
I-006560,O-02205,Monitor Stand,Accessories,75,3
I-006561,O-02206,4K Monitor,Electronics,400,1
I-006562,O-02206,Webcam 1080p,Accessories,80,2
I-006563,O-02206,Laptop Pro,Electronics,1200,3
I-006564,O-02206,Webcam 1080p,Accessories,80,3
I-006565,O-02206,Mechanical Keyboard,Accessories,130,2
I-006566,O-02207,Standing Desk,Furniture,600,1
I-006567,O-02207,Webcam 1080p,Accessories,80,3
I-006568,O-02207,Wireless Mouse,Accessories,50,3
I-006569,O-02207,Noise Cancelling Headphones,Electronics,300,2
I-006570,O-02208,Webcam 1080p,Accessories,80,1
I-006571,O-02208,Webcam 1080p,Accessories,80,3
I-006572,O-02208,Webcam 1080p,Accessories,80,2
I-006573,O-02208,Office Chair,Furniture,250,2
I-006574,O-02209,4K Monitor,Electronics,400,1
I-006575,O-02209,Monitor Stand,Accessories,75,3
I-006576,O-02210,Webcam 1080p,Accessories,80,1
I-006577,O-02211,Mechanical Keyboard,Accessories,130,2
I-006578,O-02211,Office Chair,Furniture,250,2
I-006579,O-02212,Monitor Stand,Accessories,75,3
I-006580,O-02212,Standing Desk,Furniture,600,2
I-006581,O-02213,Laptop Pro,Electronics,1200,2
I-006582,O-02213,Mechanical Keyboard,Accessories,130,3
I-006583,O-02213,Webcam 1080p,Accessories,80,1
I-006584,O-02213,4K Monitor,Electronics,400,2
I-006585,O-02213,Monitor Stand,Accessories,75,1
I-006586,O-02214,Standing Desk,Furniture,600,3
I-006587,O-02215,Mechanical Keyboard,Accessories,130,2
I-006588,O-02215,Noise Cancelling Headphones,Electronics,300,2
I-006589,O-02216,Laptop Pro,Electronics,1200,2
I-006590,O-02217,Office Chair,Furniture,250,2
I-006591,O-02217,Monitor Stand,Accessories,75,3
I-006592,O-02217,4K Monitor,Electronics,400,1
I-006593,O-02218,Noise Cancelling Headphones,Electronics,300,1
I-006594,O-02218,Laptop Pro,Electronics,1200,1
I-006595,O-02219,Webcam 1080p,Accessories,80,2
I-006596,O-02219,Webcam 1080p,Accessories,80,3
I-006597,O-02220,Standing Desk,Furniture,600,1
I-006598,O-02220,Standing Desk,Furniture,600,2
I-006599,O-02220,Mechanical Keyboard,Accessories,130,2
I-006600,O-02220,Webcam 1080p,Accessories,80,2
I-006601,O-02220,Standing Desk,Furniture,600,1
I-006602,O-02221,4K Monitor,Electronics,400,3
I-006603,O-02221,4K Monitor,Electronics,400,3
I-006604,O-02222,Mechanical Keyboard,Accessories,130,3
I-006605,O-02222,Laptop Pro,Electronics,1200,3
I-006606,O-02223,Standing Desk,Furniture,600,1
I-006607,O-02223,Noise Cancelling Headphones,Electronics,300,3
I-006608,O-02223,Webcam 1080p,Accessories,80,3
I-006609,O-02223,Monitor Stand,Accessories,75,1
I-006610,O-02224,4K Monitor,Electronics,400,2
I-006611,O-02225,Noise Cancelling Headphones,Electronics,300,3
I-006612,O-02225,Office Chair,Furniture,250,3
I-006613,O-02226,Laptop Pro,Electronics,1200,1
I-006614,O-02226,4K Monitor,Electronics,400,2
I-006615,O-02227,Mechanical Keyboard,Accessories,130,2
I-006616,O-02227,Wireless Mouse,Accessories,50,1
I-006617,O-02227,4K Monitor,Electronics,400,1
I-006618,O-02227,Office Chair,Furniture,250,3
I-006619,O-02227,Noise Cancelling Headphones,Electronics,300,3
I-006620,O-02228,Mechanical Keyboard,Accessories,130,3
I-006621,O-02229,Monitor Stand,Accessories,75,2
I-006622,O-02229,Mechanical Keyboard,Accessories,130,2
I-006623,O-02229,Mechanical Keyboard,Accessories,130,1
I-006624,O-02229,Laptop Pro,Electronics,1200,2
I-006625,O-02230,Office Chair,Furniture,250,2
I-006626,O-02230,Standing Desk,Furniture,600,2
I-006627,O-02230,Monitor Stand,Accessories,75,1
I-006628,O-02231,Wireless Mouse,Accessories,50,1
I-006629,O-02231,Mechanical Keyboard,Accessories,130,2
I-006630,O-02231,Monitor Stand,Accessories,75,3
I-006631,O-02231,Laptop Pro,Electronics,1200,3
I-006632,O-02231,4K Monitor,Electronics,400,1
I-006633,O-02232,4K Monitor,Electronics,400,3
I-006634,O-02233,Office Chair,Furniture,250,2
I-006635,O-02233,4K Monitor,Electronics,400,3
I-006636,O-02233,Wireless Mouse,Accessories,50,3
I-006637,O-02234,Noise Cancelling Headphones,Electronics,300,3
I-006638,O-02234,Standing Desk,Furniture,600,3
I-006639,O-02234,Noise Cancelling Headphones,Electronics,300,2
I-006640,O-02235,Mechanical Keyboard,Accessories,130,2
I-006641,O-02235,Standing Desk,Furniture,600,2
I-006642,O-02235,Noise Cancelling Headphones,Electronics,300,2
I-006643,O-02235,Standing Desk,Furniture,600,3
I-006644,O-02235,4K Monitor,Electronics,400,3
I-006645,O-02236,Noise Cancelling Headphones,Electronics,300,2
I-006646,O-02236,Laptop Pro,Electronics,1200,3
I-006647,O-02237,Office Chair,Furniture,250,1
I-006648,O-02237,Office Chair,Furniture,250,3
I-006649,O-02238,Mechanical Keyboard,Accessories,130,1
I-006650,O-02238,Webcam 1080p,Accessories,80,3
I-006651,O-02238,Standing Desk,Furniture,600,3
I-006652,O-02238,Wireless Mouse,Accessories,50,1
I-006653,O-02238,Wireless Mouse,Accessories,50,3
I-006654,O-02239,Wireless Mouse,Accessories,50,1
I-006655,O-02239,Office Chair,Furniture,250,3
I-006656,O-02239,4K Monitor,Electronics,400,3
I-006657,O-02239,Laptop Pro,Electronics,1200,3
I-006658,O-02240,Laptop Pro,Electronics,1200,1
I-006659,O-02240,Webcam 1080p,Accessories,80,1
I-006660,O-02240,Wireless Mouse,Accessories,50,3
I-006661,O-02240,Noise Cancelling Headphones,Electronics,300,3
I-006662,O-02241,Standing Desk,Furniture,600,3
I-006663,O-02242,Wireless Mouse,Accessories,50,1
I-006664,O-02242,Wireless Mouse,Accessories,50,1
I-006665,O-02243,Office Chair,Furniture,250,1
I-006666,O-02243,Webcam 1080p,Accessories,80,1
I-006667,O-02244,Monitor Stand,Accessories,75,3
I-006668,O-02244,Monitor Stand,Accessories,75,3
I-006669,O-02244,Wireless Mouse,Accessories,50,3
I-006670,O-02244,Webcam 1080p,Accessories,80,3
I-006671,O-02244,Mechanical Keyboard,Accessories,130,3
I-006672,O-02245,Standing Desk,Furniture,600,1
I-006673,O-02245,Wireless Mouse,Accessories,50,2
I-006674,O-02245,Mechanical Keyboard,Accessories,130,2
I-006675,O-02245,Noise Cancelling Headphones,Electronics,300,1
I-006676,O-02246,Laptop Pro,Electronics,1200,2
I-006677,O-02246,Standing Desk,Furniture,600,2
I-006678,O-02246,Webcam 1080p,Accessories,80,3
I-006679,O-02247,4K Monitor,Electronics,400,3
I-006680,O-02247,Laptop Pro,Electronics,1200,1
I-006681,O-02248,Office Chair,Furniture,250,1
I-006682,O-02248,Noise Cancelling Headphones,Electronics,300,1
I-006683,O-02248,Standing Desk,Furniture,600,2
I-006684,O-02248,Mechanical Keyboard,Accessories,130,2
I-006685,O-02249,Noise Cancelling Headphones,Electronics,300,1
I-006686,O-02249,4K Monitor,Electronics,400,1
I-006687,O-02249,Noise Cancelling Headphones,Electronics,300,1
I-006688,O-02249,Noise Cancelling Headphones,Electronics,300,3
I-006689,O-02250,Mechanical Keyboard,Accessories,130,2
I-006690,O-02251,Laptop Pro,Electronics,1200,2
I-006691,O-02251,Noise Cancelling Headphones,Electronics,300,2
I-006692,O-02252,Monitor Stand,Accessories,75,2
I-006693,O-02252,Noise Cancelling Headphones,Electronics,300,3
I-006694,O-02252,Office Chair,Furniture,250,2
I-006695,O-02252,Webcam 1080p,Accessories,80,2
I-006696,O-02252,Laptop Pro,Electronics,1200,2
I-006697,O-02253,Laptop Pro,Electronics,1200,3
I-006698,O-02254,Webcam 1080p,Accessories,80,1
I-006699,O-02254,Office Chair,Furniture,250,2
I-006700,O-02254,Laptop Pro,Electronics,1200,1
I-006701,O-02254,Laptop Pro,Electronics,1200,2
I-006702,O-02255,Office Chair,Furniture,250,3
I-006703,O-02255,Monitor Stand,Accessories,75,2
I-006704,O-02255,Noise Cancelling Headphones,Electronics,300,1
I-006705,O-02255,Webcam 1080p,Accessories,80,3
I-006706,O-02255,Office Chair,Furniture,250,3
I-006707,O-02256,Monitor Stand,Accessories,75,3
I-006708,O-02257,Monitor Stand,Accessories,75,2
I-006709,O-02257,Mechanical Keyboard,Accessories,130,3
I-006710,O-02258,Monitor Stand,Accessories,75,3
I-006711,O-02258,Standing Desk,Furniture,600,3
I-006712,O-02259,Wireless Mouse,Accessories,50,3
I-006713,O-02259,4K Monitor,Electronics,400,2
I-006714,O-02259,Noise Cancelling Headphones,Electronics,300,3
I-006715,O-02259,Mechanical Keyboard,Accessories,130,3
I-006716,O-02260,Webcam 1080p,Accessories,80,2
I-006717,O-02260,4K Monitor,Electronics,400,3
I-006718,O-02260,Mechanical Keyboard,Accessories,130,1
I-006719,O-02260,Webcam 1080p,Accessories,80,2
I-006720,O-02260,4K Monitor,Electronics,400,1
I-006721,O-02261,Noise Cancelling Headphones,Electronics,300,1
I-006722,O-02261,Monitor Stand,Accessories,75,3
I-006723,O-02261,Monitor Stand,Accessories,75,2
I-006724,O-02262,Laptop Pro,Electronics,1200,1
I-006725,O-02262,4K Monitor,Electronics,400,2
I-006726,O-02262,Wireless Mouse,Accessories,50,3
I-006727,O-02262,Webcam 1080p,Accessories,80,2
I-006728,O-02263,Noise Cancelling Headphones,Electronics,300,1
I-006729,O-02263,4K Monitor,Electronics,400,2
I-006730,O-02263,4K Monitor,Electronics,400,1
I-006731,O-02263,Noise Cancelling Headphones,Electronics,300,2
I-006732,O-02264,Mechanical Keyboard,Accessories,130,1
I-006733,O-02265,Monitor Stand,Accessories,75,2
I-006734,O-02265,Wireless Mouse,Accessories,50,1
I-006735,O-02265,Laptop Pro,Electronics,1200,2
I-006736,O-02265,Mechanical Keyboard,Accessories,130,2
I-006737,O-02265,Monitor Stand,Accessories,75,2
I-006738,O-02266,Standing Desk,Furniture,600,2
I-006739,O-02266,Standing Desk,Furniture,600,2
I-006740,O-02266,Wireless Mouse,Accessories,50,3
I-006741,O-02267,Noise Cancelling Headphones,Electronics,300,3
I-006742,O-02267,Laptop Pro,Electronics,1200,3
I-006743,O-02268,Wireless Mouse,Accessories,50,2
I-006744,O-02268,Laptop Pro,Electronics,1200,1
I-006745,O-02268,Standing Desk,Furniture,600,1
I-006746,O-02268,Monitor Stand,Accessories,75,1
I-006747,O-02268,Wireless Mouse,Accessories,50,3
I-006748,O-02269,Monitor Stand,Accessories,75,2
I-006749,O-02269,4K Monitor,Electronics,400,3
I-006750,O-02269,Mechanical Keyboard,Accessories,130,3
I-006751,O-02269,Noise Cancelling Headphones,Electronics,300,2
I-006752,O-02270,Webcam 1080p,Accessories,80,3
I-006753,O-02270,Laptop Pro,Electronics,1200,2
I-006754,O-02270,Mechanical Keyboard,Accessories,130,2
I-006755,O-02271,Noise Cancelling Headphones,Electronics,300,1
I-006756,O-02271,Laptop Pro,Electronics,1200,3
I-006757,O-02271,Monitor Stand,Accessories,75,1
I-006758,O-02271,Mechanical Keyboard,Accessories,130,1
I-006759,O-02272,Mechanical Keyboard,Accessories,130,3
I-006760,O-02272,Laptop Pro,Electronics,1200,1
I-006761,O-02272,4K Monitor,Electronics,400,1
I-006762,O-02273,Wireless Mouse,Accessories,50,1
I-006763,O-02273,Standing Desk,Furniture,600,2
I-006764,O-02273,Monitor Stand,Accessories,75,1
I-006765,O-02273,Office Chair,Furniture,250,1
I-006766,O-02274,Office Chair,Furniture,250,1
I-006767,O-02274,Noise Cancelling Headphones,Electronics,300,3
I-006768,O-02275,Webcam 1080p,Accessories,80,3
I-006769,O-02275,4K Monitor,Electronics,400,2
I-006770,O-02276,Laptop Pro,Electronics,1200,2
I-006771,O-02277,4K Monitor,Electronics,400,2
I-006772,O-02277,Webcam 1080p,Accessories,80,1
I-006773,O-02277,Mechanical Keyboard,Accessories,130,1
I-006774,O-02277,Wireless Mouse,Accessories,50,1
I-006775,O-02277,Office Chair,Furniture,250,2
I-006776,O-02278,Monitor Stand,Accessories,75,3
I-006777,O-02279,Laptop Pro,Electronics,1200,3
I-006778,O-02279,Laptop Pro,Electronics,1200,3
I-006779,O-02279,Noise Cancelling Headphones,Electronics,300,3
I-006780,O-02280,Laptop Pro,Electronics,1200,3
I-006781,O-02281,Webcam 1080p,Accessories,80,1
I-006782,O-02281,4K Monitor,Electronics,400,3
I-006783,O-02281,Noise Cancelling Headphones,Electronics,300,1
I-006784,O-02282,Wireless Mouse,Accessories,50,3
I-006785,O-02282,Laptop Pro,Electronics,1200,2
I-006786,O-02282,Noise Cancelling Headphones,Electronics,300,1
I-006787,O-02283,Laptop Pro,Electronics,1200,1
I-006788,O-02283,4K Monitor,Electronics,400,2
I-006789,O-02283,Wireless Mouse,Accessories,50,3
I-006790,O-02283,Laptop Pro,Electronics,1200,2
I-006791,O-02284,Laptop Pro,Electronics,1200,2
I-006792,O-02285,Webcam 1080p,Accessories,80,3
I-006793,O-02285,Noise Cancelling Headphones,Electronics,300,3
I-006794,O-02285,4K Monitor,Electronics,400,2
I-006795,O-02286,Standing Desk,Furniture,600,3
I-006796,O-02286,Standing Desk,Furniture,600,2
I-006797,O-02286,Office Chair,Furniture,250,2
I-006798,O-02286,4K Monitor,Electronics,400,3
I-006799,O-02286,Noise Cancelling Headphones,Electronics,300,3
I-006800,O-02287,Wireless Mouse,Accessories,50,2
I-006801,O-02287,Noise Cancelling Headphones,Electronics,300,1
I-006802,O-02287,Monitor Stand,Accessories,75,2
I-006803,O-02287,4K Monitor,Electronics,400,3
I-006804,O-02287,Office Chair,Furniture,250,1
I-006805,O-02288,Noise Cancelling Headphones,Electronics,300,3
I-006806,O-02288,Mechanical Keyboard,Accessories,130,1
I-006807,O-02288,Wireless Mouse,Accessories,50,1
I-006808,O-02288,Mechanical Keyboard,Accessories,130,3
I-006809,O-02288,Noise Cancelling Headphones,Electronics,300,1
I-006810,O-02289,Office Chair,Furniture,250,1
I-006811,O-02290,Monitor Stand,Accessories,75,3
I-006812,O-02290,4K Monitor,Electronics,400,2
I-006813,O-02291,Standing Desk,Furniture,600,2
I-006814,O-02291,Laptop Pro,Electronics,1200,1
I-006815,O-02292,Monitor Stand,Accessories,75,1
I-006816,O-02292,Mechanical Keyboard,Accessories,130,2
I-006817,O-02292,Noise Cancelling Headphones,Electronics,300,1
I-006818,O-02293,Mechanical Keyboard,Accessories,130,1
I-006819,O-02293,Monitor Stand,Accessories,75,3
I-006820,O-02293,Office Chair,Furniture,250,2
I-006821,O-02293,Mechanical Keyboard,Accessories,130,2
I-006822,O-02294,4K Monitor,Electronics,400,3
I-006823,O-02294,Wireless Mouse,Accessories,50,2
I-006824,O-02295,Webcam 1080p,Accessories,80,1
I-006825,O-02295,Mechanical Keyboard,Accessories,130,2
I-006826,O-02295,Mechanical Keyboard,Accessories,130,1
I-006827,O-02296,Webcam 1080p,Accessories,80,2
I-006828,O-02296,Noise Cancelling Headphones,Electronics,300,1
I-006829,O-02296,4K Monitor,Electronics,400,3
I-006830,O-02296,Noise Cancelling Headphones,Electronics,300,1
I-006831,O-02297,Monitor Stand,Accessories,75,2
I-006832,O-02297,Mechanical Keyboard,Accessories,130,3
I-006833,O-02297,Monitor Stand,Accessories,75,1
I-006834,O-02298,Monitor Stand,Accessories,75,2
I-006835,O-02298,4K Monitor,Electronics,400,1
I-006836,O-02298,Monitor Stand,Accessories,75,1
I-006837,O-02298,Monitor Stand,Accessories,75,3
I-006838,O-02299,Standing Desk,Furniture,600,1
I-006839,O-02299,Laptop Pro,Electronics,1200,3
I-006840,O-02300,Webcam 1080p,Accessories,80,3
I-006841,O-02300,Office Chair,Furniture,250,3
I-006842,O-02300,Laptop Pro,Electronics,1200,2
I-006843,O-02301,4K Monitor,Electronics,400,3
I-006844,O-02302,Webcam 1080p,Accessories,80,1
I-006845,O-02303,Webcam 1080p,Accessories,80,2
I-006846,O-02304,Webcam 1080p,Accessories,80,2
I-006847,O-02304,Laptop Pro,Electronics,1200,3
I-006848,O-02304,Webcam 1080p,Accessories,80,2
I-006849,O-02304,Laptop Pro,Electronics,1200,3
I-006850,O-02304,Office Chair,Furniture,250,2
I-006851,O-02305,Standing Desk,Furniture,600,1
I-006852,O-02306,4K Monitor,Electronics,400,3
I-006853,O-02306,Monitor Stand,Accessories,75,2
I-006854,O-02307,Office Chair,Furniture,250,2
I-006855,O-02307,Webcam 1080p,Accessories,80,3
I-006856,O-02308,Standing Desk,Furniture,600,1
I-006857,O-02309,Standing Desk,Furniture,600,1
I-006858,O-02310,Webcam 1080p,Accessories,80,1
I-006859,O-02310,Noise Cancelling Headphones,Electronics,300,1
I-006860,O-02310,Webcam 1080p,Accessories,80,1
I-006861,O-02310,Monitor Stand,Accessories,75,2
I-006862,O-02311,Laptop Pro,Electronics,1200,1
I-006863,O-02312,Wireless Mouse,Accessories,50,2
I-006864,O-02312,Standing Desk,Furniture,600,3
I-006865,O-02312,Wireless Mouse,Accessories,50,3
I-006866,O-02313,Office Chair,Furniture,250,2
I-006867,O-02313,4K Monitor,Electronics,400,1
I-006868,O-02313,4K Monitor,Electronics,400,2
I-006869,O-02313,Laptop Pro,Electronics,1200,3
I-006870,O-02313,Office Chair,Furniture,250,1
I-006871,O-02314,Mechanical Keyboard,Accessories,130,2
I-006872,O-02314,Mechanical Keyboard,Accessories,130,3
I-006873,O-02315,Standing Desk,Furniture,600,1
I-006874,O-02315,4K Monitor,Electronics,400,1
I-006875,O-02315,Webcam 1080p,Accessories,80,2
I-006876,O-02315,4K Monitor,Electronics,400,2
I-006877,O-02315,Noise Cancelling Headphones,Electronics,300,3
I-006878,O-02316,Wireless Mouse,Accessories,50,1
I-006879,O-02316,Office Chair,Furniture,250,1
I-006880,O-02316,Standing Desk,Furniture,600,2
I-006881,O-02316,Wireless Mouse,Accessories,50,2
I-006882,O-02316,Webcam 1080p,Accessories,80,1
I-006883,O-02317,Noise Cancelling Headphones,Electronics,300,2
I-006884,O-02318,Mechanical Keyboard,Accessories,130,3
I-006885,O-02319,Laptop Pro,Electronics,1200,1
I-006886,O-02319,Mechanical Keyboard,Accessories,130,1
I-006887,O-02319,4K Monitor,Electronics,400,3
I-006888,O-02320,Noise Cancelling Headphones,Electronics,300,3
I-006889,O-02320,4K Monitor,Electronics,400,2
I-006890,O-02320,Wireless Mouse,Accessories,50,2
I-006891,O-02321,Webcam 1080p,Accessories,80,2
I-006892,O-02321,Standing Desk,Furniture,600,1
I-006893,O-02322,Monitor Stand,Accessories,75,1
I-006894,O-02323,Laptop Pro,Electronics,1200,2
I-006895,O-02324,Webcam 1080p,Accessories,80,3
I-006896,O-02324,Laptop Pro,Electronics,1200,1
I-006897,O-02324,Laptop Pro,Electronics,1200,1
I-006898,O-02324,4K Monitor,Electronics,400,3
I-006899,O-02324,Webcam 1080p,Accessories,80,2
I-006900,O-02325,Mechanical Keyboard,Accessories,130,2
I-006901,O-02325,Laptop Pro,Electronics,1200,3
I-006902,O-02325,Standing Desk,Furniture,600,2
I-006903,O-02325,Office Chair,Furniture,250,3
I-006904,O-02326,Standing Desk,Furniture,600,3
I-006905,O-02326,Webcam 1080p,Accessories,80,1
I-006906,O-02327,Noise Cancelling Headphones,Electronics,300,1
I-006907,O-02327,Office Chair,Furniture,250,1
I-006908,O-02327,Standing Desk,Furniture,600,2
I-006909,O-02327,Webcam 1080p,Accessories,80,2
I-006910,O-02327,Noise Cancelling Headphones,Electronics,300,2
I-006911,O-02328,Standing Desk,Furniture,600,1
I-006912,O-02328,Noise Cancelling Headphones,Electronics,300,3
I-006913,O-02328,Monitor Stand,Accessories,75,2
I-006914,O-02328,Laptop Pro,Electronics,1200,1
I-006915,O-02329,Mechanical Keyboard,Accessories,130,2
I-006916,O-02330,Office Chair,Furniture,250,1
I-006917,O-02330,Webcam 1080p,Accessories,80,2
I-006918,O-02330,Wireless Mouse,Accessories,50,3
I-006919,O-02331,Wireless Mouse,Accessories,50,3
I-006920,O-02331,Laptop Pro,Electronics,1200,3
I-006921,O-02331,Wireless Mouse,Accessories,50,1
I-006922,O-02332,Noise Cancelling Headphones,Electronics,300,1
I-006923,O-02332,Office Chair,Furniture,250,1
I-006924,O-02333,Standing Desk,Furniture,600,1
I-006925,O-02334,Laptop Pro,Electronics,1200,1
I-006926,O-02334,Webcam 1080p,Accessories,80,3
I-006927,O-02334,Monitor Stand,Accessories,75,3
I-006928,O-02334,Standing Desk,Furniture,600,3
I-006929,O-02334,Monitor Stand,Accessories,75,2
I-006930,O-02335,Office Chair,Furniture,250,2
I-006931,O-02335,Laptop Pro,Electronics,1200,1
I-006932,O-02335,Noise Cancelling Headphones,Electronics,300,1
I-006933,O-02335,Wireless Mouse,Accessories,50,3
I-006934,O-02335,Monitor Stand,Accessories,75,1
I-006935,O-02336,Webcam 1080p,Accessories,80,2
I-006936,O-02336,Monitor Stand,Accessories,75,2
I-006937,O-02336,Webcam 1080p,Accessories,80,3
I-006938,O-02337,Noise Cancelling Headphones,Electronics,300,1
I-006939,O-02337,Mechanical Keyboard,Accessories,130,3
I-006940,O-02337,Office Chair,Furniture,250,3
I-006941,O-02337,4K Monitor,Electronics,400,3
I-006942,O-02337,Wireless Mouse,Accessories,50,2
I-006943,O-02338,Wireless Mouse,Accessories,50,1
I-006944,O-02338,Laptop Pro,Electronics,1200,2
I-006945,O-02338,Webcam 1080p,Accessories,80,3
I-006946,O-02339,Noise Cancelling Headphones,Electronics,300,1
I-006947,O-02339,Noise Cancelling Headphones,Electronics,300,2
I-006948,O-02340,Monitor Stand,Accessories,75,2
I-006949,O-02340,Wireless Mouse,Accessories,50,1
I-006950,O-02340,Office Chair,Furniture,250,3
I-006951,O-02341,Wireless Mouse,Accessories,50,1
I-006952,O-02341,Webcam 1080p,Accessories,80,3
I-006953,O-02341,Wireless Mouse,Accessories,50,3
I-006954,O-02341,Noise Cancelling Headphones,Electronics,300,1
I-006955,O-02341,Noise Cancelling Headphones,Electronics,300,1
I-006956,O-02342,Monitor Stand,Accessories,75,1
I-006957,O-02342,Webcam 1080p,Accessories,80,3
I-006958,O-02343,Standing Desk,Furniture,600,3
I-006959,O-02343,Wireless Mouse,Accessories,50,3
I-006960,O-02343,Monitor Stand,Accessories,75,2
I-006961,O-02343,Webcam 1080p,Accessories,80,3
I-006962,O-02343,Noise Cancelling Headphones,Electronics,300,1
I-006963,O-02344,4K Monitor,Electronics,400,3
I-006964,O-02344,Monitor Stand,Accessories,75,2
I-006965,O-02344,Standing Desk,Furniture,600,1
I-006966,O-02345,Monitor Stand,Accessories,75,3
I-006967,O-02345,Mechanical Keyboard,Accessories,130,2
I-006968,O-02345,Laptop Pro,Electronics,1200,3
I-006969,O-02345,4K Monitor,Electronics,400,2
I-006970,O-02345,Office Chair,Furniture,250,1
I-006971,O-02346,Monitor Stand,Accessories,75,3
I-006972,O-02347,Standing Desk,Furniture,600,2
I-006973,O-02348,Mechanical Keyboard,Accessories,130,3
I-006974,O-02348,Standing Desk,Furniture,600,3
I-006975,O-02349,Laptop Pro,Electronics,1200,3
I-006976,O-02349,Webcam 1080p,Accessories,80,1
I-006977,O-02350,Webcam 1080p,Accessories,80,2
I-006978,O-02350,Mechanical Keyboard,Accessories,130,1
I-006979,O-02350,Wireless Mouse,Accessories,50,3
I-006980,O-02350,Mechanical Keyboard,Accessories,130,1
I-006981,O-02350,Office Chair,Furniture,250,3
I-006982,O-02351,Wireless Mouse,Accessories,50,1
I-006983,O-02351,Standing Desk,Furniture,600,1
I-006984,O-02352,Wireless Mouse,Accessories,50,1
I-006985,O-02353,Office Chair,Furniture,250,1
I-006986,O-02353,Wireless Mouse,Accessories,50,1
I-006987,O-02353,Webcam 1080p,Accessories,80,2
I-006988,O-02353,Webcam 1080p,Accessories,80,1
I-006989,O-02353,Wireless Mouse,Accessories,50,2
I-006990,O-02354,Mechanical Keyboard,Accessories,130,1
I-006991,O-02354,Office Chair,Furniture,250,3
I-006992,O-02354,Wireless Mouse,Accessories,50,3
I-006993,O-02355,Laptop Pro,Electronics,1200,2
I-006994,O-02356,4K Monitor,Electronics,400,1
I-006995,O-02356,Wireless Mouse,Accessories,50,1
I-006996,O-02356,Laptop Pro,Electronics,1200,1
I-006997,O-02356,Wireless Mouse,Accessories,50,3
I-006998,O-02356,4K Monitor,Electronics,400,1
I-006999,O-02357,Office Chair,Furniture,250,3
I-007000,O-02358,Wireless Mouse,Accessories,50,3
I-007001,O-02358,Wireless Mouse,Accessories,50,2
I-007002,O-02359,Monitor Stand,Accessories,75,2
I-007003,O-02359,Webcam 1080p,Accessories,80,3
I-007004,O-02359,Standing Desk,Furniture,600,1
I-007005,O-02359,Laptop Pro,Electronics,1200,1
I-007006,O-02360,Mechanical Keyboard,Accessories,130,1
I-007007,O-02360,Monitor Stand,Accessories,75,2
I-007008,O-02361,Monitor Stand,Accessories,75,1
I-007009,O-02361,Laptop Pro,Electronics,1200,2
I-007010,O-02361,Webcam 1080p,Accessories,80,3
I-007011,O-02362,Office Chair,Furniture,250,1
I-007012,O-02362,Noise Cancelling Headphones,Electronics,300,3
I-007013,O-02362,Mechanical Keyboard,Accessories,130,3
I-007014,O-02362,Monitor Stand,Accessories,75,1
I-007015,O-02362,Webcam 1080p,Accessories,80,1
I-007016,O-02363,Standing Desk,Furniture,600,3
I-007017,O-02364,Webcam 1080p,Accessories,80,3
I-007018,O-02364,Laptop Pro,Electronics,1200,3
I-007019,O-02365,Mechanical Keyboard,Accessories,130,2
I-007020,O-02366,Laptop Pro,Electronics,1200,1
I-007021,O-02366,Webcam 1080p,Accessories,80,2
I-007022,O-02366,4K Monitor,Electronics,400,1
I-007023,O-02366,Webcam 1080p,Accessories,80,3
I-007024,O-02366,Wireless Mouse,Accessories,50,3
I-007025,O-02367,Laptop Pro,Electronics,1200,3
I-007026,O-02367,Monitor Stand,Accessories,75,1
I-007027,O-02367,Wireless Mouse,Accessories,50,1
I-007028,O-02368,Monitor Stand,Accessories,75,1
I-007029,O-02369,Laptop Pro,Electronics,1200,2
I-007030,O-02369,Monitor Stand,Accessories,75,2
I-007031,O-02369,Noise Cancelling Headphones,Electronics,300,1
I-007032,O-02369,Webcam 1080p,Accessories,80,2
I-007033,O-02369,Monitor Stand,Accessories,75,1
I-007034,O-02370,Webcam 1080p,Accessories,80,2
I-007035,O-02370,Laptop Pro,Electronics,1200,1
I-007036,O-02370,Mechanical Keyboard,Accessories,130,2
I-007037,O-02370,Monitor Stand,Accessories,75,3
I-007038,O-02371,Noise Cancelling Headphones,Electronics,300,1
I-007039,O-02371,Noise Cancelling Headphones,Electronics,300,2
I-007040,O-02371,Office Chair,Furniture,250,2
I-007041,O-02372,Webcam 1080p,Accessories,80,1
I-007042,O-02372,Standing Desk,Furniture,600,3
I-007043,O-02372,4K Monitor,Electronics,400,2
I-007044,O-02372,Wireless Mouse,Accessories,50,2
I-007045,O-02373,Office Chair,Furniture,250,3
I-007046,O-02374,Wireless Mouse,Accessories,50,2
I-007047,O-02374,Wireless Mouse,Accessories,50,1
I-007048,O-02374,Noise Cancelling Headphones,Electronics,300,1
I-007049,O-02374,Monitor Stand,Accessories,75,2
I-007050,O-02375,Office Chair,Furniture,250,3
I-007051,O-02375,Noise Cancelling Headphones,Electronics,300,1
I-007052,O-02376,Webcam 1080p,Accessories,80,3
I-007053,O-02376,Mechanical Keyboard,Accessories,130,1
I-007054,O-02376,Office Chair,Furniture,250,1
I-007055,O-02377,Noise Cancelling Headphones,Electronics,300,3
I-007056,O-02377,4K Monitor,Electronics,400,3
I-007057,O-02377,Webcam 1080p,Accessories,80,3
I-007058,O-02377,Mechanical Keyboard,Accessories,130,1
I-007059,O-02377,Mechanical Keyboard,Accessories,130,3
I-007060,O-02378,Webcam 1080p,Accessories,80,1
I-007061,O-02378,Wireless Mouse,Accessories,50,3
I-007062,O-02378,Office Chair,Furniture,250,3
I-007063,O-02378,Office Chair,Furniture,250,3
I-007064,O-02378,Noise Cancelling Headphones,Electronics,300,3
I-007065,O-02379,Office Chair,Furniture,250,1
I-007066,O-02379,Wireless Mouse,Accessories,50,3
I-007067,O-02379,Monitor Stand,Accessories,75,2
I-007068,O-02379,Office Chair,Furniture,250,2
I-007069,O-02380,Webcam 1080p,Accessories,80,2
I-007070,O-02380,Standing Desk,Furniture,600,3
I-007071,O-02381,Office Chair,Furniture,250,1
I-007072,O-02381,Office Chair,Furniture,250,1
I-007073,O-02382,Laptop Pro,Electronics,1200,2
I-007074,O-02382,Standing Desk,Furniture,600,3
I-007075,O-02383,Mechanical Keyboard,Accessories,130,3
I-007076,O-02383,Laptop Pro,Electronics,1200,2
I-007077,O-02383,Webcam 1080p,Accessories,80,3
I-007078,O-02383,Office Chair,Furniture,250,3
I-007079,O-02383,Noise Cancelling Headphones,Electronics,300,3
I-007080,O-02384,Mechanical Keyboard,Accessories,130,3
I-007081,O-02384,Noise Cancelling Headphones,Electronics,300,3
I-007082,O-02384,Monitor Stand,Accessories,75,2
I-007083,O-02385,Webcam 1080p,Accessories,80,2
I-007084,O-02385,Monitor Stand,Accessories,75,3
I-007085,O-02385,Office Chair,Furniture,250,2
I-007086,O-02386,Monitor Stand,Accessories,75,3
I-007087,O-02386,Webcam 1080p,Accessories,80,2
I-007088,O-02386,4K Monitor,Electronics,400,1
I-007089,O-02387,Wireless Mouse,Accessories,50,2
I-007090,O-02387,Office Chair,Furniture,250,1
I-007091,O-02387,Laptop Pro,Electronics,1200,3
I-007092,O-02387,Monitor Stand,Accessories,75,3
I-007093,O-02388,4K Monitor,Electronics,400,3
I-007094,O-02389,Mechanical Keyboard,Accessories,130,2
I-007095,O-02389,Noise Cancelling Headphones,Electronics,300,3
I-007096,O-02389,Wireless Mouse,Accessories,50,1
I-007097,O-02390,Noise Cancelling Headphones,Electronics,300,2
I-007098,O-02390,Monitor Stand,Accessories,75,2
I-007099,O-02390,Monitor Stand,Accessories,75,1
I-007100,O-02391,Noise Cancelling Headphones,Electronics,300,1
I-007101,O-02392,Mechanical Keyboard,Accessories,130,2
I-007102,O-02393,Office Chair,Furniture,250,3
I-007103,O-02393,Standing Desk,Furniture,600,1
I-007104,O-02394,Wireless Mouse,Accessories,50,1
I-007105,O-02394,Wireless Mouse,Accessories,50,3
I-007106,O-02394,Noise Cancelling Headphones,Electronics,300,2
I-007107,O-02395,4K Monitor,Electronics,400,2
I-007108,O-02395,Office Chair,Furniture,250,2
I-007109,O-02395,Webcam 1080p,Accessories,80,2
I-007110,O-02395,Webcam 1080p,Accessories,80,1
I-007111,O-02395,Noise Cancelling Headphones,Electronics,300,3
I-007112,O-02396,Mechanical Keyboard,Accessories,130,2
I-007113,O-02397,4K Monitor,Electronics,400,1
I-007114,O-02397,Mechanical Keyboard,Accessories,130,3
I-007115,O-02398,Laptop Pro,Electronics,1200,3
I-007116,O-02399,Mechanical Keyboard,Accessories,130,3
I-007117,O-02400,Webcam 1080p,Accessories,80,2
I-007118,O-02400,Wireless Mouse,Accessories,50,3
I-007119,O-02400,Wireless Mouse,Accessories,50,3
I-007120,O-02401,Laptop Pro,Electronics,1200,2
I-007121,O-02401,Webcam 1080p,Accessories,80,3
I-007122,O-02401,Office Chair,Furniture,250,2
I-007123,O-02401,Wireless Mouse,Accessories,50,3
I-007124,O-02402,Monitor Stand,Accessories,75,2
I-007125,O-02402,Webcam 1080p,Accessories,80,2
I-007126,O-02403,Noise Cancelling Headphones,Electronics,300,1
I-007127,O-02403,4K Monitor,Electronics,400,1
I-007128,O-02403,Standing Desk,Furniture,600,2
I-007129,O-02404,4K Monitor,Electronics,400,3
I-007130,O-02404,Wireless Mouse,Accessories,50,3
I-007131,O-02405,Standing Desk,Furniture,600,2
I-007132,O-02406,Noise Cancelling Headphones,Electronics,300,2
I-007133,O-02406,Noise Cancelling Headphones,Electronics,300,2
I-007134,O-02406,Office Chair,Furniture,250,2
I-007135,O-02407,4K Monitor,Electronics,400,2
I-007136,O-02407,Monitor Stand,Accessories,75,2
I-007137,O-02408,Wireless Mouse,Accessories,50,2
I-007138,O-02408,Laptop Pro,Electronics,1200,1
I-007139,O-02409,Webcam 1080p,Accessories,80,3
I-007140,O-02410,Noise Cancelling Headphones,Electronics,300,1
I-007141,O-02410,Noise Cancelling Headphones,Electronics,300,1
I-007142,O-02410,Webcam 1080p,Accessories,80,2
I-007143,O-02411,4K Monitor,Electronics,400,1
I-007144,O-02411,4K Monitor,Electronics,400,1
I-007145,O-02411,Laptop Pro,Electronics,1200,2
I-007146,O-02412,Standing Desk,Furniture,600,1
I-007147,O-02412,Laptop Pro,Electronics,1200,2
I-007148,O-02413,4K Monitor,Electronics,400,2
I-007149,O-02413,Webcam 1080p,Accessories,80,1
I-007150,O-02413,Wireless Mouse,Accessories,50,3
I-007151,O-02413,Laptop Pro,Electronics,1200,3
I-007152,O-02414,Standing Desk,Furniture,600,1
I-007153,O-02415,Mechanical Keyboard,Accessories,130,1
I-007154,O-02415,4K Monitor,Electronics,400,1
I-007155,O-02415,Laptop Pro,Electronics,1200,1
I-007156,O-02415,Webcam 1080p,Accessories,80,1
I-007157,O-02416,4K Monitor,Electronics,400,1
I-007158,O-02416,Monitor Stand,Accessories,75,3
I-007159,O-02416,Wireless Mouse,Accessories,50,1
I-007160,O-02416,Standing Desk,Furniture,600,3
I-007161,O-02417,4K Monitor,Electronics,400,2
I-007162,O-02417,4K Monitor,Electronics,400,1
I-007163,O-02418,Wireless Mouse,Accessories,50,3
I-007164,O-02418,Monitor Stand,Accessories,75,3
I-007165,O-02418,4K Monitor,Electronics,400,1
I-007166,O-02419,Wireless Mouse,Accessories,50,3
I-007167,O-02419,Wireless Mouse,Accessories,50,2
I-007168,O-02420,Standing Desk,Furniture,600,3
I-007169,O-02420,Wireless Mouse,Accessories,50,3
I-007170,O-02421,Wireless Mouse,Accessories,50,1
I-007171,O-02421,Office Chair,Furniture,250,2
I-007172,O-02421,Noise Cancelling Headphones,Electronics,300,1
I-007173,O-02421,Standing Desk,Furniture,600,1
I-007174,O-02421,Noise Cancelling Headphones,Electronics,300,1
I-007175,O-02422,Monitor Stand,Accessories,75,1
I-007176,O-02422,Mechanical Keyboard,Accessories,130,1
I-007177,O-02422,Webcam 1080p,Accessories,80,3
I-007178,O-02422,Mechanical Keyboard,Accessories,130,2
I-007179,O-02423,Mechanical Keyboard,Accessories,130,2
I-007180,O-02424,Mechanical Keyboard,Accessories,130,1
I-007181,O-02424,Webcam 1080p,Accessories,80,2
I-007182,O-02424,Standing Desk,Furniture,600,1
I-007183,O-02424,Noise Cancelling Headphones,Electronics,300,1
I-007184,O-02424,Noise Cancelling Headphones,Electronics,300,1
I-007185,O-02425,Wireless Mouse,Accessories,50,3
I-007186,O-02425,Monitor Stand,Accessories,75,1
I-007187,O-02425,Monitor Stand,Accessories,75,3
I-007188,O-02425,Noise Cancelling Headphones,Electronics,300,3
I-007189,O-02426,4K Monitor,Electronics,400,3
I-007190,O-02426,Wireless Mouse,Accessories,50,2
I-007191,O-02426,Laptop Pro,Electronics,1200,3
I-007192,O-02426,Noise Cancelling Headphones,Electronics,300,2
I-007193,O-02426,4K Monitor,Electronics,400,3
I-007194,O-02427,Noise Cancelling Headphones,Electronics,300,2
I-007195,O-02427,Mechanical Keyboard,Accessories,130,1
I-007196,O-02427,Office Chair,Furniture,250,1
I-007197,O-02428,Webcam 1080p,Accessories,80,3
I-007198,O-02428,Webcam 1080p,Accessories,80,1
I-007199,O-02429,Webcam 1080p,Accessories,80,3
I-007200,O-02429,Webcam 1080p,Accessories,80,1
I-007201,O-02430,Standing Desk,Furniture,600,2
I-007202,O-02431,Webcam 1080p,Accessories,80,3
I-007203,O-02431,Monitor Stand,Accessories,75,3
I-007204,O-02431,Webcam 1080p,Accessories,80,1
I-007205,O-02432,Wireless Mouse,Accessories,50,2
I-007206,O-02432,Webcam 1080p,Accessories,80,1
I-007207,O-02433,Wireless Mouse,Accessories,50,2
I-007208,O-02433,Noise Cancelling Headphones,Electronics,300,3
I-007209,O-02433,Webcam 1080p,Accessories,80,1
I-007210,O-02433,Monitor Stand,Accessories,75,2
I-007211,O-02434,Noise Cancelling Headphones,Electronics,300,3
I-007212,O-02434,4K Monitor,Electronics,400,2
I-007213,O-02435,Laptop Pro,Electronics,1200,3
I-007214,O-02435,4K Monitor,Electronics,400,1
I-007215,O-02436,Monitor Stand,Accessories,75,1
I-007216,O-02436,Noise Cancelling Headphones,Electronics,300,1
I-007217,O-02436,Office Chair,Furniture,250,2
I-007218,O-02437,Office Chair,Furniture,250,1
I-007219,O-02437,4K Monitor,Electronics,400,3
I-007220,O-02437,Office Chair,Furniture,250,3
I-007221,O-02438,Wireless Mouse,Accessories,50,2
I-007222,O-02438,Noise Cancelling Headphones,Electronics,300,1
I-007223,O-02438,Laptop Pro,Electronics,1200,2
I-007224,O-02439,Mechanical Keyboard,Accessories,130,2
I-007225,O-02440,Office Chair,Furniture,250,1
I-007226,O-02440,Noise Cancelling Headphones,Electronics,300,2
I-007227,O-02440,Mechanical Keyboard,Accessories,130,3
I-007228,O-02440,Monitor Stand,Accessories,75,2
I-007229,O-02441,Laptop Pro,Electronics,1200,3
I-007230,O-02441,Office Chair,Furniture,250,3
I-007231,O-02441,4K Monitor,Electronics,400,1
I-007232,O-02441,Noise Cancelling Headphones,Electronics,300,2
I-007233,O-02442,Monitor Stand,Accessories,75,3
I-007234,O-02443,Laptop Pro,Electronics,1200,2
I-007235,O-02443,4K Monitor,Electronics,400,2
I-007236,O-02443,Webcam 1080p,Accessories,80,2
I-007237,O-02444,Laptop Pro,Electronics,1200,3
I-007238,O-02444,Webcam 1080p,Accessories,80,2
I-007239,O-02444,Laptop Pro,Electronics,1200,3
I-007240,O-02445,4K Monitor,Electronics,400,2
I-007241,O-02445,Mechanical Keyboard,Accessories,130,2
I-007242,O-02446,Laptop Pro,Electronics,1200,1
I-007243,O-02446,Noise Cancelling Headphones,Electronics,300,1
I-007244,O-02447,Wireless Mouse,Accessories,50,1
I-007245,O-02447,Webcam 1080p,Accessories,80,3
I-007246,O-02447,4K Monitor,Electronics,400,3
I-007247,O-02448,Laptop Pro,Electronics,1200,1
I-007248,O-02448,Standing Desk,Furniture,600,3
I-007249,O-02448,Laptop Pro,Electronics,1200,1
I-007250,O-02448,Office Chair,Furniture,250,3
I-007251,O-02449,Webcam 1080p,Accessories,80,2
I-007252,O-02449,4K Monitor,Electronics,400,2
I-007253,O-02449,Mechanical Keyboard,Accessories,130,1
I-007254,O-02449,4K Monitor,Electronics,400,3
I-007255,O-02450,Mechanical Keyboard,Accessories,130,3
I-007256,O-02450,Laptop Pro,Electronics,1200,1
I-007257,O-02450,Monitor Stand,Accessories,75,1
I-007258,O-02450,Webcam 1080p,Accessories,80,2
I-007259,O-02450,Office Chair,Furniture,250,3
I-007260,O-02451,Standing Desk,Furniture,600,3
I-007261,O-02451,Laptop Pro,Electronics,1200,3
I-007262,O-02451,Webcam 1080p,Accessories,80,3
I-007263,O-02451,Standing Desk,Furniture,600,2
I-007264,O-02452,Monitor Stand,Accessories,75,3
I-007265,O-02452,Office Chair,Furniture,250,3
I-007266,O-02452,4K Monitor,Electronics,400,3
I-007267,O-02452,Wireless Mouse,Accessories,50,2
I-007268,O-02452,4K Monitor,Electronics,400,1
I-007269,O-02453,4K Monitor,Electronics,400,3
I-007270,O-02454,Office Chair,Furniture,250,3
I-007271,O-02454,Wireless Mouse,Accessories,50,3
I-007272,O-02454,Webcam 1080p,Accessories,80,2
I-007273,O-02454,Standing Desk,Furniture,600,1
I-007274,O-02455,Wireless Mouse,Accessories,50,1
I-007275,O-02455,Laptop Pro,Electronics,1200,3
I-007276,O-02456,Monitor Stand,Accessories,75,1
I-007277,O-02457,Mechanical Keyboard,Accessories,130,3
I-007278,O-02457,Monitor Stand,Accessories,75,3
I-007279,O-02457,Webcam 1080p,Accessories,80,2
I-007280,O-02458,Mechanical Keyboard,Accessories,130,2
I-007281,O-02458,Standing Desk,Furniture,600,3
I-007282,O-02458,Laptop Pro,Electronics,1200,2
I-007283,O-02459,Office Chair,Furniture,250,2
I-007284,O-02459,Mechanical Keyboard,Accessories,130,3
I-007285,O-02459,Standing Desk,Furniture,600,2
I-007286,O-02459,Mechanical Keyboard,Accessories,130,3
I-007287,O-02460,Webcam 1080p,Accessories,80,2
I-007288,O-02460,Noise Cancelling Headphones,Electronics,300,2
I-007289,O-02460,Laptop Pro,Electronics,1200,2
I-007290,O-02460,Noise Cancelling Headphones,Electronics,300,3
I-007291,O-02461,Office Chair,Furniture,250,2
I-007292,O-02462,Laptop Pro,Electronics,1200,1
I-007293,O-02463,Office Chair,Furniture,250,3
I-007294,O-02463,Wireless Mouse,Accessories,50,3
I-007295,O-02463,Wireless Mouse,Accessories,50,2
I-007296,O-02464,4K Monitor,Electronics,400,2
I-007297,O-02464,4K Monitor,Electronics,400,1
I-007298,O-02464,Webcam 1080p,Accessories,80,1
I-007299,O-02465,4K Monitor,Electronics,400,3
I-007300,O-02465,Wireless Mouse,Accessories,50,2
I-007301,O-02465,Standing Desk,Furniture,600,3
I-007302,O-02465,Office Chair,Furniture,250,2
I-007303,O-02465,Wireless Mouse,Accessories,50,3
I-007304,O-02466,Wireless Mouse,Accessories,50,2
I-007305,O-02467,Wireless Mouse,Accessories,50,1
I-007306,O-02468,Monitor Stand,Accessories,75,2
I-007307,O-02468,Wireless Mouse,Accessories,50,3
I-007308,O-02468,Office Chair,Furniture,250,2
I-007309,O-02468,Webcam 1080p,Accessories,80,3
I-007310,O-02469,Noise Cancelling Headphones,Electronics,300,2
I-007311,O-02469,Noise Cancelling Headphones,Electronics,300,2
I-007312,O-02469,Standing Desk,Furniture,600,3
I-007313,O-02469,4K Monitor,Electronics,400,2
I-007314,O-02469,Monitor Stand,Accessories,75,1
I-007315,O-02470,Webcam 1080p,Accessories,80,2
I-007316,O-02470,Standing Desk,Furniture,600,3
I-007317,O-02470,Noise Cancelling Headphones,Electronics,300,1
I-007318,O-02471,Standing Desk,Furniture,600,2
I-007319,O-02471,Noise Cancelling Headphones,Electronics,300,3
I-007320,O-02471,Noise Cancelling Headphones,Electronics,300,1
I-007321,O-02472,4K Monitor,Electronics,400,3
I-007322,O-02472,4K Monitor,Electronics,400,2
I-007323,O-02472,Office Chair,Furniture,250,2
I-007324,O-02472,4K Monitor,Electronics,400,3
I-007325,O-02473,Office Chair,Furniture,250,1
I-007326,O-02473,4K Monitor,Electronics,400,3
I-007327,O-02473,Office Chair,Furniture,250,3
I-007328,O-02473,Monitor Stand,Accessories,75,3
I-007329,O-02474,Wireless Mouse,Accessories,50,3
I-007330,O-02474,Office Chair,Furniture,250,2
I-007331,O-02474,4K Monitor,Electronics,400,3
I-007332,O-02474,Mechanical Keyboard,Accessories,130,1
I-007333,O-02474,Wireless Mouse,Accessories,50,3
I-007334,O-02475,4K Monitor,Electronics,400,1
I-007335,O-02475,Noise Cancelling Headphones,Electronics,300,1
I-007336,O-02475,4K Monitor,Electronics,400,1
I-007337,O-02475,Webcam 1080p,Accessories,80,3
I-007338,O-02475,Laptop Pro,Electronics,1200,2
I-007339,O-02476,Laptop Pro,Electronics,1200,2
I-007340,O-02476,Wireless Mouse,Accessories,50,1
I-007341,O-02477,Office Chair,Furniture,250,3
I-007342,O-02477,Webcam 1080p,Accessories,80,3
I-007343,O-02477,Mechanical Keyboard,Accessories,130,2
I-007344,O-02477,Wireless Mouse,Accessories,50,2
I-007345,O-02478,Mechanical Keyboard,Accessories,130,1
I-007346,O-02478,4K Monitor,Electronics,400,1
I-007347,O-02478,Noise Cancelling Headphones,Electronics,300,1
I-007348,O-02479,Laptop Pro,Electronics,1200,2
I-007349,O-02480,Monitor Stand,Accessories,75,3
I-007350,O-02480,Office Chair,Furniture,250,1
I-007351,O-02480,Webcam 1080p,Accessories,80,1
I-007352,O-02480,Wireless Mouse,Accessories,50,1
I-007353,O-02480,4K Monitor,Electronics,400,3
I-007354,O-02481,Laptop Pro,Electronics,1200,2
I-007355,O-02481,Noise Cancelling Headphones,Electronics,300,2
I-007356,O-02481,Wireless Mouse,Accessories,50,2
I-007357,O-02482,Mechanical Keyboard,Accessories,130,3
I-007358,O-02482,4K Monitor,Electronics,400,2
I-007359,O-02482,Wireless Mouse,Accessories,50,3
I-007360,O-02483,Webcam 1080p,Accessories,80,3
I-007361,O-02483,Mechanical Keyboard,Accessories,130,3
I-007362,O-02483,Monitor Stand,Accessories,75,1
I-007363,O-02483,Noise Cancelling Headphones,Electronics,300,1
I-007364,O-02484,Standing Desk,Furniture,600,3
I-007365,O-02484,Mechanical Keyboard,Accessories,130,2
I-007366,O-02484,Wireless Mouse,Accessories,50,2
I-007367,O-02485,Wireless Mouse,Accessories,50,1
I-007368,O-02485,Laptop Pro,Electronics,1200,1
I-007369,O-02485,Webcam 1080p,Accessories,80,2
I-007370,O-02485,Mechanical Keyboard,Accessories,130,1
I-007371,O-02486,Noise Cancelling Headphones,Electronics,300,3
I-007372,O-02486,Wireless Mouse,Accessories,50,3
I-007373,O-02487,Laptop Pro,Electronics,1200,2
I-007374,O-02487,Office Chair,Furniture,250,2
I-007375,O-02488,Wireless Mouse,Accessories,50,1
I-007376,O-02488,Monitor Stand,Accessories,75,2
I-007377,O-02488,4K Monitor,Electronics,400,1
I-007378,O-02489,Standing Desk,Furniture,600,3
I-007379,O-02489,Monitor Stand,Accessories,75,2
I-007380,O-02489,Standing Desk,Furniture,600,3
I-007381,O-02489,Standing Desk,Furniture,600,1
I-007382,O-02490,Mechanical Keyboard,Accessories,130,3
I-007383,O-02491,Standing Desk,Furniture,600,2
I-007384,O-02491,Webcam 1080p,Accessories,80,2
I-007385,O-02491,4K Monitor,Electronics,400,3
I-007386,O-02492,Wireless Mouse,Accessories,50,3
I-007387,O-02493,4K Monitor,Electronics,400,2
I-007388,O-02494,Webcam 1080p,Accessories,80,2
I-007389,O-02494,Laptop Pro,Electronics,1200,1
I-007390,O-02494,Office Chair,Furniture,250,2
I-007391,O-02494,Webcam 1080p,Accessories,80,1
I-007392,O-02495,Office Chair,Furniture,250,2
I-007393,O-02495,Noise Cancelling Headphones,Electronics,300,1
I-007394,O-02496,Wireless Mouse,Accessories,50,2
I-007395,O-02496,4K Monitor,Electronics,400,2
I-007396,O-02497,Monitor Stand,Accessories,75,1
I-007397,O-02497,Mechanical Keyboard,Accessories,130,1
I-007398,O-02497,Monitor Stand,Accessories,75,1
I-007399,O-02497,Noise Cancelling Headphones,Electronics,300,1
I-007400,O-02498,Webcam 1080p,Accessories,80,2
I-007401,O-02498,4K Monitor,Electronics,400,3
I-007402,O-02498,Office Chair,Furniture,250,1
I-007403,O-02498,Wireless Mouse,Accessories,50,1
I-007404,O-02498,Wireless Mouse,Accessories,50,1
I-007405,O-02499,Office Chair,Furniture,250,1
I-007406,O-02500,Office Chair,Furniture,250,1
I-007407,O-02500,Mechanical Keyboard,Accessories,130,3